инструмент,выход,паттерн,фильтр,выбор_n,выбор_до,выбор_нетто,выбор_t,проверка_n,проверка_до,проверка_нетто,проверка_t,лет_в_плюсе
silver,10:2:1.5:1,импульс 1/1.5,все,1196,0.003503655235281917,-0.03649634476471809,-1.537849484231827,1008,0.03887688123269103,-0.0011231187673089778,-0.029742380401589632,2/6
silver,10:2:1.5:1,импульс 1/1.5,выс. волат.,611,-0.01596616771759041,-0.05596616771759041,-1.4152010502838221,564,0.041005304347125175,0.0010053043471251785,0.016931072823019252,2/6
silver,10:2:1.5:1,импульс 1/1.5,по тренду,481,-0.006938267769353776,-0.04693826776935379,-1.523266655395442,414,0.1159527473584065,0.07595274735840651,1.0734341101209128,4/6
silver,10:2:1.5:1,импульс 1/1.5,оба,227,-0.06663508532018304,-0.10663508532018305,-2.135929697375082,223,0.11864015758095967,0.07864015758095967,0.6581283791122404,4/6
silver,10:2:1.5:1,импульс 1/1.5 разв,все,1227,-0.006367069362967648,-0.046367069362967646,-2.271264491100066,1031,-0.04150453964028973,-0.08150453964028974,-2.3912367502609664,0/6
silver,10:2:1.5:1,импульс 1/1.5 разв,выс. волат.,625,-0.006587491865304043,-0.04658749186530406,-1.3875233220471341,570,-0.016097059896198765,-0.05609705989619877,-1.0377469815449483,2/6
silver,10:2:1.5:1,импульс 1/1.5 разв,по тренду,400,0.014241088831049709,-0.025758911168950287,-0.8343414450962245,387,-0.02165506062068802,-0.06165506062068803,-1.3394603414392936,1/6
silver,10:2:1.5:1,импульс 1/1.5 разв,оба,184,0.017113607980179923,-0.022886392019820095,-0.4640963269813322,213,-0.03992405409575301,-0.07992405409575305,-1.165804562912062,1/6
silver,10:2:1.5:1,импульс 1/2.5,все,252,0.05107063481034644,0.011070634810346456,0.18063537088848636,222,-0.08709678199144638,-0.1270967819914464,-1.6036325480121376,1/6
silver,10:2:1.5:1,импульс 1/2.5,выс. волат.,153,0.0596914438308597,0.0196914438308597,0.21394810427224797,145,-0.09965418248872414,-0.13965418248872413,-1.2604771327430384,1/6
silver,10:2:1.5:1,импульс 1/2.5,по тренду,92,0.0882139013505208,0.048213901350520796,0.7185433213565587,87,-0.08577464222783109,-0.1257746422278311,-0.9304859269328425,2/6
silver,10:2:1.5:1,импульс 1/2.5,оба,58,0.0730799194306899,0.03307991943068988,0.3675451358258576,57,-0.12250088981243996,-0.16250088981243996,-0.8541120972940403,3/6
silver,10:2:1.5:1,импульс 1/2.5 разв,все,253,-0.06344265134534188,-0.10344265134534192,-2.0869857458356322,222,-0.018104953564732035,-0.058104953564732054,-0.8982215068070751,2/6
silver,10:2:1.5:1,импульс 1/2.5 разв,выс. волат.,155,-0.09623813519801805,-0.13623813519801806,-1.9679981541955742,145,-0.01908306463277277,-0.05908306463277279,-0.6682999158543004,2/6
silver,10:2:1.5:1,импульс 1/2.5 разв,по тренду,68,0.03725222290668306,-0.002747777093316963,-0.030732082708494056,72,0.13819585866152206,0.09819585866152207,0.9275802048294228,4/6
silver,10:2:1.5:1,импульс 1/2.5 разв,оба,41,0.10818385303463375,0.06818385303463373,0.5327618079664885,49,0.17457472972157606,0.13457472972157603,1.011568366400811,4/6
silver,10:2:1.5:1,импульс 3/2.0,все,1513,-0.009960814877662002,-0.04996081487766202,-2.425971164701383,1326,0.01857412755581738,-0.021425872444182634,-0.6902360167035776,2/6
silver,10:2:1.5:1,импульс 3/2.0,выс. волат.,777,0.0035759206338902986,-0.03642407936610973,-1.0337316093626379,749,-0.0019855339511415373,-0.04198553395114156,-0.8744231174874171,2/6
silver,10:2:1.5:1,импульс 3/2.0,по тренду,756,-0.001779484896850861,-0.04177948489685088,-1.576047654715009,703,0.0653752819720882,0.02537528197208818,0.528464794876736,2/6
silver,10:2:1.5:1,импульс 3/2.0,оба,392,-0.008362642631556004,-0.04836264263155602,-1.1263555175129039,426,0.015099168328827994,-0.024900831671172026,-0.3514960183627821,3/6
silver,10:2:1.5:1,импульс 3/2.0 разв,все,1515,-0.018233099178127266,-0.05823309917812728,-3.085147191620578,1345,-0.059914380277015344,-0.09991438027701537,-3.596704540999252,0/6
silver,10:2:1.5:1,импульс 3/2.0 разв,выс. волат.,781,-0.04581997014815589,-0.08581997014815591,-2.765337536142007,770,-0.05575486232979811,-0.09575486232979812,-2.287552925942402,1/6
silver,10:2:1.5:1,импульс 3/2.0 разв,по тренду,407,0.003297937251377899,-0.03670206274862211,-1.2178539783138336,398,-0.017836535817170533,-0.057836535817170555,-1.3595025246643742,1/6
silver,10:2:1.5:1,импульс 3/2.0 разв,оба,193,0.04250010629049385,0.0025001062904938453,0.05070282321116666,216,-0.06417228068088751,-0.10417228068088755,-1.7216072821049893,2/6
silver,10:2:1.5:1,импульс 3/3.0,все,468,0.04351653031071225,0.0035165303107122293,0.08976112561431963,399,-0.04851435309587972,-0.08851435309587975,-1.6159337929039579,2/6
silver,10:2:1.5:1,импульс 3/3.0,выс. волат.,288,0.0945594504324519,0.05455945043245188,0.9551635861851917,278,-0.09025240358292086,-0.1302524035829209,-1.8719890042030747,3/6
silver,10:2:1.5:1,импульс 3/3.0,по тренду,287,0.01543062614704419,-0.024569373852955823,-0.6378019900231231,254,-0.03891430539221466,-0.07891430539221465,-1.1971049189178704,2/6
silver,10:2:1.5:1,импульс 3/3.0,оба,180,0.02473179053316856,-0.015268209466831464,-0.29604112843464514,176,-0.06727157221015986,-0.10727157221015986,-1.3294445497118619,2/6
silver,10:2:1.5:1,импульс 3/3.0 разв,все,485,-0.08159562721698073,-0.12159562721698074,-3.6848008967254784,411,-0.009662532649857166,-0.049662532649857156,-0.9399514766235478,2/6
silver,10:2:1.5:1,импульс 3/3.0 разв,выс. волат.,295,-0.14294825697911803,-0.18294825697911807,-3.91070384095315,285,-0.024752722928807924,-0.06475272292880793,-1.0497849819109952,2/6
silver,10:2:1.5:1,импульс 3/3.0 разв,по тренду,87,0.11615355818081623,0.07615355818081623,1.0872736319301466,90,-0.05445712275297075,-0.09445712275297075,-1.0703895947983457,1/6
silver,10:2:1.5:1,импульс 3/3.0 разв,оба,49,0.11957299838576844,0.07957299838576844,0.8451307238012641,65,-0.03663545811544304,-0.07663545811544302,-0.7178344662837662,2/6
silver,10:2:1.5:1,импульс 6/3.0,все,878,0.03347671159860043,-0.006523288401399579,-0.22157058360082427,818,0.0392703312226947,-0.0007296687773053064,-0.017001184197405216,5/6
silver,10:2:1.5:1,импульс 6/3.0,выс. волат.,525,0.038810167823824196,-0.0011898321761758064,-0.02705667057168102,509,0.02154826947399631,-0.018451730526003695,-0.2969007182169867,3/6
silver,10:2:1.5:1,импульс 6/3.0,по тренду,547,0.05818632150747054,0.01818632150747053,0.5554164083219875,576,0.040968139115810875,0.0009681391158108615,0.018373570736590142,3/6
silver,10:2:1.5:1,импульс 6/3.0,оба,333,0.035368317123380406,-0.004631682876619609,-0.09921206708822687,368,0.016376001144703747,-0.02362399885529628,-0.31256291051969587,2/6
silver,10:2:1.5:1,импульс 6/3.0 разв,все,915,-0.039251703846380936,-0.07925170384638096,-3.265119359208899,864,-0.042658309244571896,-0.08265830924457189,-2.2285636844295227,0/6
silver,10:2:1.5:1,импульс 6/3.0 разв,выс. волат.,542,-0.0549890350208425,-0.09498903502084252,-2.6003443865315803,534,-0.025259706844961417,-0.06525970684496145,-1.220080170047689,2/6
silver,10:2:1.5:1,импульс 6/3.0 разв,по тренду,131,0.06813805684244816,0.028138056842448144,0.6385924315081076,130,-0.027885326840908428,-0.06788532684090842,-1.0053722660079445,4/6
silver,10:2:1.5:1,импульс 6/3.0 разв,оба,61,0.09733945705938536,0.05733945705938534,0.8402870675084418,82,0.0074266985629700185,-0.032573301437029974,-0.35855009475754074,3/6
silver,10:2:1.5:1,импульс 6/4.0,все,308,0.051635370927006714,0.011635370927006713,0.2119923767889087,261,-0.0030456571631908374,-0.04304565716319086,-0.7222925916710499,3/6
silver,10:2:1.5:1,импульс 6/4.0,выс. волат.,218,0.06962975052129115,0.029629750521291128,0.4138504213631401,186,-0.037844453793537826,-0.07784445379353784,-1.103144231043902,2/6
silver,10:2:1.5:1,импульс 6/4.0,по тренду,214,0.03339288479207809,-0.006607115207921931,-0.13208096018505877,208,0.04654270277924145,0.0065427027792414345,0.10252142753857027,3/6
silver,10:2:1.5:1,импульс 6/4.0,оба,155,0.028974067734848112,-0.011025932265151916,-0.18337051685976694,145,0.028041716369703946,-0.01195828363029608,-0.15934720991247678,4/6
silver,10:2:1.5:1,импульс 6/4.0 разв,все,331,-0.05437161261380485,-0.09437161261380486,-2.0140686020006817,287,0.01294963956699803,-0.027050360433001987,-0.44100465743000705,2/6
silver,10:2:1.5:1,импульс 6/4.0 разв,выс. волат.,234,-0.09897885511868543,-0.13897885511868546,-2.2443980789827123,201,0.0027401682064482715,-0.03725983179355175,-0.47399225481729196,2/6
silver,10:2:1.5:1,импульс 6/4.0 разв,по тренду,24,0.22250527215464724,0.18250527215464726,1.3701227805512357,29,-0.07267996847622109,-0.11267996847622111,-0.7307497590414356,3/6
silver,10:2:1.5:1,импульс 6/4.0 разв,оба,16,0.30946342789359826,0.26946342789359823,1.4654744338146957,17,-0.25553236960966985,-0.2955323696096699,-1.2962408413498376,2/6
silver,10:2:1.5:1,серия 3,все,1634,-0.021426939870891535,-0.06142693987089155,-3.2021921324493565,1539,-0.022732324493372653,-0.06273232449337267,-2.2910654000797512,2/6
silver,10:2:1.5:1,серия 3,выс. волат.,798,-0.027060397466916776,-0.06706039746691679,-2.038856432903504,798,-0.04347862141790773,-0.08347862141790774,-1.923159908044095,2/6
silver,10:2:1.5:1,серия 3,по тренду,745,0.018295404016748593,-0.021704595983251425,-0.8046652395146202,736,0.08080065280177616,0.04080065280177614,1.0052299997190892,4/6
silver,10:2:1.5:1,серия 3,оба,354,-0.010920158154023649,-0.05092015815402367,-1.1661555800322714,395,0.06325924200078238,0.02325924200078236,0.3845843895456685,2/6
silver,10:2:1.5:1,пробой 24,все,1466,-0.007052619777258745,-0.04705261977725877,-2.0448995326754917,1412,-0.003230605114026111,-0.043230605114026134,-1.478655222539647,1/6
silver,10:2:1.5:1,пробой 24,выс. волат.,790,-0.0034210912147730568,-0.04342109121477307,-1.1741832964410615,824,-0.002344503188166463,-0.042344503188166474,-0.9916692351145631,2/6
silver,10:2:1.5:1,пробой 24,по тренду,895,0.0012917801309693631,-0.03870821986903065,-1.4253894757544852,945,0.0184153649861623,-0.021584635013837714,-0.5683584701099003,2/6
silver,10:2:1.5:1,пробой 24,оба,462,-0.02700465489787844,-0.06700465489787846,-1.4968333846083046,542,0.024188238038055972,-0.015811761961944035,-0.27896248422337305,2/6
silver,10:2:1.5:1,пробой 24 сжатие,все,1221,-0.009790214435611797,-0.0497902144356118,-2.0521373623976764,1130,-0.002837725160726756,-0.04283772516072676,-1.2971888032094157,1/6
silver,10:2:1.5:1,пробой 24 сжатие,выс. волат.,667,0.0015888103557167277,-0.038411189644283285,-1.0076064165404301,681,-0.017960305194784067,-0.05796030519478408,-1.2440272206996255,0/6
silver,10:2:1.5:1,пробой 24 сжатие,по тренду,719,0.023187756531723672,-0.016812243468276346,-0.5367192170738122,728,0.020131926805852844,-0.019868073194147167,-0.44188914716986516,2/6
silver,10:2:1.5:1,пробой 24 сжатие,оба,375,0.017324608736418726,-0.022675391263581285,-0.4361514758040418,429,-0.0019405579004240937,-0.0419405579004241,-0.6358659278448837,3/6
silver,10:2:1.5:1,пробой 72,все,822,0.03077122504685502,-0.009228774953144989,-0.28130478692404254,810,0.011146768232274564,-0.02885323176772546,-0.7081655502721078,3/6
silver,10:2:1.5:1,пробой 72,выс. волат.,489,0.008287294562771238,-0.03171270543722876,-0.640598294848427,516,0.04175653844907183,0.0017565384490717995,0.03096287347402611,3/6
silver,10:2:1.5:1,пробой 72,по тренду,576,0.011653278199038029,-0.02834672180096199,-0.8131181154359934,631,0.03395484318588966,-0.00604515681411034,-0.12770730679052872,3/6
silver,10:2:1.5:1,пробой 72,оба,336,-0.04673076464628018,-0.0867307646462802,-1.7056553154520409,395,0.07174447133542701,0.031744471335426995,0.47270818109929513,3/6
silver,10:2:1.5:1,пробой 72 сжатие,все,181,-0.05940320905642354,-0.09940320905642357,-1.5908231135205362,163,0.05622075842422712,0.01622075842422713,0.20334637736970101,2/6
silver,10:2:1.5:1,пробой 72 сжатие,выс. волат.,135,-0.036473470092197605,-0.07647347009219763,-0.9744487979769342,132,0.024704578617644624,-0.015295421382355387,-0.1688186221000334,2/6
silver,10:2:1.5:1,пробой 72 сжатие,по тренду,144,0.02453079034561905,-0.015469209654380965,-0.2048690775242975,121,-0.03491254884268713,-0.07491254884268712,-0.8382594593198927,2/6
silver,10:2:1.5:1,пробой 72 сжатие,оба,108,0.028847295285565948,-0.01115270471443404,-0.11760428667832587,100,-0.0290390098703917,-0.0690390098703917,-0.6672692520005205,2/6
silver,10:2:1.5:1,откат в тренде,все,1449,0.022872265395267974,-0.017127734604732034,-1.0951198615271203,1416,0.029428419947335648,-0.010571580052664373,-0.3937875746237273,3/6
silver,10:2:1.5:1,откат в тренде,выс. волат.,656,0.0227154675287093,-0.017284532471290713,-0.6916615947423072,709,-0.011711885721729032,-0.05171188572172906,-1.1897526984492872,1/6
silver,10:2:1.5:1,откат в тренде,по тренду,1449,0.022872265395267974,-0.017127734604732034,-1.0951198615271203,1416,0.029428419947335648,-0.010571580052664373,-0.3937875746237273,3/6
silver,10:2:1.5:1,откат в тренде,оба,656,0.0227154675287093,-0.017284532471290713,-0.6916615947423072,709,-0.011711885721729032,-0.05171188572172906,-1.1897526984492872,1/6
silver,10:2:1.5:1,растяжение 2.5,все,930,-0.04085419600143779,-0.0808541960014378,-3.0663389068420734,841,-0.026014561554143653,-0.06601456155414367,-1.7114240492694162,2/6
silver,10:2:1.5:1,растяжение 2.5,выс. волат.,542,-0.05975344904087448,-0.0997534490408745,-2.479630420408293,518,-0.015180656076179902,-0.0551806560761799,-0.9968381550879231,1/6
silver,10:2:1.5:1,растяжение 2.5,по тренду,49,0.12886741914731634,0.08886741914731633,0.8819338578083687,52,0.06503375367561168,0.025033753675611684,0.20637663537967801,3/6
silver,10:2:1.5:1,растяжение 2.5,оба,26,0.1587913099626904,0.11879130996269036,0.7524996740402073,37,0.018659940797188152,-0.021340059202811845,-0.13578437377440095,2/6
silver,10:2:1.5:1,растяжение 3.5,все,287,-0.11949580582943851,-0.15949580582943856,-2.980287440231599,228,-0.02783161273945238,-0.0678316127394524,-0.7419906904388373,2/6
silver,10:2:1.5:1,растяжение 3.5,выс. волат.,200,-0.12615842607008942,-0.1661584260700894,-2.3204607674793087,167,-0.095372498165494,-0.13537249816549402,-1.2121957345667744,2/6
silver,10:2:1.5:1,растяжение 3.5,по тренду,9,0.25467306233409853,0.21467306233409852,0.7401311303655128,12,0.2182553323112916,0.17825533231129165,0.6740061237635258,3/4
silver,10:2:1.5:1,растяжение 3.5,оба,7,0.3429018365317434,0.30290183653174335,0.8383628340070457,10,0.14602485769225493,0.10602485769225493,0.3388105535799262,3/4
silver,10:2:1.5:1,по тренду,все,3517,0.001596743043590288,-0.03840325695640972,-3.308308268959025,3148,0.023463169242016104,-0.016536830757983904,-0.849865616605549,2/6
silver,10:2:1.5:1,по тренду,выс. волат.,1962,-0.011264887090821104,-0.051264887090821123,-3.0397027537329047,1880,0.009559486556485485,-0.030440513443514533,-1.0764757678332852,2/6
silver,10:2:1.5:1,"по тренду, EMA20",все,3142,-0.007425179466305448,-0.047425179466305464,-3.904789644356252,2845,0.022216062581128217,-0.0177839374188718,-0.8563387849386918,1/6
silver,10:2:1.5:1,"по тренду, EMA20",выс. волат.,1744,-0.028176693888177534,-0.06817669388817754,-3.8296099778339543,1670,0.02676587448708984,-0.01323412551291017,-0.4329653542328035,2/6
silver,10:2:1.5:1,"по тренду, EMA50",все,3276,-0.0028283679391026854,-0.042828367939102704,-3.5972024836563685,2945,0.027072062164339602,-0.012927937835660415,-0.6326789499807006,1/6
silver,10:2:1.5:1,"по тренду, EMA50",выс. волат.,1824,-0.03196254470116183,-0.07196254470116184,-4.153567661778031,1739,0.027935961004544447,-0.012064038995455566,-0.40589008607900223,2/6
gold,10:2:1.5:1,импульс 1/1.5,все,1242,-0.019845786420823113,-0.05984578642082313,-5.39622393834896,1103,0.0034896684420995527,-0.036510331557900455,-2.4312159785282588,1/6
gold,10:2:1.5:1,импульс 1/1.5,выс. волат.,645,-0.03501493263718648,-0.07501493263718649,-4.3513233191911755,607,0.00869979506513843,-0.031300204934861575,-1.3565142162584636,1/6
gold,10:2:1.5:1,импульс 1/1.5,по тренду,529,-0.005749155339826374,-0.04574915533982637,-2.5284758221798844,471,0.006478050192902642,-0.03352194980709736,-1.5236457288897507,2/6
gold,10:2:1.5:1,импульс 1/1.5,оба,252,-0.0001102834508258531,-0.04011028345082586,-1.30908426074794,249,0.0023204714429654015,-0.0376795285570346,-1.10393932295084,3/6
gold,10:2:1.5:1,импульс 1/1.5 разв,все,1248,-0.005265505425287418,-0.04526550542528742,-4.020853206361806,1108,-0.00450983495038438,-0.04450983495038438,-3.138804414150815,0/6
gold,10:2:1.5:1,импульс 1/1.5 разв,выс. волат.,642,-0.0023532742864474693,-0.04235327428644747,-2.3843923213211227,604,-0.012746735331183501,-0.052746735331183514,-2.4284026129112215,1/6
gold,10:2:1.5:1,импульс 1/1.5 разв,по тренду,413,0.002623122984359102,-0.037376877015640894,-2.0274790683830357,426,0.009825792669441464,-0.030174207330558537,-1.3430793917607242,2/6
gold,10:2:1.5:1,импульс 1/1.5 разв,оба,207,0.0028595835003664663,-0.037140416499633545,-1.2825116506845773,217,-0.008864663828021755,-0.048864663828021765,-1.372087014453468,2/6
gold,10:2:1.5:1,импульс 1/2.5,все,267,0.021942310761032115,-0.01805768923896787,-0.6220333372277561,242,-0.020936115799118478,-0.06093611579911849,-1.7950055959703677,1/6
gold,10:2:1.5:1,импульс 1/2.5,выс. волат.,164,0.03641421081516426,-0.0035857891848357516,-0.08566411011663747,164,0.012868431816041628,-0.02713156818395838,-0.6136221397808305,2/6
gold,10:2:1.5:1,импульс 1/2.5,по тренду,104,0.06772009427308331,0.02772009427308331,0.5084862043278441,110,-0.06470035801354154,-0.10470035801354152,-2.339268859964339,0/6
gold,10:2:1.5:1,импульс 1/2.5,оба,61,0.12069121033565682,0.08069121033565682,0.9955589607010452,71,-0.01703450424814476,-0.057034504248144755,-0.940329991390459,2/6
gold,10:2:1.5:1,импульс 1/2.5 разв,все,269,-0.029965001316233246,-0.06996500131623325,-2.6086218997622552,240,0.03844955282939952,-0.0015504471706004979,-0.047456469767006584,3/6
gold,10:2:1.5:1,импульс 1/2.5 разв,выс. волат.,164,-0.06716750984522694,-0.10716750984522697,-2.8478579867264107,161,-0.007447784715830505,-0.04744778471583053,-1.1392807631352053,2/6
gold,10:2:1.5:1,импульс 1/2.5 разв,по тренду,84,-0.01622299863317217,-0.056222998633172185,-1.2752481535029654,77,0.04122100302949698,0.0012210030294969722,0.021907954504296053,3/6
gold,10:2:1.5:1,импульс 1/2.5 разв,оба,54,-0.02228881919350923,-0.06228881919350923,-1.0818702698418088,51,-0.030151084093640233,-0.07015108409364025,-1.1428839865363247,2/6
gold,10:2:1.5:1,импульс 3/2.0,все,1622,-0.009026180313508908,-0.04902618031350891,-5.001961919361329,1478,0.0012458041292700093,-0.03875419587073,-2.9018474992294827,0/6
gold,10:2:1.5:1,импульс 3/2.0,выс. волат.,864,-0.03133724501793375,-0.07133724501793376,-4.737938128044865,822,0.011870610300241953,-0.02812938969975806,-1.37663661705453,1/6
gold,10:2:1.5:1,импульс 3/2.0,по тренду,833,0.019374089686949703,-0.020625910313050312,-1.4618876822717415,779,-0.011697608749628512,-0.05169760874962852,-3.0111465848553687,0/6
gold,10:2:1.5:1,импульс 3/2.0,оба,449,0.0027381651696018225,-0.03726183483039819,-1.7525137154484167,433,-0.018613643990539833,-0.05861364399053984,-2.2708015094532534,0/6
gold,10:2:1.5:1,импульс 3/2.0 разв,все,1644,-0.01192682393617474,-0.05192682393617474,-5.461409547540964,1487,0.007220885986873411,-0.032779114013126595,-2.642484632418724,0/6
gold,10:2:1.5:1,импульс 3/2.0 разв,выс. волат.,866,-0.009254273425765036,-0.04925427342576504,-3.3273246024126384,833,0.01814425900946272,-0.021855740990537286,-1.1383084119620477,1/6
gold,10:2:1.5:1,импульс 3/2.0 разв,по тренду,470,-0.014098041428466488,-0.05409804142846649,-3.2750746234181185,452,0.002119595038878905,-0.037880404961121106,-1.8755799355023335,1/6
gold,10:2:1.5:1,импульс 3/2.0 разв,оба,240,-0.021156934681654537,-0.061156934681654535,-2.4079745825851817,226,-0.012835979889535522,-0.05283597988953552,-1.661504612450572,2/6
gold,10:2:1.5:1,импульс 3/3.0,все,515,-0.009254719970987594,-0.04925471997098759,-2.4765407993323856,464,-0.01617660275859191,-0.056176602758591924,-2.2347560993379654,1/6
gold,10:2:1.5:1,импульс 3/3.0,выс. волат.,328,-0.014826418443547634,-0.054826418443547645,-1.958715141325275,290,0.01974589494662552,-0.020254105053374487,-0.5656434458904598,2/6
gold,10:2:1.5:1,импульс 3/3.0,по тренду,317,0.014784452284502897,-0.02521554771549711,-0.9547734709906037,283,-0.03424541727606458,-0.07424541727606458,-2.4988430454216926,0/6
gold,10:2:1.5:1,импульс 3/3.0,оба,201,0.015931024380039276,-0.024068975619960725,-0.640434394101664,180,-0.0122567434692429,-0.052256743469242896,-1.3181327842656454,1/6
gold,10:2:1.5:1,импульс 3/3.0 разв,все,526,-0.038005967656242534,-0.07800596765624253,-4.551413320064477,471,0.03096932107242699,-0.009030678927573015,-0.4172052197211232,2/6
gold,10:2:1.5:1,импульс 3/3.0 разв,выс. волат.,328,-0.0495137400858513,-0.08951374008585129,-3.81760058702313,298,0.0013858481630182053,-0.038614151836981796,-1.2947197976144906,1/6
gold,10:2:1.5:1,импульс 3/3.0 разв,по тренду,117,-0.035788587947014075,-0.07578858794701407,-2.231562743851685,106,0.036782669306958365,-0.003217330693041637,-0.07665403047057935,2/6
gold,10:2:1.5:1,импульс 3/3.0 разв,оба,77,-0.03204729853352311,-0.0720472985335231,-1.6434670777795428,62,-0.011961794658308742,-0.051961794658308774,-0.9126551560617554,2/6
gold,10:2:1.5:1,импульс 6/3.0,все,1011,0.0015718940119280908,-0.03842810598807191,-3.063708444551112,929,-0.0060901217888603655,-0.04609012178886038,-2.649655101902184,1/6
gold,10:2:1.5:1,импульс 6/3.0,выс. волат.,601,-0.015178460521605758,-0.05517846052160577,-3.1433963422924474,552,0.003120351565359665,-0.03687964843464033,-1.4372241598062234,0/6
gold,10:2:1.5:1,импульс 6/3.0,по тренду,662,0.02924862488853545,-0.010751375111464552,-0.6733967422462542,626,-0.008837271158682117,-0.04883727115868212,-2.551625768296215,1/6
gold,10:2:1.5:1,импульс 6/3.0,оба,391,0.018701614004591513,-0.021298385995408498,-0.9467863871844476,363,0.009541292745739217,-0.030458707254260795,-1.0757633066417465,2/6
gold,10:2:1.5:1,импульс 6/3.0 разв,все,1065,-0.0229728922653166,-0.0629728922653166,-5.4763114010162806,960,0.0036593833540174165,-0.03634061664598258,-2.299344888430453,0/6
gold,10:2:1.5:1,импульс 6/3.0 разв,выс. волат.,620,-0.03690535224043715,-0.07690535224043718,-4.726852081621388,570,0.007024260219167694,-0.03297573978083232,-1.4434893441034824,1/6
gold,10:2:1.5:1,импульс 6/3.0 разв,по тренду,163,0.001995042838539052,-0.03800495716146094,-1.4082766653453915,151,0.022266463843310193,-0.017733536156689808,-0.5000606727968863,2/6
gold,10:2:1.5:1,импульс 6/3.0 разв,оба,90,-0.011999955838828328,-0.05199995583882833,-1.393204014413262,84,0.0024987676091148695,-0.037501232390885146,-0.755779374968911,3/6
gold,10:2:1.5:1,импульс 6/4.0,все,351,0.0025943918566879573,-0.03740560814331205,-1.4176618075193936,319,-0.026744101943412892,-0.06674410194341289,-2.2056811048248344,0/6
gold,10:2:1.5:1,импульс 6/4.0,выс. волат.,240,-0.008522424183944118,-0.04852242418394412,-1.375702085887341,217,-0.0030751537654000443,-0.04307515376540006,-1.0873473403861165,3/6
gold,10:2:1.5:1,импульс 6/4.0,по тренду,254,0.020404566111303948,-0.019595433888696057,-0.6536331433628414,230,-0.009887107234954114,-0.04988710723495412,-1.6163088201035944,0/6
gold,10:2:1.5:1,импульс 6/4.0,оба,177,0.014889120934678767,-0.02511087906532123,-0.6309952892219312,150,0.024215898056290843,-0.015784101943709158,-0.39197492740740153,4/6
gold,10:2:1.5:1,импульс 6/4.0 разв,все,367,-0.03728762120424651,-0.07728762120424652,-3.376830007291947,328,0.016862377711257526,-0.023137622288742478,-0.8590309732075354,2/6
gold,10:2:1.5:1,импульс 6/4.0 разв,выс. волат.,250,-0.02582242922914546,-0.06582242922914545,-2.176446169809876,222,-0.0072095895717477375,-0.04720958957174774,-1.3246861418011493,2/6
gold,10:2:1.5:1,импульс 6/4.0 разв,по тренду,40,-0.024737009618107264,-0.06473700961810727,-1.0584283575954867,31,-0.006889668607753355,-0.04688966860775337,-0.5115459814844453,2/6
gold,10:2:1.5:1,импульс 6/4.0 разв,оба,25,-0.005190762652030614,-0.04519076265203061,-0.502715779568485,21,-0.05283768277071361,-0.09283768277071365,-0.7562392848155358,2/6
gold,10:2:1.5:1,серия 3,все,1760,-0.008189926241753673,-0.048189926241753674,-5.135348136985101,1649,0.005529953129746475,-0.034470046870253526,-2.740673724778258,0/6
gold,10:2:1.5:1,серия 3,выс. волат.,857,-0.035361128465903356,-0.07536112846590336,-4.971795079414182,820,0.012759631991827388,-0.027240368008172606,-1.2998395367779385,2/6
gold,10:2:1.5:1,серия 3,по тренду,805,0.01010094162688516,-0.02989905837311484,-2.17833905470081,776,0.015916208801435548,-0.024083791198564457,-1.3537658398276358,1/6
gold,10:2:1.5:1,серия 3,оба,375,-0.019520693544183346,-0.059520693544183344,-2.730712283689152,381,0.01558224137490794,-0.02441775862509207,-0.8414826218006178,2/6
gold,10:2:1.5:1,пробой 24,все,1612,-0.017836777888949697,-0.05783677788894969,-5.825239599564799,1454,-0.00016335352266111023,-0.040163353522661115,-2.973359680363917,1/6
gold,10:2:1.5:1,пробой 24,выс. волат.,920,-0.03551671045251794,-0.07551671045251795,-5.2311961261992455,819,0.019097179581690306,-0.0209028204183097,-1.0205598213056053,2/6
gold,10:2:1.5:1,пробой 24,по тренду,1020,-0.0025659921380558463,-0.04256599213805584,-3.292727750402048,977,-0.01155270394646098,-0.05155270394646097,-3.460795404764406,0/6
gold,10:2:1.5:1,пробой 24,оба,552,-0.017475717064583614,-0.057475717064583626,-2.9590313480523722,522,-0.0066611236828536535,-0.04666112368285367,-2.0728769286409565,1/6
gold,10:2:1.5:1,пробой 24 сжатие,все,1329,-0.015220653594137929,-0.05522065359413792,-4.966551077687645,1154,-0.007722088663544634,-0.047722088663544646,-3.156647229057379,1/6
gold,10:2:1.5:1,пробой 24 сжатие,выс. волат.,784,-0.03462666857876153,-0.07462666857876153,-4.7735277273754715,664,0.011420952440268254,-0.02857904755973175,-1.2866611656585625,2/6
gold,10:2:1.5:1,пробой 24 сжатие,по тренду,815,0.002447231404291032,-0.037552768595708975,-2.5687510054753684,752,-0.02168707987092535,-0.06168707987092535,-3.635392007989231,0/6
gold,10:2:1.5:1,пробой 24 сжатие,оба,458,-0.014187832187630502,-0.0541878321876305,-2.5830429314232566,417,-0.012821961277814785,-0.05282196127781479,-2.1637732413471165,1/6
gold,10:2:1.5:1,пробой 72,все,920,-0.013809624857660806,-0.05380962485766081,-3.7684119577136332,830,0.016177343431629146,-0.023822656568370862,-1.2920372073746322,2/6
gold,10:2:1.5:1,пробой 72,выс. волат.,573,-0.02932189624940372,-0.06932189624940373,-3.4688437293498726,516,0.038689831464402503,-0.001310168535597512,-0.04891571015205762,4/6
gold,10:2:1.5:1,пробой 72,по тренду,666,-0.003883331553971111,-0.04388333155397112,-2.57567078939818,619,-0.0015810762675226083,-0.04158107626752262,-2.2222840580241505,1/6
gold,10:2:1.5:1,пробой 72,оба,392,-0.01594946703528207,-0.05594946703528208,-2.227065459466898,361,0.009230918804385464,-0.030769081195614546,-1.1223058680133902,2/6
gold,10:2:1.5:1,пробой 72 сжатие,все,172,0.0180262729451143,-0.021973727054885702,-0.549710348659715,146,0.00192735212709234,-0.03807264787290768,-0.67481069345681,2/6
gold,10:2:1.5:1,пробой 72 сжатие,выс. волат.,140,0.004791620399104834,-0.03520837960089517,-0.7419907601023841,121,0.025081623582423444,-0.014918376417576555,-0.23166509808584945,2/6
gold,10:2:1.5:1,пробой 72 сжатие,по тренду,127,0.043491520249350324,0.0034915202493503083,0.07186355777056135,116,0.015088309804554107,-0.02491169019544592,-0.48611384336334007,2/6
gold,10:2:1.5:1,пробой 72 сжатие,оба,98,0.0291372622030795,-0.010862737796920492,-0.1786032781368221,96,0.02461564321262774,-0.01538435678737228,-0.26923289611629536,3/6
gold,10:2:1.5:1,откат в тренде,все,1515,0.0007618188437636011,-0.039238181156236396,-4.31117379850713,1379,0.009513834181600022,-0.030486165818399975,-2.5254586855504377,2/6
gold,10:2:1.5:1,откат в тренде,выс. волат.,731,-0.005652824534394703,-0.045652824534394704,-3.281991069923098,660,0.00910300910692805,-0.03089699089307195,-1.5336409545729732,2/6
gold,10:2:1.5:1,откат в тренде,по тренду,1515,0.0007618188437636011,-0.039238181156236396,-4.31117379850713,1379,0.009513834181600022,-0.030486165818399975,-2.5254586855504377,2/6
gold,10:2:1.5:1,откат в тренде,оба,731,-0.005652824534394703,-0.045652824534394704,-3.281991069923098,660,0.00910300910692805,-0.03089699089307195,-1.5336409545729732,2/6
gold,10:2:1.5:1,растяжение 2.5,все,1073,-0.016765857823838153,-0.05676585782383815,-4.625601221792424,941,-0.012772814608172069,-0.052772814608172076,-3.2759925635456826,0/6
gold,10:2:1.5:1,растяжение 2.5,выс. волат.,618,-0.022511995045080172,-0.06251199504508016,-3.509723393164587,557,-0.007342063163360985,-0.04734206316336099,-2.010028577379863,1/6
gold,10:2:1.5:1,растяжение 2.5,по тренду,69,-0.022290752187927098,-0.06229075218792709,-1.0726281322108693,54,0.0006730016619127208,-0.03932699833808729,-0.6495920257387935,3/6
gold,10:2:1.5:1,растяжение 2.5,оба,41,-0.0352630599223644,-0.0752630599223644,-0.8812979856723195,27,-0.044556324931681816,-0.08455632493168182,-0.9503558944710783,2/6
gold,10:2:1.5:1,растяжение 3.5,все,310,-0.02052804255849172,-0.06052804255849174,-2.624985237523068,278,-0.0006050082480062318,-0.04060500824800625,-1.3037666771042782,0/6
gold,10:2:1.5:1,растяжение 3.5,выс. волат.,210,-0.041114504724940666,-0.08111450472494067,-2.783209013367777,178,-0.021380223125749036,-0.061380223125749034,-1.4061704837523148,2/6
gold,10:2:1.5:1,растяжение 3.5,по тренду,14,-0.038064863353237985,-0.07806486335323799,-0.6526225953133482,13,-0.08725149109593805,-0.12725149109593806,-1.0570344859403027,1/5
gold,10:2:1.5:1,растяжение 3.5,оба,10,-0.033666700451551734,-0.07366670045155174,-0.453977593699476,10,-0.25312409067433267,-0.2931240906743327,-3.0263350220823577,0/5
gold,10:2:1.5:1,по тренду,все,3544,0.006084152541583291,-0.03391584745841671,-5.246453619655422,3161,0.013321602087554651,-0.026678397912445355,-3.245381574100303,2/6
gold,10:2:1.5:1,по тренду,выс. волат.,1976,-0.007739773585230588,-0.0477397735852306,-5.101258651535377,1780,0.020984979280070173,-0.01901502071992984,-1.5711148186417534,1/6
gold,10:2:1.5:1,"по тренду, EMA20",все,3159,0.005942409378886738,-0.034057590621113264,-5.026630935452313,2831,0.020312573529145277,-0.019687426470854724,-2.2349652407311367,2/6
gold,10:2:1.5:1,"по тренду, EMA20",выс. волат.,1729,-0.004319364659863695,-0.0443193646598637,-4.51126111746088,1566,0.030469919499362612,-0.0095300805006374,-0.7195458871496899,1/6
gold,10:2:1.5:1,"по тренду, EMA50",все,3317,0.002124977376327019,-0.03787502262367298,-5.714076031938723,2954,0.01543291444787599,-0.024567085552124012,-2.836782696580612,2/6
gold,10:2:1.5:1,"по тренду, EMA50",выс. волат.,1820,-0.011751780291208904,-0.051751780291208915,-5.401130137026719,1627,0.024738328760151973,-0.01526167123984803,-1.1714291126086063,1/6
lkoh,10:2:1.5:1,импульс 1/1.5,все,388,0.06526773699741903,0.025267736997419018,0.46676049878517883,861,0.014796735084326936,-0.02520326491567306,-0.42726062820334626,2/6
lkoh,10:2:1.5:1,импульс 1/1.5,выс. волат.,216,0.07205354670216023,0.03205354670216021,0.39521783039218145,439,-0.006683592147747032,-0.046683592147747054,-0.42100348504072904,2/6
lkoh,10:2:1.5:1,импульс 1/1.5,по тренду,164,0.10836094410994056,0.06836094410994054,0.8007220672799977,360,-0.05218048978565421,-0.09218048978565421,-1.716472155607577,1/6
lkoh,10:2:1.5:1,импульс 1/1.5,оба,84,0.09655657921160124,0.05655657921160122,0.4425915611340622,180,-0.20882267593524145,-0.24882267593524154,-2.743196496977341,1/6
lkoh,10:2:1.5:1,импульс 1/1.5 разв,все,395,-0.0837483998291036,-0.12374839982910366,-2.4025823504947743,867,-0.012222285001552735,-0.05222228500155274,-0.8184909886885672,1/6
lkoh,10:2:1.5:1,импульс 1/1.5 разв,выс. волат.,219,-0.10744443792031651,-0.14744443792031653,-1.8916573928555427,440,0.05653921438126462,0.016539214381264617,0.13618294097333974,1/6
lkoh,10:2:1.5:1,импульс 1/1.5 разв,по тренду,112,-0.03765257991460995,-0.07765257991460996,-0.7262504991273473,274,0.020311700355326093,-0.019688299644673918,-0.39623322360435975,2/6
lkoh,10:2:1.5:1,импульс 1/1.5 разв,оба,61,-0.016193180635691563,-0.05619318063569162,-0.3292171882130452,130,-0.05420725009472632,-0.09420725009472633,-1.055485336258347,2/6
lkoh,10:2:1.5:1,импульс 1/2.5,все,53,0.011635973860215882,-0.028364026139784147,-0.20680882987271093,180,0.07243592690961247,0.032435926909612514,0.12938433834885713,4/6
lkoh,10:2:1.5:1,импульс 1/2.5,выс. волат.,35,0.12998065274318224,0.08998065274318219,0.49954577421687396,100,0.11120282035938091,0.0712028203593808,0.1584015190210866,3/6
lkoh,10:2:1.5:1,импульс 1/2.5,по тренду,16,-0.021785126189967752,-0.06178512618996773,-0.20414066554329807,77,-0.0989611273007423,-0.1389611273007423,-0.9578160508436696,1/6
lkoh,10:2:1.5:1,импульс 1/2.5,оба,11,0.06607678931802283,0.026076789318022816,0.07394664647851253,42,-0.15981640928344257,-0.19981640928344266,-0.7697013518094074,1/6
lkoh,10:2:1.5:1,импульс 1/2.5 разв,все,53,-0.08392184531815863,-0.12392184531815861,-1.046352556130379,179,-0.031683681226207815,-0.07168368122620783,-0.714539464893736,1/6
lkoh,10:2:1.5:1,импульс 1/2.5 разв,выс. волат.,35,-0.1291282262820406,-0.16912822628204063,-1.051574851072686,99,0.0008376454486008957,-0.0391623545513992,-0.22684641843419742,2/6
lkoh,10:2:1.5:1,импульс 1/2.5 разв,по тренду,14,-0.019364506334248275,-0.059364506334248265,-0.21381086478085132,44,-0.08444928469597937,-0.12444928469597936,-0.9153594017976939,2/6
lkoh,10:2:1.5:1,импульс 1/2.5 разв,оба,10,0.11119862089288983,0.07119862089288982,0.19141360419466097,22,-0.1750445788778445,-0.21504457887784453,-0.872123466228637,3/6
lkoh,10:2:1.5:1,импульс 3/2.0,все,565,0.013220198153638776,-0.026779801846361227,-0.622214733297996,1121,0.04492912377530211,0.004929123775302124,0.10962163179474077,2/6
lkoh,10:2:1.5:1,импульс 3/2.0,выс. волат.,299,0.04498545912418644,0.004985459124186398,0.07238906052010305,564,0.0698365148511397,0.029836514851139695,0.35319187551559983,2/6
lkoh,10:2:1.5:1,импульс 3/2.0,по тренду,308,-0.005591195554239935,-0.045591195554239954,-0.7599433505305386,616,0.010018625159856893,-0.029981374840143113,-0.8239487603872798,1/6
lkoh,10:2:1.5:1,импульс 3/2.0,оба,168,-0.015290298426673751,-0.055290298426673774,-0.6043773705238643,297,-0.055355729423313474,-0.09535572942331347,-1.5187086919993635,1/6
lkoh,10:2:1.5:1,импульс 3/2.0 разв,все,573,-0.09101883445488793,-0.13101883445488793,-3.4173693541382315,1151,-0.021512852479243443,-0.06151285247924347,-1.2583406317975323,1/6
lkoh,10:2:1.5:1,импульс 3/2.0 разв,выс. волат.,304,-0.14504738877588916,-0.1850473887758892,-3.138063147941948,579,0.03314091875321317,-0.006859081246786836,-0.07346388388975109,1/6
lkoh,10:2:1.5:1,импульс 3/2.0 разв,по тренду,167,-0.0860457749500831,-0.12604577495008315,-2.089764376116352,305,-0.011475567400643927,-0.051475567400643935,-1.0827646436326896,1/6
lkoh,10:2:1.5:1,импульс 3/2.0 разв,оба,80,-0.11610437532232085,-0.15610437532232085,-1.6799859606268615,149,-0.028566979008810778,-0.0685669790088108,-0.8622423657646994,1/6
lkoh,10:2:1.5:1,импульс 3/3.0,все,144,0.003825528835196157,-0.036174471164803844,-0.3897002000697576,345,0.10073030841024215,0.060730308410242115,0.48958799625040555,2/6
lkoh,10:2:1.5:1,импульс 3/3.0,выс. волат.,89,-0.021093442981142543,-0.061093442981142575,-0.4863878083486117,195,0.14410630970517413,0.1041063097051741,0.48495501290339715,4/6
lkoh,10:2:1.5:1,импульс 3/3.0,по тренду,96,-0.04638936558387921,-0.0863893655838792,-0.7724279192422057,211,0.01784077608966011,-0.02215922391033991,-0.2910184716283647,4/6
lkoh,10:2:1.5:1,импульс 3/3.0,оба,56,-0.10439605452234116,-0.14439605452234122,-0.8994384741011289,115,-0.02699219131697434,-0.06699219131697438,-0.5569091338063663,4/6
lkoh,10:2:1.5:1,импульс 3/3.0 разв,все,146,-0.04237624204480693,-0.08237624204480692,-1.0867857031467274,358,0.09382652191690097,0.05382652191690095,0.3760012400887417,2/6
lkoh,10:2:1.5:1,импульс 3/3.0 разв,выс. волат.,90,-0.07983440891452785,-0.11983440891452786,-1.1381079321460104,203,0.21611524208969193,0.17611524208969195,0.707444434099425,2/6
lkoh,10:2:1.5:1,импульс 3/3.0 разв,по тренду,29,0.04679287512235231,0.006792875122352279,0.03709056834872509,68,0.008946709282816212,-0.03105329071718379,-0.2871588049026315,2/6
lkoh,10:2:1.5:1,импульс 3/3.0 разв,оба,17,0.09262926899479129,0.05262926899479126,0.2131952160425818,42,-0.01858776796679577,-0.058587767966795795,-0.35964110722555126,2/6
lkoh,10:2:1.5:1,импульс 6/3.0,все,370,0.07016490715763332,0.030164907157633314,0.57068720023848,684,0.02166334567154468,-0.018336654328455333,-0.47118806642767963,2/6
lkoh,10:2:1.5:1,импульс 6/3.0,выс. волат.,204,0.08226738030229772,0.04226738030229777,0.5812017826556175,395,0.0040399799971909,-0.035960020002809116,-0.5943438641148349,2/6
lkoh,10:2:1.5:1,импульс 6/3.0,по тренду,276,0.11006582487232697,0.07006582487232697,1.1190400695424665,468,0.017667441439809563,-0.02233255856019044,-0.5562578617152446,3/6
lkoh,10:2:1.5:1,импульс 6/3.0,оба,156,0.07401053091185375,0.034010530911853736,0.4019729997877763,261,-0.028008134930225265,-0.06800813493022528,-1.121029598307755,3/6
lkoh,10:2:1.5:1,импульс 6/3.0 разв,все,393,-0.05256496288900317,-0.09256496288900319,-2.2060432781712613,737,-0.05195743850878394,-0.09195743850878395,-2.301543010922249,0/6
lkoh,10:2:1.5:1,импульс 6/3.0 разв,выс. волат.,216,-0.10299178353903088,-0.1429917835390309,-2.3963277463756874,423,-0.02013538612829523,-0.060135386128295255,-0.9245785792719794,1/6
lkoh,10:2:1.5:1,импульс 6/3.0 разв,по тренду,47,-0.1112254252496906,-0.15122542524969065,-1.3728252782941406,88,-0.029300279693476917,-0.06930027969347692,-0.8167118425524217,2/6
lkoh,10:2:1.5:1,импульс 6/3.0 разв,оба,26,-0.07824261262865109,-0.11824261262865109,-0.7416411062505133,57,-0.07047576164753218,-0.11047576164753219,-0.9242186088779045,1/6
lkoh,10:2:1.5:1,импульс 6/4.0,все,115,0.10486050826777671,0.06486050826777669,0.6191136916204881,265,-0.03251005265884674,-0.07251005265884675,-0.9694442905009335,1/6
lkoh,10:2:1.5:1,импульс 6/4.0,выс. волат.,78,0.10494079923385372,0.06494079923385371,0.50673879300921,167,-0.046197503962144386,-0.0861975039621444,-0.7760487175445029,1/6
lkoh,10:2:1.5:1,импульс 6/4.0,по тренду,88,0.14552099247561268,0.1055209924756127,0.8457756651249815,197,-0.01645834896373582,-0.05645834896373585,-0.7662795063875468,2/6
lkoh,10:2:1.5:1,импульс 6/4.0,оба,58,0.13690796657732857,0.09690796657732856,0.5991584503668304,120,-0.048808680506114616,-0.08880868050611461,-0.8136595393731529,1/6
lkoh,10:2:1.5:1,импульс 6/4.0 разв,все,123,-0.06544313108582084,-0.10544313108582086,-1.2699748453894013,286,0.0033356582347376556,-0.03666434176526234,-0.43729952943939254,2/6
lkoh,10:2:1.5:1,импульс 6/4.0 разв,выс. волат.,82,-0.12019202971394433,-0.1601920297139443,-1.5196931972881826,174,0.013033045899259072,-0.026966954100740924,-0.20512088350678787,3/6
lkoh,10:2:1.5:1,импульс 6/4.0 разв,по тренду,12,0.18961955536231137,0.14961955536231136,0.6768367802934528,24,0.13058840078472397,0.09058840078472395,0.48701567859743644,3/5
lkoh,10:2:1.5:1,импульс 6/4.0 разв,оба,9,0.09497096464355342,0.054970964643553416,0.25065732515602396,18,0.025191753525831376,-0.014808246474168662,-0.06331846419661635,3/5
lkoh,10:2:1.5:1,серия 3,все,686,0.033734587115591026,-0.006265412884408999,-0.1709201838025698,1192,0.02244560870403328,-0.017554391295966712,-0.4190861016892349,2/6
lkoh,10:2:1.5:1,серия 3,выс. волат.,348,-0.023382686097090193,-0.06338268609709022,-1.137217027077562,606,0.035924889375266444,-0.0040751106247335495,-0.052610517235580606,2/6
lkoh,10:2:1.5:1,серия 3,по тренду,347,0.053725951370925215,0.013725951370925204,0.2554904960429713,617,0.005741719651982302,-0.034258280348017714,-0.9689373810033254,1/6
lkoh,10:2:1.5:1,серия 3,оба,178,-0.0016694285370272076,-0.041669428537027216,-0.5289704579105761,289,-0.042338453216704056,-0.08233845321670408,-1.3509792973324561,1/6
lkoh,10:2:1.5:1,пробой 24,все,686,0.01694315408083574,-0.02305684591916429,-0.5928533296588779,1120,-0.013053520425947391,-0.0530535204259474,-1.1920752921935602,0/6
lkoh,10:2:1.5:1,пробой 24,выс. волат.,361,0.03815913259029585,-0.0018408674097041733,-0.03199066486303542,570,-0.04108247934226674,-0.08108247934226674,-0.9790553288012183,1/6
lkoh,10:2:1.5:1,пробой 24,по тренду,505,0.03630721443773119,-0.003692785562268828,-0.08411090626674904,775,-0.019079467699278072,-0.05907946769927808,-1.7893650373121206,1/6
lkoh,10:2:1.5:1,пробой 24,оба,265,0.04425826194111124,0.004258261941111198,0.06831660694371638,370,-0.07921656832228675,-0.11921656832228678,-2.0951916308564322,2/6
lkoh,10:2:1.5:1,пробой 24 сжатие,все,571,0.020958760316521104,-0.019041239683478917,-0.4429627663221202,897,0.018474094148129176,-0.02152590585187084,-0.4059497496600652,3/6
lkoh,10:2:1.5:1,пробой 24 сжатие,выс. волат.,286,0.07650408169902274,0.03650408169902272,0.5525996529016475,461,0.010808588002348305,-0.02919141199765168,-0.2944658863531107,3/6
lkoh,10:2:1.5:1,пробой 24 сжатие,по тренду,419,0.0306655842885703,-0.009334415711429735,-0.19093889050662585,614,0.003377522195622157,-0.036622477804377836,-1.0246331980849004,2/6
lkoh,10:2:1.5:1,пробой 24 сжатие,оба,204,0.07105710584443013,0.031057105844430114,0.4236818922878919,298,-0.04070006664723503,-0.08070006664723504,-1.3062106619879474,3/6
lkoh,10:2:1.5:1,пробой 72,все,374,0.06761114206992722,0.027611142069927215,0.5094641535218823,636,-0.03745680772806124,-0.07745680772806124,-1.0777177127162159,1/6
lkoh,10:2:1.5:1,пробой 72,выс. волат.,220,0.06416313277971425,0.024163132779714238,0.3409228883660785,366,-0.049798913839329995,-0.08979891383933,-0.7428983976119132,1/6
lkoh,10:2:1.5:1,пробой 72,по тренду,286,0.09530498525211839,0.05530498525211837,0.914951901851983,475,-0.06948165781590576,-0.10948165781590577,-2.541863072801069,0/6
lkoh,10:2:1.5:1,пробой 72,оба,168,0.07046674169206077,0.03046674169206073,0.39721043408829565,257,-0.09932979514948882,-0.13932979514948887,-2.025829520225057,1/6
lkoh,10:2:1.5:1,пробой 72 сжатие,все,55,0.18046449928631106,0.14046449928631097,0.9661419090537992,111,-0.14062401122599366,-0.18062401122599367,-1.3057631193588917,1/6
lkoh,10:2:1.5:1,пробой 72 сжатие,выс. волат.,41,0.1683206638767591,0.1283206638767591,0.7961486784942694,91,-0.15666750922379966,-0.19666750922379964,-1.177546622923642,1/6
lkoh,10:2:1.5:1,пробой 72 сжатие,по тренду,52,0.18695897627592636,0.14695897627592633,0.9854966170045741,88,-0.17627142628695952,-0.2162714262869595,-1.594813642618602,1/6
lkoh,10:2:1.5:1,пробой 72 сжатие,оба,39,0.1372439699782393,0.09724396997823928,0.584211365547906,73,-0.1865491021946477,-0.22654910219464777,-1.404709491801446,2/6
lkoh,10:2:1.5:1,откат в тренде,все,625,-0.02187823645484237,-0.06187823645484239,-1.64645010839385,965,0.02044605210188395,-0.019553947898116056,-0.7077436818592048,3/6
lkoh,10:2:1.5:1,откат в тренде,выс. волат.,314,-0.016553889352249246,-0.056553889352249254,-0.9477197739221886,484,-0.012242676923296168,-0.05224267692329617,-1.2186821056182724,2/6
lkoh,10:2:1.5:1,откат в тренде,по тренду,625,-0.02187823645484237,-0.06187823645484239,-1.64645010839385,965,0.02044605210188395,-0.019553947898116056,-0.7077436818592048,3/6
lkoh,10:2:1.5:1,откат в тренде,оба,314,-0.016553889352249246,-0.056553889352249254,-0.9477197739221886,484,-0.012242676923296168,-0.05224267692329617,-1.2186821056182724,2/6
lkoh,10:2:1.5:1,растяжение 2.5,все,395,-0.1183269082632604,-0.1583269082632604,-3.161402647762794,803,-0.03216965256085488,-0.07216965256085489,-1.9199028567006753,2/6
lkoh,10:2:1.5:1,растяжение 2.5,выс. волат.,227,-0.11716654687925235,-0.15716654687925233,-2.158383401017597,445,-0.020978201442443074,-0.06097820144244307,-0.9822226608808436,2/6
lkoh,10:2:1.5:1,растяжение 2.5,по тренду,13,0.22926741247608248,0.18926741247608245,0.7452664083965512,34,-0.03654640186508593,-0.07654640186508596,-0.46423819653601545,3/6
lkoh,10:2:1.5:1,растяжение 2.5,оба,10,0.168012841754898,0.12801284175489797,0.45714784539282444,22,-0.0542820831212013,-0.09428208312120129,-0.3836973749955648,3/6
lkoh,10:2:1.5:1,растяжение 3.5,все,111,-0.06356351656723276,-0.1035635165672328,-1.1675338654877014,262,0.03988727811868347,-0.00011272188131651817,-0.0012411746261370192,3/6
lkoh,10:2:1.5:1,растяжение 3.5,выс. волат.,69,-0.026290728459748124,-0.06629072845974811,-0.5394873804476698,161,0.15201213323095306,0.11201213323095303,0.79103285490923,5/6
lkoh,10:2:1.5:1,растяжение 3.5,по тренду,2,-0.04864917282647721,-0.0886491728264772,-0.3565504063748359,11,0.016501706566664862,-0.023498293433335173,-0.06137866122207216,2/5
lkoh,10:2:1.5:1,растяжение 3.5,оба,2,-0.04864917282647721,-0.0886491728264772,-0.3565504063748359,9,0.046214878379008145,0.006214878379008113,0.013151747464427545,2/5
lkoh,10:2:1.5:1,по тренду,все,1651,0.032122133325404735,-0.007877866674595283,-0.3203315555716209,2857,0.02570084770321271,-0.014299152296787304,-0.8858048184502743,2/6
lkoh,10:2:1.5:1,по тренду,выс. волат.,901,0.023579141929545622,-0.016420858070454396,-0.4547282671203819,1435,-0.013136622784309628,-0.05313662278430964,-2.0561314957641508,1/6
lkoh,10:2:1.5:1,"по тренду, EMA20",все,1461,0.03867382648631803,-0.0013261735136819832,-0.05094642816954326,2599,0.014706738173027645,-0.02529326182697237,-1.5253833563019685,1/6
lkoh,10:2:1.5:1,"по тренду, EMA20",выс. волат.,811,0.05549211178008727,0.015492111780087246,0.40728628306609516,1298,-0.016296275358125598,-0.05629627535812561,-2.1256950755168917,1/6
lkoh,10:2:1.5:1,"по тренду, EMA50",все,1514,0.03458220206078779,-0.00541779793921222,-0.21269997771197197,2649,0.02960265232657099,-0.010397347673429024,-0.6219001589309651,2/6
lkoh,10:2:1.5:1,"по тренду, EMA50",выс. волат.,836,0.03873038503612657,-0.001269614963873438,-0.03392424754788834,1335,-0.014325277505864717,-0.05432527750586473,-2.0398247022851486,1/6
silver,48:4:4:2,импульс 1/1.5,все,724,0.03832331838064045,-0.0016766816193595894,-0.029037065668001894,621,0.04647497586936364,0.006474975869363641,0.07205285593261807,3/6
silver,48:4:4:2,импульс 1/1.5,выс. волат.,442,0.04314365104434535,0.0031436510443453316,0.038460648550800565,402,0.005646277473450681,-0.03435372252654932,-0.26337699895945554,2/6
silver,48:4:4:2,импульс 1/1.5,по тренду,391,-0.0641449129630323,-0.10414491296303233,-1.3958683295172918,329,0.19162698324462069,0.15162698324462062,1.2279864407571788,5/6
silver,48:4:4:2,импульс 1/1.5,оба,203,0.0917237493944464,0.0517237493944464,0.4337082634538863,192,0.36739858546828247,0.3273985854682825,1.7349710056701992,5/6
silver,48:4:4:2,импульс 1/1.5 разв,все,744,-0.06433381234037533,-0.10433381234037534,-1.814591032796552,624,0.013393181092105513,-0.02660681890789453,-0.2945700502160676,3/6
silver,48:4:4:2,импульс 1/1.5 разв,выс. волат.,445,-0.043175503777810514,-0.08317550377781054,-0.9589606910219142,406,0.07613473563932505,0.03613473563932503,0.3012233102902707,5/6
silver,48:4:4:2,импульс 1/1.5 разв,по тренду,311,-0.10545145150326198,-0.145451451503262,-2.0204584029137043,298,0.09560966117244024,0.05560966117244021,0.4538808830552263,4/6
silver,48:4:4:2,импульс 1/1.5 разв,оба,161,0.04236989980252608,0.0023698998025260517,0.021371584377123574,180,0.10346303491524314,0.06346303491524308,0.3778397603746695,4/6
silver,48:4:4:2,импульс 1/2.5,все,217,0.19283381652761464,0.15283381652761466,1.270710527904218,196,-0.07216155029202909,-0.11216155029202914,-0.6204099185719235,2/6
silver,48:4:4:2,импульс 1/2.5,выс. волат.,137,0.21994257268599307,0.17994257268599306,1.0492987193188994,131,0.10061210890605606,0.06061210890605605,0.23458186616113155,3/6
silver,48:4:4:2,импульс 1/2.5,по тренду,90,0.25083038794722684,0.21083038794722683,1.138663806144099,85,-0.0333850397161533,-0.0733850397161533,-0.38748047634992394,1/6
silver,48:4:4:2,импульс 1/2.5,оба,58,0.4486145479450029,0.40861454794500296,1.6550768894264087,57,0.0782678762858462,0.03826787628584618,0.15606959593359823,1/6
silver,48:4:4:2,импульс 1/2.5 разв,все,220,-0.2170545056215727,-0.2570545056215727,-2.254667671804211,198,-0.004535705382973,-0.04453570538297299,-0.2808765343547455,3/6
silver,48:4:4:2,импульс 1/2.5 разв,выс. волат.,137,-0.22623875593680826,-0.26623875593680835,-1.5952281230881529,135,-0.12595381065520103,-0.16595381065520107,-0.8163323192417257,3/6
silver,48:4:4:2,импульс 1/2.5 разв,по тренду,62,0.14160276380644257,0.10160276380644256,0.4759662472935687,66,0.0985575677955753,0.058557567795575305,0.22004340274194273,3/6
silver,48:4:4:2,импульс 1/2.5 разв,оба,37,0.34550499750892283,0.30550499750892285,1.0881321649000302,46,-0.08690370361364234,-0.12690370361364237,-0.43404520292773147,3/6
silver,48:4:4:2,импульс 3/2.0,все,848,-0.00434158137619299,-0.044341581376193026,-0.8211901450031884,752,0.06378677139561378,0.02378677139561375,0.278486156443048,2/6
silver,48:4:4:2,импульс 3/2.0,выс. волат.,530,-0.01291977422507473,-0.05291977422507473,-0.7170552065188036,507,0.09446050723356389,0.05446050723356388,0.48025518437405157,2/6
silver,48:4:4:2,импульс 3/2.0,по тренду,541,-0.01566525336990578,-0.055665253369905805,-0.9108250441258816,504,0.11008457999563434,0.07008457999563436,0.677192490086839,2/6
silver,48:4:4:2,импульс 3/2.0,оба,317,0.0024306320264468485,-0.03756936797355317,-0.41052076303576485,332,0.18504719906648143,0.14504719906648142,1.033810380273346,3/6
silver,48:4:4:2,импульс 3/2.0 разв,все,848,-0.12504820794092836,-0.1650482079409284,-3.0955801541056975,755,-0.017575760159000284,-0.057575760159000317,-0.7136172840705873,2/6
silver,48:4:4:2,импульс 3/2.0 разв,выс. волат.,529,-0.08787439505701651,-0.1278743950570165,-1.6721208776619132,506,0.017228861736311555,-0.02277113826368842,-0.21309217420919147,3/6
silver,48:4:4:2,импульс 3/2.0 разв,по тренду,317,-0.04912396609213281,-0.08912396609213284,-1.1091278218271208,307,-0.01998793179997074,-0.059987931799970765,-0.5159696547108427,2/6
silver,48:4:4:2,импульс 3/2.0 разв,оба,166,0.06197666167070957,0.021976661670709538,0.1770606237698381,182,-0.08778498186710738,-0.1277849818671074,-0.844256957191789,3/6
silver,48:4:4:2,импульс 3/3.0,все,384,0.08262445665565198,0.04262445665565195,0.5112307966158893,315,0.15007408926133606,0.11007408926133604,0.7534394630792478,3/6
silver,48:4:4:2,импульс 3/3.0,выс. волат.,243,0.15221984589581025,0.11221984589581027,1.0021152409855212,235,0.18552737843457215,0.14552737843457217,0.7814493149800049,3/6
silver,48:4:4:2,импульс 3/3.0,по тренду,250,0.07880868410378915,0.03880868410378915,0.39491586731121137,225,0.04250756295082263,0.0025075629508225735,0.02029928604085089,2/6
silver,48:4:4:2,импульс 3/3.0,оба,164,0.1584816885015823,0.1184816885015823,0.9898922910864192,161,0.12199783943968817,0.08199783943968812,0.5365359106640948,3/6
silver,48:4:4:2,импульс 3/3.0 разв,все,396,-0.17393724246671635,-0.21393724246671636,-2.8254179790997824,323,-0.0026348791803927647,-0.04263487918039281,-0.39411380146350056,3/6
silver,48:4:4:2,импульс 3/3.0 разв,выс. волат.,254,-0.19232710197158245,-0.23232710197158246,-2.1381224040195708,239,0.09588499881679564,0.05588499881679562,0.4140778951711102,3/6
silver,48:4:4:2,импульс 3/3.0 разв,по тренду,83,0.19102030702704623,0.15102030702704622,0.9528411878390771,82,-0.0057056495970903955,-0.045705649597090385,-0.18338808535858983,3/6
silver,48:4:4:2,импульс 3/3.0 разв,оба,48,0.34518043602356013,0.3051804360235601,1.2601623098611314,59,-0.02629320263183637,-0.06629320263183645,-0.22044833955145787,4/6
silver,48:4:4:2,импульс 6/3.0,все,585,0.05540904173598452,0.01540904173598452,0.22982481511992703,557,0.13126833309553185,0.09126833309553187,0.9230915293633003,4/6
silver,48:4:4:2,импульс 6/3.0,выс. волат.,377,0.07447393149492702,0.03447393149492701,0.3801948987708537,377,0.16350785592206013,0.12350785592206012,0.9216526731246719,4/6
silver,48:4:4:2,импульс 6/3.0,по тренду,410,0.04321327983424562,0.0032132798342456013,0.04480853957845647,427,0.20013442963356537,0.16013442963356542,1.5532081027957239,6/6
silver,48:4:4:2,импульс 6/3.0,оба,268,0.05461436472041207,0.014614364720412052,0.15107700074575559,289,0.3006743599864808,0.2606743599864807,1.8741795759423816,6/6
silver,48:4:4:2,импульс 6/3.0 разв,все,619,-0.16665284107123804,-0.20665284107123807,-3.4203095666330117,571,-0.06552308997811454,-0.10552308997811456,-1.0843382936889714,2/6
silver,48:4:4:2,импульс 6/3.0 разв,выс. волат.,389,-0.20210332519353938,-0.24210332519353944,-2.776942630909673,399,-0.12300924089070409,-0.1630092408907041,-1.3537675923457557,2/6
silver,48:4:4:2,импульс 6/3.0 разв,по тренду,119,0.05516166241243672,0.015161662412436692,0.13043025689800858,120,-0.20490464848677384,-0.24490464848677376,-1.3103299440844132,2/6
silver,48:4:4:2,импульс 6/3.0 разв,оба,57,0.06200444838311454,0.022004448383114498,0.11595283557243781,75,-0.25879853498905625,-0.2987985349890564,-1.2234040381375932,3/6
silver,48:4:4:2,импульс 6/4.0,все,252,0.2296852306938855,0.1896852306938855,1.6609391623663845,220,0.21126184497542883,0.17126184497542885,1.2499986053380332,5/6
silver,48:4:4:2,импульс 6/4.0,выс. волат.,184,0.20201178223633723,0.16201178223633725,1.1516115858669498,159,0.30613612036936816,0.26613612036936807,1.537100075032313,4/6
silver,48:4:4:2,импульс 6/4.0,по тренду,188,0.07024215187811307,0.030242151878113008,0.2504862886009113,182,0.26368052205386033,0.22368052205386033,1.5067935981994884,5/6
silver,48:4:4:2,импульс 6/4.0,оба,139,0.0985671930103566,0.0585671930103566,0.3918498588904269,127,0.459797138836672,0.4197971388366719,2.208524821065714,6/6
silver,48:4:4:2,импульс 6/4.0 разв,все,266,-0.20374566496879115,-0.24374566496879116,-2.403333336327498,230,-0.014837402534379847,-0.05483740253437985,-0.40597639509476297,2/6
silver,48:4:4:2,импульс 6/4.0 разв,выс. волат.,194,-0.23426434665399773,-0.2742643466539977,-2.0754195525822183,168,-0.08274994814338951,-0.1227499481433895,-0.7798640323647107,3/6
silver,48:4:4:2,импульс 6/4.0 разв,по тренду,24,-0.1410347967407062,-0.18103479674070624,-0.6634781050997071,27,-0.11788259524728956,-0.15788259524728956,-0.43410288613806614,2/6
silver,48:4:4:2,импульс 6/4.0 разв,оба,16,0.1907639597668508,0.15076395976685075,0.43954116850818015,17,-0.06680612153890379,-0.10680612153890383,-0.2069302313544678,3/6
silver,48:4:4:2,серия 3,все,852,0.03183142693853531,-0.008168573061464719,-0.15127140136284659,785,-0.010864175297597272,-0.050864175297597326,-0.5998689879332152,1/6
silver,48:4:4:2,серия 3,выс. волат.,503,0.0732883074070244,0.03328830740702437,0.4199115568827433,503,0.013440972561915556,-0.026559027438084425,-0.22535699145141797,2/6
silver,48:4:4:2,серия 3,по тренду,534,-0.031893276072784284,-0.07189327607278431,-1.1399344426049078,506,0.15109533670116432,0.11109533670116431,1.0663906107871641,5/6
silver,48:4:4:2,серия 3,оба,287,0.04331678877363156,0.003316788773631552,0.03255846043104406,314,0.22566460829849636,0.18566460829849626,1.2561748017730663,5/6
silver,48:4:4:2,пробой 24,все,825,-0.015900185700024716,-0.05590018570002472,-0.9703688178628295,752,0.03527988731759721,-0.0047201126824028185,-0.05824694575606772,3/6
silver,48:4:4:2,пробой 24,выс. волат.,526,0.05582503487421121,0.015825034874211212,0.20203253350835118,521,0.007445311190431236,-0.03255468880956877,-0.3112258210466275,4/6
silver,48:4:4:2,пробой 24,по тренду,578,0.0037246045029212843,-0.03627539549707874,-0.5253160624036005,573,0.12998659887355538,0.08998659887355538,0.9451763963594377,5/6
silver,48:4:4:2,пробой 24,оба,353,0.05964480407266424,0.019644804072664227,0.20616039374060416,380,0.24837017606774536,0.20837017606774536,1.6141625429434248,5/6
silver,48:4:4:2,пробой 24 сжатие,все,755,-0.022893830961125367,-0.06289383096112536,-1.0672311802694547,669,-0.016224460489648016,-0.056224460489648055,-0.653111940843932,2/6
silver,48:4:4:2,пробой 24 сжатие,выс. волат.,480,0.02013838197514953,-0.019861618024850477,-0.24905568295182517,473,-0.04408200752477386,-0.08408200752477389,-0.7851006947183417,3/6
silver,48:4:4:2,пробой 24 сжатие,по тренду,514,0.06086380275447046,0.02086380275447047,0.2779232139394557,501,0.05707543290195979,0.017075432901959748,0.16660225595410497,3/6
silver,48:4:4:2,пробой 24 сжатие,оба,308,0.11838526290331122,0.07838526290331126,0.7543460657623341,339,0.13891983909164468,0.09891983909164467,0.7278729050300863,5/6
silver,48:4:4:2,пробой 72,все,529,0.01564175779237336,-0.02435824220762663,-0.3315818088069558,517,-0.08451932953093323,-0.12451932953093321,-1.2281347566414549,2/6
silver,48:4:4:2,пробой 72,выс. волат.,351,0.0655922334525309,0.02559223345253087,0.2564008248009691,368,-0.017405947894237637,-0.05740594789423763,-0.4387908046228867,3/6
silver,48:4:4:2,пробой 72,по тренду,416,-0.04349135950370709,-0.0834913595037071,-1.0832474954417408,427,0.01792019639039698,-0.022079803609603,-0.19529661377208588,3/6
silver,48:4:4:2,пробой 72,оба,272,0.011728076790889852,-0.028271923209110175,-0.26222027320249713,300,0.16323127347952487,0.12323127347952484,0.8313573116175091,5/6
silver,48:4:4:2,пробой 72 сжатие,все,171,-0.07941715689130262,-0.11941715689130268,-0.9325501271900831,156,-0.03064832680161506,-0.07064832680161515,-0.34803589556501513,2/6
silver,48:4:4:2,пробой 72 сжатие,выс. волат.,129,0.03446660633170436,-0.005533393668295655,-0.03465216592316112,127,-0.04007195788721009,-0.08007195788721011,-0.33269307964348027,2/6
silver,48:4:4:2,пробой 72 сжатие,по тренду,138,-0.058658433059724235,-0.09865843305972422,-0.7158959106546252,118,0.05612481378473884,0.016124813784738793,0.06344597862150925,4/6
silver,48:4:4:2,пробой 72 сжатие,оба,105,0.040812536317948976,0.0008125363179489711,0.004782825239061826,99,0.09624219141084932,0.05624219141084927,0.18834022804161088,4/6
silver,48:4:4:2,откат в тренде,все,718,0.01208933449083704,-0.027910665509162987,-0.4984134049800604,686,0.08929835700521974,0.04929835700521971,0.5756979078892017,4/6
silver,48:4:4:2,откат в тренде,выс. волат.,440,0.05050502863450539,0.010505028634505384,0.13789789025772137,443,0.09001445424341602,0.05001445424341601,0.4350333639350207,4/6
silver,48:4:4:2,откат в тренде,по тренду,718,0.01208933449083704,-0.027910665509162987,-0.4984134049800604,686,0.08929835700521974,0.04929835700521971,0.5756979078892017,4/6
silver,48:4:4:2,откат в тренде,оба,440,0.05050502863450539,0.010505028634505384,0.13789789025772137,443,0.09001445424341602,0.05001445424341601,0.4350333639350207,4/6
silver,48:4:4:2,растяжение 2.5,все,600,-0.10543206349555237,-0.1454320634955524,-2.0275058119802534,527,-0.07179681228533058,-0.11179681228533056,-1.134532154269976,1/6
silver,48:4:4:2,растяжение 2.5,выс. волат.,389,-0.06990759887907233,-0.10990759887907235,-1.0782242980918353,362,-0.13397702479945947,-0.17397702479945945,-1.4057108919304722,1/6
silver,48:4:4:2,растяжение 2.5,по тренду,48,-0.03518485784161205,-0.07518485784161207,-0.3223472775852937,49,0.32940189473879383,0.28940189473879385,0.8956702259021314,5/6
silver,48:4:4:2,растяжение 2.5,оба,25,-0.12000552305974477,-0.16000552305974478,-0.47187823269137685,35,0.1879527051379496,0.1479527051379497,0.41942430691401333,4/6
silver,48:4:4:2,растяжение 3.5,все,227,-0.1842708209356719,-0.224270820935672,-1.8051576800498539,190,-0.18468297243548115,-0.22468297243548122,-1.525114130081312,2/6
silver,48:4:4:2,растяжение 3.5,выс. волат.,161,-0.18128091455152778,-0.22128091455152782,-1.3105375519282823,143,-0.2730376026036271,-0.3130376026036272,-1.6830907873936993,1/6
silver,48:4:4:2,растяжение 3.5,по тренду,9,0.2303501911843913,0.1903501911843913,0.3507643643626305,12,0.7248052704789337,0.6848052704789335,1.506936660815048,3/4
silver,48:4:4:2,растяжение 3.5,оба,7,0.30851239935843205,0.2685123993584321,0.38017096459179595,10,0.7090829259910925,0.6690829259910924,1.3534595954554958,3/4
silver,48:4:4:2,по тренду,все,1011,0.002782120685136451,-0.03721787931486355,-0.7101974698150307,934,0.11391525379857967,0.07391525379857963,0.9327982160964966,4/6
silver,48:4:4:2,по тренду,выс. волат.,814,0.016265624084297742,-0.023734375915702256,-0.39977844131561274,753,0.08692690984217735,0.04692690984217736,0.5125800698557248,4/6
silver,48:4:4:2,"по тренду, EMA20",все,991,-0.00922385637360575,-0.04922385637360577,-0.926007571879819,921,0.06296208384448039,0.022962083844480372,0.29440831222996167,4/6
silver,48:4:4:2,"по тренду, EMA20",выс. волат.,784,-0.05034740868655252,-0.09034740868655254,-1.4626588368524085,724,0.07100602278479566,0.031006022784795632,0.3352604482710491,3/6
silver,48:4:4:2,"по тренду, EMA50",все,1005,-0.05380834249512047,-0.0938083424951205,-1.7653742292878345,922,0.07304006392539174,0.033040063925391716,0.4266198233294069,4/6
silver,48:4:4:2,"по тренду, EMA50",выс. волат.,798,-0.0731202248214853,-0.11312022482148527,-1.868035396980009,733,0.053174649011790795,0.013174649011790766,0.1442233053867434,3/6
gold,48:4:4:2,импульс 1/1.5,все,751,0.004184186685585411,-0.0358158133144146,-1.150102147557134,662,0.00865078419923188,-0.03134921580076814,-0.7471888793498289,3/6
gold,48:4:4:2,импульс 1/1.5,выс. волат.,450,-0.029231455094474442,-0.06923145509447447,-1.6266954713696011,436,-0.011005985722723311,-0.05100598572272333,-0.9252866493706903,2/6
gold,48:4:4:2,импульс 1/1.5,по тренду,415,0.006098564181456365,-0.03390143581854366,-0.8505762532558754,357,0.0768087493893051,0.0368087493893051,0.6500858011064553,4/6
gold,48:4:4:2,импульс 1/1.5,оба,223,-0.042733665285272227,-0.08273366528527225,-1.4986627496531177,211,-0.00046947800544879333,-0.04046947800544881,-0.5160401888760296,2/6
gold,48:4:4:2,импульс 1/1.5 разв,все,768,0.022279387539546766,-0.017720612460453245,-0.5630162013894517,667,0.010458659652443872,-0.029541340347556143,-0.7258352397567875,3/6
gold,48:4:4:2,импульс 1/1.5 разв,выс. волат.,465,0.04822448932906748,0.008224489329067467,0.18188130749900208,430,0.023372273542676694,-0.016627726457323327,-0.29637804476993324,3/6
gold,48:4:4:2,импульс 1/1.5 разв,по тренду,324,0.0019728286109605975,-0.0380271713890394,-0.7374518232918937,330,0.09719950069286115,0.05719950069286111,0.9782312906833414,5/6
gold,48:4:4:2,импульс 1/1.5 разв,оба,180,0.026457291850401927,-0.013542708149598098,-0.1771149245766815,185,0.0422158216623174,0.0022158216623173886,0.025232512604073738,3/6
gold,48:4:4:2,импульс 1/2.5,все,242,0.03342865634837623,-0.00657134365162378,-0.11780227177349288,216,0.0013281898066574694,-0.03867181019334254,-0.5085142244602043,1/6
gold,48:4:4:2,импульс 1/2.5,выс. волат.,152,0.0537516509215211,0.01375165092152109,0.18962382206457645,147,0.14168557222446407,0.10168557222446406,0.9884512309404132,4/6
gold,48:4:4:2,импульс 1/2.5,по тренду,102,0.026074060231820833,-0.013925939768179163,-0.169657720033473,101,0.03637548349755018,-0.003624516502449843,-0.03291772619329939,2/6
gold,48:4:4:2,импульс 1/2.5,оба,61,0.07644690255839587,0.03644690255839583,0.3528637621915367,67,0.13985041974200516,0.09985041974200515,0.6803280407051765,3/6
gold,48:4:4:2,импульс 1/2.5 разв,все,236,0.0023269485819850185,-0.037673051418015004,-0.6038758977854609,211,0.08094438382366088,0.04094438382366087,0.5623000038795715,3/6
gold,48:4:4:2,импульс 1/2.5 разв,выс. волат.,151,-0.03917529895132865,-0.07917529895132867,-1.0132660379153708,147,0.006283971428473611,-0.03371602857152639,-0.38731735496548747,2/6
gold,48:4:4:2,импульс 1/2.5 разв,по тренду,80,-0.08552214289289717,-0.1255221428928972,-1.2246668032491947,74,0.1600017662872056,0.12000176628720556,0.9097879553837922,5/6
gold,48:4:4:2,импульс 1/2.5 разв,оба,53,-0.05855312060630637,-0.09855312060630636,-0.7835588075826857,49,0.11471745576986954,0.07471745576986955,0.44888163203770104,2/6
gold,48:4:4:2,импульс 3/2.0,все,896,0.02339643977581964,-0.01660356022418038,-0.5877713985703581,803,0.002801007515529054,-0.03719899248447095,-0.9573006997061859,3/6
gold,48:4:4:2,импульс 3/2.0,выс. волат.,562,0.027089169635820663,-0.01291083036417935,-0.3357937726798459,541,0.03362440707292574,-0.0063755929270742934,-0.12418088250807306,4/6
gold,48:4:4:2,импульс 3/2.0,по тренду,578,0.04634344829022394,0.006343448290223937,0.18866622913960726,531,0.06461902568660924,0.024619025686609217,0.543282068547527,3/6
gold,48:4:4:2,импульс 3/2.0,оба,350,0.03926526941697066,-0.0007347305830293748,-0.0159155122690785,343,0.027055095053033856,-0.012944904946966157,-0.20684023720374314,3/6
gold,48:4:4:2,импульс 3/2.0 разв,все,914,-0.014213338738605853,-0.05421333873860588,-1.9776383532373527,793,0.01504901347214887,-0.02495098652785116,-0.6438380137690125,3/6
gold,48:4:4:2,импульс 3/2.0 разв,выс. волат.,567,-0.01143511352567152,-0.05143511352567153,-1.3676051810772647,539,0.05234470651960476,0.012344706519604735,0.23945822794521374,4/6
gold,48:4:4:2,импульс 3/2.0 разв,по тренду,364,-0.06883379442435857,-0.1088337944243586,-2.523572700359182,330,0.0586379732956853,0.01863797329568528,0.33822815906256715,3/6
gold,48:4:4:2,импульс 3/2.0 разв,оба,206,-0.055417607993049775,-0.0954176079930498,-1.5027167966954171,186,-0.060897482160737294,-0.10089748216073732,-1.3247330308790353,1/6
gold,48:4:4:2,импульс 3/3.0,все,427,-0.01121921701278159,-0.05121921701278161,-1.263261407407557,377,0.0195988479787228,-0.020401152021277215,-0.3661289741112104,2/6
gold,48:4:4:2,импульс 3/3.0,выс. волат.,282,0.0026947845028687687,-0.03730521549713125,-0.7082766284463514,250,0.05129710424404898,0.011297104244048967,0.14669429643667606,3/6
gold,48:4:4:2,импульс 3/3.0,по тренду,285,0.019374822613410673,-0.020625177386589356,-0.43525450171969676,247,-0.0032444682202722452,-0.04324446822027226,-0.6424841643416471,2/6
gold,48:4:4:2,импульс 3/3.0,оба,184,0.03892846129997024,-0.0010715387000297877,-0.018132962861269968,165,0.023901071973299236,-0.0160989280267008,-0.17864816765639965,3/6
gold,48:4:4:2,импульс 3/3.0 разв,все,414,0.033944377635047485,-0.006055622364952516,-0.13586567558985388,374,-0.005786371119445525,-0.045786371119445536,-0.8515539755546154,2/6
gold,48:4:4:2,импульс 3/3.0 разв,выс. волат.,279,-0.02807809774109622,-0.06807809774109623,-1.2145133287817143,246,0.053069244273195135,0.013069244273195087,0.17778538296583754,3/6
gold,48:4:4:2,импульс 3/3.0 разв,по тренду,110,-0.046236084053924834,-0.08623608405392483,-1.0384710789503506,101,-0.07317151068034526,-0.11317151068034534,-1.2197078338305083,1/6
gold,48:4:4:2,импульс 3/3.0 разв,оба,75,-0.0420278793345398,-0.08202787933453982,-0.8417750820415889,58,-0.14676412932989377,-0.1867641293298938,-1.4888201405586243,3/6
gold,48:4:4:2,импульс 6/3.0,все,659,0.047274819072054566,0.007274819072054545,0.22178072042171912,610,0.03445945425533079,-0.005540545744669233,-0.12672020952202398,3/6
gold,48:4:4:2,импульс 6/3.0,выс. волат.,423,0.04255744386367093,0.0025574438636709173,0.05834235856315778,398,0.054010030075471,0.014010030075470983,0.23833244615389457,3/6
gold,48:4:4:2,импульс 6/3.0,по тренду,482,0.041200150764484036,0.0012001507644840178,0.031596714092313814,457,0.08440970527885171,0.04440970527885167,0.9085188122963612,4/6
gold,48:4:4:2,импульс 6/3.0,оба,316,0.028726252056619918,-0.011273747943380107,-0.2297497126450996,289,0.09856795792325579,0.05856795792325577,0.8867268220200993,4/6
gold,48:4:4:2,импульс 6/3.0 разв,все,687,-0.003312767338512037,-0.043312767338512054,-1.3223081918806379,633,0.006871965879230927,-0.0331280341207691,-0.7586518391142142,2/6
gold,48:4:4:2,импульс 6/3.0 разв,выс. волат.,444,-0.020364544323875473,-0.060364544323875495,-1.4037862489707822,415,0.0006873637427999749,-0.039312636257200044,-0.667475692676417,3/6
gold,48:4:4:2,импульс 6/3.0 разв,по тренду,148,0.043445780592948666,0.00344578059294865,0.047365305936451975,142,-0.050635979801056094,-0.0906359798010561,-1.1645994715132193,1/6
gold,48:4:4:2,импульс 6/3.0 разв,оба,86,0.10686642525074438,0.06686642525074439,0.6527671847417575,81,-0.17697793343235743,-0.2169779334323574,-2.2406042720836328,0/6
gold,48:4:4:2,импульс 6/4.0,все,282,-0.02540921268151733,-0.06540921268151735,-1.2108247983090437,257,0.06825516762408852,0.028255167624088504,0.3897868744914322,4/6
gold,48:4:4:2,импульс 6/4.0,выс. волат.,195,-0.05368437759567263,-0.09368437759567265,-1.3033544145439464,178,0.10149412416168083,0.06149412416168081,0.6494189343543095,4/6
gold,48:4:4:2,импульс 6/4.0,по тренду,211,0.04190234744618809,0.0019023474461880602,0.03377970006237312,199,0.11331982941832658,0.07331982941832654,0.9560707786174779,4/6
gold,48:4:4:2,импульс 6/4.0,оба,153,0.026503340503142268,-0.013496659496857738,-0.19463208431672105,136,0.10881106973316163,0.06881106973316162,0.7037922980466129,3/6
gold,48:4:4:2,импульс 6/4.0 разв,все,299,-0.005294781226071705,-0.04529478122607171,-0.8429512026386787,265,0.03127679161029019,-0.008723208389709813,-0.125347817442328,2/6
gold,48:4:4:2,импульс 6/4.0 разв,выс. волат.,206,-0.02073100732940111,-0.060731007329401135,-0.8883737471575954,184,-0.03419049748093859,-0.07419049748093857,-0.8779774364733777,1/6
gold,48:4:4:2,импульс 6/4.0 разв,по тренду,40,0.10025184642682103,0.060251846426821,0.36722282981433724,31,-0.24934509198816426,-0.28934509198816427,-1.9288730901289857,2/6
gold,48:4:4:2,импульс 6/4.0 разв,оба,25,0.3204464567738931,0.2804464567738931,1.2012509520344392,21,-0.37851394043562453,-0.4185139404356245,-2.441957247621798,1/6
gold,48:4:4:2,серия 3,все,915,-0.010962634023328683,-0.05096263402332869,-1.7231970906344147,826,0.045018315039763515,0.005018315039763502,0.12502847841331588,3/6
gold,48:4:4:2,серия 3,выс. волат.,540,-0.01751207395620586,-0.057512073956205875,-1.3094239920048099,509,0.03755602626448039,-0.0024439737355196056,-0.04265617956848323,3/6
gold,48:4:4:2,серия 3,по тренду,562,0.02670219164735288,-0.013297808352647135,-0.385417107298624,523,0.075433960993932,0.03543396099393197,0.7655678296570858,4/6
gold,48:4:4:2,серия 3,оба,299,0.01771450774220685,-0.022285492257793166,-0.4294058588229948,301,0.030450906508009377,-0.00954909349199063,-0.13677458613638743,3/6
gold,48:4:4:2,пробой 24,все,846,0.028455927399792764,-0.011544072600207254,-0.3910815338860818,786,-0.011700453973118632,-0.051700453973118635,-1.2635897754699779,1/6
gold,48:4:4:2,пробой 24,выс. волат.,586,0.011162096978307995,-0.02883790302169201,-0.7868867598171846,521,-0.034995958361822156,-0.07499595836182217,-1.380475031263166,2/6
gold,48:4:4:2,пробой 24,по тренду,616,0.06369432233752859,0.023694322337528568,0.7016469279645887,603,0.018906079797574814,-0.021093920202425186,-0.49432385009718816,2/6
gold,48:4:4:2,пробой 24,оба,406,0.027045170326661136,-0.012954829673338867,-0.3026047896793913,384,0.012290844173330548,-0.027709155826669465,-0.4788946184796341,2/6
gold,48:4:4:2,пробой 24 сжатие,все,797,0.017756751312034823,-0.02224324868796519,-0.7314053898403098,721,-0.03414562618358328,-0.07414562618358328,-1.717304504555011,1/6
gold,48:4:4:2,пробой 24 сжатие,выс. волат.,544,0.012255635239191072,-0.027744364760808927,-0.7202261440732991,480,-0.06040913422003573,-0.10040913422003575,-1.7691920815694373,1/6
gold,48:4:4:2,пробой 24 сжатие,по тренду,559,0.06728931757768372,0.02728931757768371,0.7686058983550382,531,0.011053938076160489,-0.02894606192383953,-0.6268133887018248,2/6
gold,48:4:4:2,пробой 24 сжатие,оба,357,0.04689978141367825,0.006899781413678257,0.14809112923261197,335,-0.0011833297939192553,-0.04118332979391928,-0.6644196426141771,2/6
gold,48:4:4:2,пробой 72,все,552,0.036339592827034695,-0.0036604071729653184,-0.09635881342975473,493,0.040251362257574516,0.00025136225757453525,0.004766421866764438,3/6
gold,48:4:4:2,пробой 72,выс. волат.,396,0.030056227149917427,-0.009943772850082595,-0.21343363056723502,346,0.050133991247881315,0.010133991247881302,0.14766076071313547,3/6
gold,48:4:4:2,пробой 72,по тренду,442,0.04728962499401385,0.007289624994013843,0.17503592857639239,405,0.06836507672715819,0.028365076727158163,0.5591044851744508,3/6
gold,48:4:4:2,пробой 72,оба,300,0.03490626694903147,-0.005093733050968557,-0.09504033332925339,272,0.09686081216695604,0.05686081216695604,0.8385614876384156,5/6
gold,48:4:4:2,пробой 72 сжатие,все,164,0.013603565788395187,-0.026396434211604817,-0.3818004212720349,139,-0.11264486106503427,-0.15264486106503428,-1.690645573350299,1/6
gold,48:4:4:2,пробой 72 сжатие,выс. волат.,133,-0.0037481803551137802,-0.04374818035511379,-0.5555821892817059,115,-0.06848055783619261,-0.1084805578361926,-1.0797186200141486,2/6
gold,48:4:4:2,пробой 72 сжатие,по тренду,122,-0.009987782235905076,-0.04998778223590511,-0.6395491242411497,109,-0.060799739492206836,-0.1007997394922069,-0.9987443565128715,2/6
gold,48:4:4:2,пробой 72 сжатие,оба,94,-0.03303231760583728,-0.07303231760583727,-0.7960566307151177,90,-0.022034037890633427,-0.062034037890633435,-0.560561917425403,3/6
gold,48:4:4:2,откат в тренде,все,764,-0.017726474370104377,-0.0577264743701044,-1.8507765022197478,695,-0.04456204321887786,-0.08456204321887786,-2.229726565852765,1/6
gold,48:4:4:2,откат в тренде,выс. волат.,478,0.006465333619938324,-0.03353466638006168,-0.7695304961008342,440,-0.09204018699485103,-0.13204018699485104,-2.582328404075053,1/6
gold,48:4:4:2,откат в тренде,по тренду,764,-0.017726474370104377,-0.0577264743701044,-1.8507765022197478,695,-0.04456204321887786,-0.08456204321887786,-2.229726565852765,1/6
gold,48:4:4:2,откат в тренде,оба,478,0.006465333619938324,-0.03353466638006168,-0.7695304961008342,440,-0.09204018699485103,-0.13204018699485104,-2.582328404075053,1/6
gold,48:4:4:2,растяжение 2.5,все,672,-0.01493128550771699,-0.05493128550771701,-1.6544465558714585,599,-0.09398693798834801,-0.13398693798834801,-3.0205665534383437,1/6
gold,48:4:4:2,растяжение 2.5,выс. волат.,433,-0.020219189128662583,-0.06021918912866261,-1.3466755037934623,393,-0.051978058134819566,-0.09197805813481956,-1.5071061255828413,1/6
gold,48:4:4:2,растяжение 2.5,по тренду,69,-0.028002685843106733,-0.06800268584310674,-0.6064128688044026,54,-0.19462363836368965,-0.23462363836368968,-1.9506015172537658,1/6
gold,48:4:4:2,растяжение 2.5,оба,41,0.07450977201185933,0.034509772011859306,0.23520227491790985,27,-0.33440590130356446,-0.37440590130356444,-2.5134466766310983,0/6
gold,48:4:4:2,растяжение 3.5,все,252,-0.03227409590952895,-0.07227409590952896,-1.2399108380398458,223,-0.014180753438816585,-0.05418075343881662,-0.7566721171041924,3/6
gold,48:4:4:2,растяжение 3.5,выс. волат.,177,-0.07801773819609546,-0.1180177381960955,-1.6301100053729602,147,-0.04547478740552826,-0.08547478740552827,-0.9314130756110285,2/6
gold,48:4:4:2,растяжение 3.5,по тренду,14,0.26829238746795175,0.22829238746795172,0.5904688407079047,13,0.008552437960324264,-0.03144756203967574,-0.16592134210293524,1/5
gold,48:4:4:2,растяжение 3.5,оба,10,0.662699680222609,0.622699680222609,1.27700364820397,10,-0.08351439172371798,-0.12351439172371799,-0.5218837759232212,1/5
gold,48:4:4:2,по тренду,все,1035,0.016277454196831388,-0.023722545803168623,-0.8578367667915432,961,-0.007589780034620692,-0.0475897800346207,-1.358280334478582,2/6
gold,48:4:4:2,по тренду,выс. волат.,835,0.011759091238647401,-0.02824090876135261,-0.8765064309851838,762,-0.018847556184655338,-0.058847556184655356,-1.4437725686638474,2/6
gold,48:4:4:2,"по тренду, EMA20",все,1001,0.025237823848133438,-0.014762176151866578,-0.5222918293852306,922,0.030998667139067883,-0.00900133286093212,-0.24744615514987217,2/6
gold,48:4:4:2,"по тренду, EMA20",выс. волат.,779,-0.00513109764119989,-0.04513109764119991,-1.3504855847595425,711,0.016591535980894,-0.023408464019106012,-0.5426605979824773,2/6
gold,48:4:4:2,"по тренду, EMA50",все,1020,0.0090793829270103,-0.030920617072989723,-1.0968184371663312,930,0.030729781664602843,-0.009270218335397176,-0.2569961261602276,2/6
gold,48:4:4:2,"по тренду, EMA50",выс. волат.,800,-0.0062045979236746126,-0.04620459792367462,-1.3856507589982043,729,0.007808880008918022,-0.03219111999108197,-0.7616257443649299,3/6
lkoh,48:4:4:2,импульс 1/1.5,все,308,0.12405181756193687,0.08405181756193687,0.8037278731360472,552,0.14786956084518252,0.10786956084518248,1.1055907235149751,5/6
lkoh,48:4:4:2,импульс 1/1.5,выс. волат.,182,0.15029015953209124,0.11029015953209124,0.7799097155900464,308,0.07607803703220029,0.036078037032200236,0.22754071081858973,3/6
lkoh,48:4:4:2,импульс 1/1.5,по тренду,149,0.20665024792731487,0.16665024792731492,0.9885285447734997,287,0.06621835009408047,0.026218350094080453,0.22410954615036008,3/6
lkoh,48:4:4:2,импульс 1/1.5,оба,74,0.5175125119463105,0.4775125119463105,1.775115012024401,156,-0.22803580466162096,-0.26803580466162097,-1.442135307000803,3/6
lkoh,48:4:4:2,импульс 1/1.5 разв,все,312,-0.15025161864113545,-0.19025161864113543,-1.5631614451145939,561,-0.010169404019984587,-0.050169404019984584,-0.5424774286473282,2/6
lkoh,48:4:4:2,импульс 1/1.5 разв,выс. волат.,187,-0.37923851247065365,-0.41923851247065386,-2.588156979351752,313,0.0706257008436153,0.030625700843615298,0.20352109495331042,3/6
lkoh,48:4:4:2,импульс 1/1.5 разв,по тренду,105,0.1597905588266312,0.11979055882663119,0.6485603944393654,228,-0.13742611746389796,-0.17742611746389794,-1.6498126031445752,1/6
lkoh,48:4:4:2,импульс 1/1.5 разв,оба,57,0.32550368778466815,0.28550368778466806,1.050475938785188,110,-0.2677170625088501,-0.30771706250885017,-1.6555899564200913,1/6
lkoh,48:4:4:2,импульс 1/2.5,все,53,0.4222893800313255,0.3822893800313254,1.2457955168820085,162,0.3878443848968858,0.34784438489688574,1.4551486935506055,5/6
lkoh,48:4:4:2,импульс 1/2.5,выс. волат.,36,0.3351212484998417,0.2951212484998417,0.7608384132225834,86,0.5802357154562526,0.5402357154562526,1.2599750917620889,3/6
lkoh,48:4:4:2,импульс 1/2.5,по тренду,17,0.8015910495193577,0.7615910495193577,0.9794401555060303,74,0.030521670014700623,-0.009478329985299384,-0.035682077641792084,4/6
lkoh,48:4:4:2,импульс 1/2.5,оба,12,0.7225297876407767,0.6825297876407767,0.729805357511797,40,-0.04801495002496046,-0.08801495002496051,-0.20254596314928947,2/6
lkoh,48:4:4:2,импульс 1/2.5 разв,все,54,-0.12493229921664667,-0.16493229921664668,-0.5759855807580907,166,-0.15018005647266966,-0.19018005647266967,-1.05828337659448,2/6
lkoh,48:4:4:2,импульс 1/2.5 разв,выс. волат.,36,-0.33353975339149106,-0.3735397533914911,-1.0232402010639856,91,-0.14316808910461865,-0.18316808910461854,-0.5926456774140493,2/6
lkoh,48:4:4:2,импульс 1/2.5 разв,по тренду,14,0.7589884188935195,0.7189884188935196,1.1664628564589978,45,-0.2742792694779147,-0.31427926947791485,-1.257896146878054,1/6
lkoh,48:4:4:2,импульс 1/2.5 разв,оба,10,0.8363360472314284,0.7963360472314283,1.1567973661948168,22,-0.39018223359532683,-0.4301822335953268,-0.9955291037940095,3/6
lkoh,48:4:4:2,импульс 3/2.0,все,397,0.04925324397200926,0.009253243972009209,0.09496836368850177,664,0.19825578781159156,0.1582557878115916,1.7720252991940875,6/6
lkoh,48:4:4:2,импульс 3/2.0,выс. волат.,234,0.004925231386383709,-0.035074768613616296,-0.2539152511922702,387,0.20981458406853176,0.16981458406853167,1.2183274406967661,5/6
lkoh,48:4:4:2,импульс 3/2.0,по тренду,257,0.2375850428804945,0.19758504288049453,1.6699324184250355,427,0.22034144983636994,0.18034144983636996,1.988443119182507,6/6
lkoh,48:4:4:2,импульс 3/2.0,оба,145,0.357315100191189,0.317315100191189,1.9155683489811475,236,0.12881492646262485,0.08881492646262483,0.6372507652031277,4/6
lkoh,48:4:4:2,импульс 3/2.0 разв,все,403,-0.0013939640182376607,-0.041393964018237674,-0.3750137736357217,686,-0.009049784721119145,-0.04904978472111921,-0.5817970778364077,3/6
lkoh,48:4:4:2,импульс 3/2.0 разв,выс. волат.,234,-0.006547984573190193,-0.04654798457319024,-0.2838047894456079,397,0.0451134152085838,0.005113415208583785,0.03963007545686106,2/6
lkoh,48:4:4:2,импульс 3/2.0 разв,по тренду,147,0.1255476645070503,0.08554766450705031,0.5560881863204817,254,-0.029208858923057298,-0.06920885892305732,-0.5942007596176266,3/6
lkoh,48:4:4:2,импульс 3/2.0 разв,оба,72,0.255219960937312,0.21521996093731188,0.957320200685031,131,-0.043828337958313694,-0.08382833795831374,-0.41941642300632087,3/6
lkoh,48:4:4:2,импульс 3/3.0,все,128,0.3258037325513865,0.28580373255138647,1.5692605007888432,295,0.11510916713266214,0.0751091671326621,0.48621948993022357,3/6
lkoh,48:4:4:2,импульс 3/3.0,выс. волат.,78,0.4029878313959283,0.36298783139592833,1.442391233451641,169,0.09586475480946206,0.05586475480946211,0.22097072032028106,3/6
lkoh,48:4:4:2,импульс 3/3.0,по тренду,93,0.3973752427289758,0.3573752427289757,1.6483059511765286,190,0.16968925636766344,0.12968925636766337,0.8725336755724564,3/6
lkoh,48:4:4:2,импульс 3/3.0,оба,53,0.7642460751374921,0.7242460751374922,2.2981147886048765,105,0.11752842281445493,0.07752842281445489,0.3274153634947695,3/6
lkoh,48:4:4:2,импульс 3/3.0 разв,все,128,-0.21293193924480747,-0.2529319392448075,-1.4644328037986485,301,0.08619354799135283,0.04619354799135283,0.3064451383617664,3/6
lkoh,48:4:4:2,импульс 3/3.0 разв,выс. волат.,80,-0.318799332739642,-0.358799332739642,-1.5158982840289619,174,0.24158345350546637,0.20158345350546636,0.8221761763824915,3/6
lkoh,48:4:4:2,импульс 3/3.0 разв,по тренду,25,0.05998315067015175,0.019983150670151648,0.046996604816704805,66,0.25884626522861187,0.21884626522861178,0.7458762763365688,4/6
lkoh,48:4:4:2,импульс 3/3.0 разв,оба,14,0.6510608571251936,0.6110608571251934,0.9786890917877262,40,0.3595285616397522,0.3195285616397522,0.6967630600533747,4/6
lkoh,48:4:4:2,импульс 6/3.0,все,282,0.24852390650773828,0.20852390650773833,1.7446216600062392,480,0.08300204683348182,0.043002046833481834,0.4830691512555795,4/6
lkoh,48:4:4:2,импульс 6/3.0,выс. волат.,158,0.325226179774002,0.2852261797740019,1.6195866739883773,304,-0.005048500188200618,-0.045048500188200634,-0.36142122523792514,3/6
lkoh,48:4:4:2,импульс 6/3.0,по тренду,226,0.3706613130560517,0.3306613130560516,2.7229025249451757,358,0.12088407896858881,0.08088407896858878,0.8394853808579615,5/6
lkoh,48:4:4:2,импульс 6/3.0,оба,129,0.4209145725048505,0.3809145725048505,2.186025314569422,218,0.04902240995994282,0.00902240995994277,0.06759357058668601,4/6
lkoh,48:4:4:2,импульс 6/3.0 разв,все,286,-0.23413308290816817,-0.2741330829081681,-2.071107952404032,505,-0.04728184262552657,-0.0872818426255266,-1.019674525408999,3/6
lkoh,48:4:4:2,импульс 6/3.0 разв,выс. волат.,158,-0.27821959913320965,-0.31821959913320963,-1.548607608113087,317,0.034309718498811176,-0.005690281501188844,-0.046419167788761026,2/6
lkoh,48:4:4:2,импульс 6/3.0 разв,по тренду,43,0.1206982919322714,0.08069829193227128,0.27041046191117507,83,-0.07324503919033871,-0.11324503919033875,-0.5766796358207921,2/6
lkoh,48:4:4:2,импульс 6/3.0 разв,оба,22,0.47579136287481505,0.435791362874815,0.9076730487077178,52,-0.14951460352868365,-0.1895146035286837,-0.7200608375462378,1/6
lkoh,48:4:4:2,импульс 6/4.0,все,101,0.602682651009556,0.562682651009556,2.6256059194337196,220,0.008586389211122139,-0.03141361078887788,-0.22940200295244306,4/6
lkoh,48:4:4:2,импульс 6/4.0,выс. волат.,71,0.6161894755204627,0.5761894755204626,2.1682099645819557,138,0.09992611083856628,0.05992611083856624,0.30567036638609846,4/6
lkoh,48:4:4:2,импульс 6/4.0,по тренду,83,0.7710523650014859,0.7310523650014858,3.0415732675144684,170,0.08792005634728842,0.047920056347288444,0.3122181882809875,4/6
lkoh,48:4:4:2,импульс 6/4.0,оба,56,0.8291132605333331,0.7891132605333331,2.5444106519748164,105,0.18308645625975908,0.14308645625975913,0.6461209512802344,5/6
lkoh,48:4:4:2,импульс 6/4.0 разв,все,105,-0.52966983442954,-0.56966983442954,-2.6013553453030767,227,0.044919421596839024,0.004919421596839003,0.03700114373272184,3/6
lkoh,48:4:4:2,импульс 6/4.0 разв,выс. волат.,71,-0.5636372829955286,-0.6036372829955284,-2.108429876761981,146,-0.03714447672717328,-0.07714447672717328,-0.4145001470335935,3/6
lkoh,48:4:4:2,импульс 6/4.0 разв,по тренду,10,0.691795355302872,0.6517953553028719,0.7256041552967935,23,0.3252418257645539,0.28524182576455387,0.8441988979737616,3/5
lkoh,48:4:4:2,импульс 6/4.0 разв,оба,7,1.4146587256903567,1.374658725690357,1.1628171012051078,17,0.018666724516049973,-0.021333275483950063,-0.06248412811202005,2/5
lkoh,48:4:4:2,серия 3,все,441,0.16839509892435223,0.12839509892435216,1.295847540442433,679,0.10193125745813657,0.06193125745813655,0.7521487214377074,4/6
lkoh,48:4:4:2,серия 3,выс. волат.,248,0.18035083427613927,0.1403508342761392,0.9937510173579666,392,-0.023003526392130862,-0.06300352639213082,-0.5024053389567487,2/6
lkoh,48:4:4:2,серия 3,по тренду,269,0.2210556526085121,0.18105565260851209,1.580230165790304,438,0.21009512478885886,0.17009512478885885,1.9910878378193675,4/6
lkoh,48:4:4:2,серия 3,оба,146,0.411091234587354,0.37109123458735405,2.3514084812606812,231,0.030073053195189915,-0.009926946804810132,-0.07930503494813085,4/6
lkoh,48:4:4:2,пробой 24,все,438,0.07440200562208889,0.03440200562208887,0.3793433447825052,646,0.1325963329064355,0.09259633290643549,1.048968636325764,5/6
lkoh,48:4:4:2,пробой 24,выс. волат.,258,0.10706306689458008,0.06706306689458007,0.5253736636071051,375,0.08283333975931674,0.042833339759316726,0.31327238677942165,3/6
lkoh,48:4:4:2,пробой 24,по тренду,347,0.13370037020400694,0.09370037020400694,0.9237756012470624,488,0.12548946944674907,0.08548946944674908,0.9851977273743092,4/6
lkoh,48:4:4:2,пробой 24,оба,195,0.23399280942475445,0.1939928094247544,1.3219681127719811,270,0.0008014845611282847,-0.03919851543887171,-0.29746987998507307,4/6
lkoh,48:4:4:2,пробой 24 сжатие,все,400,0.06623484211516346,0.0262348421151634,0.2724943505875461,588,0.13562684164798777,0.09562684164798772,1.0462730114242005,4/6
lkoh,48:4:4:2,пробой 24 сжатие,выс. волат.,228,0.14893052080614597,0.10893052080614592,0.7868785408953073,338,0.12967468155616432,0.08967468155616432,0.6295457440343901,3/6
lkoh,48:4:4:2,пробой 24 сжатие,по тренду,310,0.1519781371099441,0.11197813710994413,1.016048106408042,435,0.1284401838222175,0.08844018382221742,1.0328150328108736,6/6
lkoh,48:4:4:2,пробой 24 сжатие,оба,167,0.27623070428090796,0.23623070428090784,1.429513162041514,236,0.06701489069640029,0.02701489069640026,0.20857401260110253,3/6
lkoh,48:4:4:2,пробой 72,все,255,0.11381652289900726,0.07381652289900727,0.6161898454026411,394,0.16141504240652912,0.12141504240652913,0.9999604555801682,2/6
lkoh,48:4:4:2,пробой 72,выс. волат.,157,0.21464217278293216,0.17464217278293215,1.0619670491190116,249,0.17865804834209018,0.13865804834209017,0.771759662385532,2/6
lkoh,48:4:4:2,пробой 72,по тренду,200,0.24434987640320305,0.20434987640320298,1.4873159496747357,322,0.07590890871168895,0.03590890871168894,0.3554129428640206,4/6
lkoh,48:4:4:2,пробой 72,оба,120,0.4303393500793962,0.39033935007939624,2.039633198262472,193,0.05306743417359772,0.013067434173597719,0.08928624591729202,3/6
lkoh,48:4:4:2,пробой 72 сжатие,все,48,0.396966630592329,0.35696663059232897,1.300363910245782,97,-0.21112472687125436,-0.2511247268712545,-1.1189661749468023,2/6
lkoh,48:4:4:2,пробой 72 сжатие,выс. волат.,34,0.4288997988968437,0.3888997988968437,1.1402835771603297,81,-0.2831099688762432,-0.3231099688762433,-1.2455344465197618,2/6
lkoh,48:4:4:2,пробой 72 сжатие,по тренду,45,0.38556587131114495,0.34556587131114497,1.1820077168357639,78,-0.09232825631449597,-0.13232825631449602,-0.5607264256826516,1/6
lkoh,48:4:4:2,пробой 72 сжатие,оба,32,0.36042835648954874,0.32042835648954865,0.8758673216490028,66,-0.16049381631593004,-0.20049381631593008,-0.7662089678757116,3/6
lkoh,48:4:4:2,откат в тренде,все,395,-0.014561493788012582,-0.054561493788012616,-0.5915027814771837,548,0.11267723034236478,0.07267723034236477,0.8376856264170914,4/6
lkoh,48:4:4:2,откат в тренде,выс. волат.,233,-0.018769269164531685,-0.05876926916453169,-0.45895432483699194,309,0.10487992251046452,0.0648799225104645,0.5241784751728528,4/6
lkoh,48:4:4:2,откат в тренде,по тренду,395,-0.014561493788012582,-0.054561493788012616,-0.5915027814771837,548,0.11267723034236478,0.07267723034236477,0.8376856264170914,4/6
lkoh,48:4:4:2,откат в тренде,оба,233,-0.018769269164531685,-0.05876926916453169,-0.45895432483699194,309,0.10487992251046452,0.0648799225104645,0.5241784751728528,4/6
lkoh,48:4:4:2,растяжение 2.5,все,264,-0.15613257584817536,-0.19613257584817534,-1.3883267219541875,506,-0.07645246714833617,-0.11645246714833622,-1.4350756452986209,3/6
lkoh,48:4:4:2,растяжение 2.5,выс. волат.,161,-0.2705984891564658,-0.3105984891564658,-1.4951516099144897,298,-0.020650579019522417,-0.060650579019522435,-0.49171368640039076,3/6
lkoh,48:4:4:2,растяжение 2.5,по тренду,12,0.27316072289619037,0.23316072289619041,0.4099438346693239,34,0.07313751122721995,0.033137511227219904,0.12379068457002601,3/6
lkoh,48:4:4:2,растяжение 2.5,оба,9,0.46771988194990244,0.4277198819499024,0.6002692410497404,21,0.1674681578115417,0.12746815781154167,0.31932359878876443,3/6
lkoh,48:4:4:2,растяжение 3.5,все,88,-0.4259977458586039,-0.46599774585860376,-2.335037091193231,200,0.1478521561972703,0.1078521561972703,0.6980594233157537,3/6
lkoh,48:4:4:2,растяжение 3.5,выс. волат.,55,-0.5944567122759078,-0.6344567122759077,-2.4767942007509274,129,0.1734196742755175,0.1334196742755175,0.6417566089113165,4/6
lkoh,48:4:4:2,растяжение 3.5,по тренду,1,-0.6951718883915817,-0.7351718883915818,,11,-0.19415458871006688,-0.23415458871006692,-0.42813224775937686,2/5
lkoh,48:4:4:2,растяжение 3.5,оба,1,-0.6951718883915817,-0.7351718883915818,,9,-0.06609861880012066,-0.1060986188001207,-0.15971987075777414,3/5
lkoh,48:4:4:2,по тренду,все,629,0.08614898895903238,0.04614898895903236,0.6658301586349634,881,0.17286799219923338,0.1328679921992334,2.0515749947246897,5/6
lkoh,48:4:4:2,по тренду,выс. волат.,410,0.03331213160666589,-0.006687868393334128,-0.07490893970604841,553,0.11049920529796849,0.07049920529796849,0.7883214974787317,4/6
lkoh,48:4:4:2,"по тренду, EMA20",все,603,0.058476218759536146,0.01847621875953616,0.2600268951828539,841,0.1729061311074848,0.13290613110748478,2.051433209065041,6/6
lkoh,48:4:4:2,"по тренду, EMA20",выс. волат.,387,0.040973954049615874,0.000973954049615819,0.010608850576648024,520,0.08337235361115175,0.04337235361115173,0.4903263380016437,3/6
lkoh,48:4:4:2,"по тренду, EMA50",все,612,0.07101059732141163,0.031010597321411627,0.4461276314648311,849,0.15216288725912813,0.1121628872591281,1.7516443305420144,5/6
lkoh,48:4:4:2,"по тренду, EMA50",выс. волат.,398,0.05756126579693952,0.01756126579693949,0.1959836661474165,525,0.07407683781160018,0.034076837811600175,0.3866920046468196,3/6
silver,120:6:6:3,импульс 1/1.5,все,445,0.0760760443746789,0.03607604437467885,0.2992653895056293,388,0.09256692958253869,0.05256692958253862,0.32294725609551655,3/6
silver,120:6:6:3,импульс 1/1.5,выс. волат.,307,0.04813796103679517,0.00813796103679516,0.050619007286988545,277,0.0012645769446008137,-0.03873542305539922,-0.1876776166998772,2/6
silver,120:6:6:3,импульс 1/1.5,по тренду,293,0.03263956228133145,-0.007360437718668593,-0.04754761480516784,255,0.07974016242989514,0.0397401624298952,0.19462443896555653,3/6
silver,120:6:6:3,импульс 1/1.5,оба,174,0.2275406056852681,0.18754060568526804,0.842930270346553,159,0.2725727229738892,0.23257272297388928,0.8274898168170712,4/6
silver,120:6:6:3,импульс 1/1.5 разв,все,447,-0.13716241393223394,-0.17716241393223398,-1.529892077467612,384,0.10048805136054734,0.060488051360547336,0.32911117281906116,4/6
silver,120:6:6:3,импульс 1/1.5 разв,выс. волат.,301,0.08869563672964335,0.04869563672964335,0.27712204585677386,283,0.02225073103476055,-0.017749268965239463,-0.08048251211932957,3/6
silver,120:6:6:3,импульс 1/1.5 разв,по тренду,231,-0.05122030261658407,-0.09122030261658412,-0.6388406756922119,220,0.2400613840893637,0.20006138408936375,0.9409468147212726,5/6
silver,120:6:6:3,импульс 1/1.5 разв,оба,134,0.09038055796308836,0.05038055796308833,0.25720899373926365,149,0.12984719851371956,0.08984719851371956,0.3285976104726928,3/6
silver,120:6:6:3,импульс 1/2.5,все,179,0.3897669355941291,0.3497669355941293,1.7083648576233077,162,0.05083040440154854,0.010830404401548572,0.03899625221818241,3/6
silver,120:6:6:3,импульс 1/2.5,выс. волат.,120,0.5359132848987779,0.49591328489877795,1.7498162562024033,119,-0.042062056584974215,-0.08206205658497424,-0.2379308477294816,2/6
silver,120:6:6:3,импульс 1/2.5,по тренду,84,0.40958122669105246,0.3695812266910526,1.0894262587381982,75,0.40309662730232587,0.363096627302326,0.9625103963784698,4/6
silver,120:6:6:3,импульс 1/2.5,оба,57,0.8726175203130784,0.8326175203130785,1.8003521467280756,54,0.07172760776431888,0.03172760776431874,0.0722354171568758,2/6
silver,120:6:6:3,импульс 1/2.5 разв,все,184,-0.40117609688282097,-0.441176096882821,-2.450331696243412,161,-0.034851964065635885,-0.07485196406563593,-0.31837857828364763,4/6
silver,120:6:6:3,импульс 1/2.5 разв,выс. волат.,121,-0.3910796152815821,-0.431079615281582,-1.7815484594178441,116,0.1980045727385702,0.15800457273857021,0.5155222266012883,4/6
silver,120:6:6:3,импульс 1/2.5 разв,по тренду,58,0.16365182415103102,0.12365182415103104,0.3799937032611547,59,0.49839294489671226,0.4583929448967122,1.1835942017980636,5/6
silver,120:6:6:3,импульс 1/2.5 разв,оба,37,0.1666909091114472,0.12669090911144715,0.31185247324234,44,0.10533651238712287,0.0653365123871227,0.12347659423253202,4/6
silver,120:6:6:3,импульс 3/2.0,все,488,0.18584021053489794,0.14584021053489798,1.2015400150229565,432,0.23293532955590748,0.19293532955590745,1.1435707912786004,3/6
silver,120:6:6:3,импульс 3/2.0,выс. волат.,342,0.1372828217806975,0.09728282178069746,0.5925657672173626,322,0.18029332310814017,0.14029332310814013,0.6955480825884318,2/6
silver,120:6:6:3,импульс 3/2.0,по тренду,381,0.03671576568385732,-0.0032842343161426347,-0.026288538870548585,339,0.25492949772216716,0.21492949772216713,1.1366594224513555,5/6
silver,120:6:6:3,импульс 3/2.0,оба,258,0.11342862836242826,0.07342862836242828,0.4367847281216721,251,0.23630989370735844,0.19630989370735838,0.8679612838161316,4/6
silver,120:6:6:3,импульс 3/2.0 разв,все,492,-0.16202266662762643,-0.20202266662762647,-1.82279450287745,428,-0.06771994843665362,-0.10771994843665368,-0.6563911112897678,3/6
silver,120:6:6:3,импульс 3/2.0 разв,выс. волат.,348,-0.18454033262742578,-0.22454033262742576,-1.5437880005446265,324,-0.168174036643547,-0.208174036643547,-1.0400075347093536,3/6
silver,120:6:6:3,импульс 3/2.0 разв,по тренду,232,-0.01950433248024922,-0.059504332480249215,-0.407565267640969,226,-0.02337643336111194,-0.06337643336111204,-0.29969784284586953,4/6
silver,120:6:6:3,импульс 3/2.0 разв,оба,136,0.0074528063172245584,-0.032547193682775435,-0.1573872738208715,152,-0.255238653348601,-0.29523865334860105,-1.0554515712016548,3/6
silver,120:6:6:3,импульс 3/3.0,все,291,0.3119449470862124,0.27194494708621253,1.710214165468334,242,0.3778983154735677,0.33789831547356775,1.4401032867815033,5/6
silver,120:6:6:3,импульс 3/3.0,выс. волат.,205,0.3889675963969139,0.34896759639691377,1.724529575067304,189,0.25069275663591517,0.21069275663591522,0.7957385864827241,2/6
silver,120:6:6:3,импульс 3/3.0,по тренду,210,0.3086510477999575,0.2686510477999576,1.381802787634634,182,0.45732389411504426,0.41732389411504417,1.5285217101858561,5/6
silver,120:6:6:3,импульс 3/3.0,оба,147,0.4914255248883713,0.45142552488837134,1.8125994290863057,136,0.4870091146729202,0.44700911467292026,1.4473058082478356,6/6
silver,120:6:6:3,импульс 3/3.0 разв,все,292,-0.2991233901595147,-0.3391233901595148,-2.4489640567361675,236,-0.26703076195466047,-0.3070307619546604,-1.4405384403568426,2/6
silver,120:6:6:3,импульс 3/3.0 разв,выс. волат.,206,-0.34804234220277946,-0.3880423422027795,-2.2001098935277907,192,-0.3958389164093172,-0.4358389164093172,-1.8017790441542516,2/6
silver,120:6:6:3,импульс 3/3.0 разв,по тренду,75,0.1619170716110637,0.1219170716110636,0.45645183312270327,75,-0.4768612019891231,-0.5168612019891231,-1.3019134571830866,2/6
silver,120:6:6:3,импульс 3/3.0 разв,оба,46,0.13695169166459586,0.09695169166459582,0.2529683775888112,58,-0.7306816529237254,-0.7706816529237254,-1.5998836867638315,2/6
silver,120:6:6:3,импульс 6/3.0,все,400,0.23578694378636345,0.19578694378636347,1.5114947559527458,368,0.25931236884094166,0.21931236884094168,1.2108146757071399,4/6
silver,120:6:6:3,импульс 6/3.0,выс. волат.,283,0.2980983059176794,0.25809830591767946,1.523909175626796,276,0.23110274003167144,0.19110274003167135,0.8556384323062094,3/6
silver,120:6:6:3,импульс 6/3.0,по тренду,314,0.25224943507899494,0.21224943507899502,1.4401994755154803,306,0.38912422338041486,0.3491242233804148,1.8128815719521767,5/6
silver,120:6:6:3,импульс 6/3.0,оба,224,0.31070442015138106,0.27070442015138096,1.4079813582507605,232,0.34952426332097014,0.30952426332097005,1.3517086206210045,5/6
silver,120:6:6:3,импульс 6/3.0 разв,все,407,-0.30284022586742787,-0.3428402258674279,-2.8388287084749035,374,-0.2094177426808492,-0.24941774268084915,-1.3986473534537496,0/6
silver,120:6:6:3,импульс 6/3.0 разв,выс. волат.,287,-0.3358621248395166,-0.3758621248395165,-2.3603076799764082,283,-0.11742536715743064,-0.15742536715743063,-0.7022818711345052,3/6
silver,120:6:6:3,импульс 6/3.0 разв,по тренду,105,-0.018953727601341244,-0.058953727601341266,-0.3202500997515001,105,-0.28937823039365523,-0.32937823039365527,-1.069551562344266,2/6
silver,120:6:6:3,импульс 6/3.0 разв,оба,56,-0.3490291708885615,-0.38902917088856154,-1.4850671569157463,71,-0.3128136713925125,-0.3528136713925125,-0.8497070336053222,2/6
silver,120:6:6:3,импульс 6/4.0,все,217,0.32014517169400925,0.28014517169400915,1.5126866391241074,182,0.2834250591408948,0.24342505914089482,1.076841052495524,3/6
silver,120:6:6:3,импульс 6/4.0,выс. волат.,163,0.42547938223775633,0.3854793822377564,1.6598343809562244,132,0.3901062858812774,0.35010628588127735,1.2338384669062497,4/6
silver,120:6:6:3,импульс 6/4.0,по тренду,170,0.2807485455500912,0.24074854555009123,1.1231707273789318,159,0.49832448141556207,0.45832448141556204,1.8978298612993199,5/6
silver,120:6:6:3,импульс 6/4.0,оба,127,0.5339725666744758,0.4939725666744756,1.804950619447311,111,0.7704889652116889,0.7304889652116888,2.3717540504356096,5/6
silver,120:6:6:3,импульс 6/4.0 разв,все,224,-0.3999527794946817,-0.4399527794946817,-2.6893266406722045,184,-0.2600999291474393,-0.3000999291474394,-1.251194242083476,2/6
silver,120:6:6:3,импульс 6/4.0 разв,выс. волат.,169,-0.46733620775869583,-0.5073362077586958,-2.5643638794168413,139,-0.33590388200592997,-0.37590388200592983,-1.2876574666913614,3/6
silver,120:6:6:3,импульс 6/4.0 разв,по тренду,24,-0.30372952928723435,-0.34372952928723444,-0.8030538482705074,27,0.09573723098156793,0.055737230981567895,0.09810359386216289,3/6
silver,120:6:6:3,импульс 6/4.0 разв,оба,16,0.177426935329464,0.13742693532946396,0.2564716193410232,17,-0.25888957423824954,-0.2988895742382496,-0.3553734641833237,2/6
silver,120:6:6:3,серия 3,все,487,-0.03963918824896524,-0.07963918824896522,-0.667753151189668,435,0.16563342099583744,0.12563342099583746,0.7362006537375358,4/6
silver,120:6:6:3,серия 3,выс. волат.,328,0.1740365313611403,0.1340365313611403,0.8244849526765183,310,0.10297968953883473,0.06297968953883473,0.2996143797872543,3/6
silver,120:6:6:3,серия 3,по тренду,366,0.11127573712305523,0.0712757371230552,0.524030340489148,355,-0.031911059025603324,-0.07191105902560337,-0.38489922116655373,3/6
silver,120:6:6:3,серия 3,оба,231,0.20288312416928306,0.16288312416928313,0.8370620816405122,240,-0.06210638458821706,-0.10210638458821707,-0.4252757095591636,3/6
silver,120:6:6:3,пробой 24,все,475,0.084862651654547,0.04486265165454695,0.38537306851287745,426,0.046216985992716335,0.006216985992716336,0.03664506834255372,2/6
silver,120:6:6:3,пробой 24,выс. волат.,338,0.09664821269777488,0.05664821269777484,0.3495417794665276,320,0.09418639540424083,0.05418639540424085,0.26608775557443587,2/6
silver,120:6:6:3,пробой 24,по тренду,401,0.08972510125753992,0.04972510125753994,0.37641734629112367,363,0.2571589093491774,0.21715890934917742,1.2018705026428547,5/6
silver,120:6:6:3,пробой 24,оба,268,0.24799113178703455,0.20799113178703457,1.1251514596708125,261,0.2438322541850362,0.2038322541850362,0.8941565525645696,4/6
silver,120:6:6:3,пробой 24 сжатие,все,438,0.15553625783730027,0.11553625783730023,0.9259437477891702,397,-0.16381252552185516,-0.20381252552185516,-1.1484151332615977,1/6
silver,120:6:6:3,пробой 24 сжатие,выс. волат.,316,0.18916257775066977,0.14916257775066974,0.8877076431766039,294,0.051557053360667716,0.011557053360667648,0.055828616538514675,3/6
silver,120:6:6:3,пробой 24 сжатие,по тренду,348,0.21630020604762815,0.1763002060476281,1.2049187941033384,331,0.15014335470181236,0.11014335470181238,0.5740923954505095,3/6
silver,120:6:6:3,пробой 24 сжатие,оба,232,0.34622734271364425,0.30622734271364427,1.5404745648839957,242,0.10111913973895975,0.0611191397389597,0.2656401088478518,3/6
silver,120:6:6:3,пробой 72,все,360,0.148211211929471,0.10821121192947096,0.7552521471149127,344,-0.037924392736997554,-0.07792439273699751,-0.3974561345080809,3/6
silver,120:6:6:3,пробой 72,выс. волат.,252,0.45088198785976713,0.41088198785976726,2.210327493976689,260,0.020799055169019986,-0.019200944830980008,-0.08179744803075283,4/6
silver,120:6:6:3,пробой 72,по тренду,318,0.13342039374877213,0.0934203937487721,0.6047395926888134,308,0.14414312064179183,0.10414312064179183,0.5240564945980399,4/6
silver,120:6:6:3,пробой 72,оба,222,0.3655316772136755,0.3255316772136756,1.5993749912668815,224,0.20062326196379018,0.16062326196379023,0.6517087767117999,4/6
silver,120:6:6:3,пробой 72 сжатие,все,149,0.20227107994477503,0.16227107994477502,0.6783878088687856,135,-0.04981927269702574,-0.08981927269702576,-0.32559324846885046,4/6
silver,120:6:6:3,пробой 72 сжатие,выс. волат.,115,0.4795190373924488,0.43951903739244863,1.6028594293078866,113,-0.16425388796919652,-0.20425388796919658,-0.6553657492843724,4/6
silver,120:6:6:3,пробой 72 сжатие,по тренду,125,0.21574522528386358,0.17574522528386358,0.649901097447448,103,0.12674387641549667,0.08674387641549662,0.26707564396629213,5/6
silver,120:6:6:3,пробой 72 сжатие,оба,95,0.3806780215514848,0.34067802155148486,1.1279111083369717,88,0.09249968810895158,0.05249968810895155,0.14213026169489665,5/6
silver,120:6:6:3,откат в тренде,все,422,-0.06797903106422484,-0.10797903106422484,-0.8878303789787798,387,0.16940280371003644,0.12940280371003646,0.7148028785446209,4/6
silver,120:6:6:3,откат в тренде,выс. волат.,293,0.04472924114756364,0.004729241147563657,0.029599097421352482,284,-0.026039745029520778,-0.06603974502952092,-0.30074705034290417,4/6
silver,120:6:6:3,откат в тренде,по тренду,422,-0.06797903106422484,-0.10797903106422484,-0.8878303789787798,387,0.16940280371003644,0.12940280371003646,0.7148028785446209,4/6
silver,120:6:6:3,откат в тренде,оба,293,0.04472924114756364,0.004729241147563657,0.029599097421352482,284,-0.026039745029520778,-0.06603974502952092,-0.30074705034290417,4/6
silver,120:6:6:3,растяжение 2.5,все,398,-0.2185175388111874,-0.2585175388111875,-2.0091301359722213,354,-0.029263489034296326,-0.06926348903429631,-0.3734215420311552,2/6
silver,120:6:6:3,растяжение 2.5,выс. волат.,276,-0.24541636905298905,-0.28541636905298906,-1.6904823876997201,257,-0.11184881461075899,-0.151848814610759,-0.648059199330333,3/6
silver,120:6:6:3,растяжение 2.5,по тренду,45,0.06178701683816941,0.021787016838169374,0.05693077749259773,47,-0.2303027853686313,-0.2703027853686313,-0.6331916078070136,2/6
silver,120:6:6:3,растяжение 2.5,оба,24,-0.4698534993940495,-0.5098534993940497,-0.9200254755609871,35,-0.18238584198626587,-0.22238584198626585,-0.4075733795933888,3/6
silver,120:6:6:3,растяжение 3.5,все,182,-0.4508706757146146,-0.4908706757146148,-2.4304429979416464,156,0.03795330648012032,-0.002046693519879693,-0.00811853042001592,4/6
silver,120:6:6:3,растяжение 3.5,выс. волат.,137,-0.5818721240483845,-0.6218721240483844,-2.4106984037491546,118,0.14494654865051043,0.10494654865051041,0.3378142413591849,4/6
silver,120:6:6:3,растяжение 3.5,по тренду,9,0.5067723573153945,0.4667723573153944,0.5351814975237489,12,0.5340077298346192,0.4940077298346192,0.5724570205498204,3/4
silver,120:6:6:3,растяжение 3.5,оба,7,0.7428610101306147,0.7028610101306146,0.6326783297229055,10,0.300875872710328,0.26087587271032797,0.2568677634391357,2/4
silver,120:6:6:3,по тренду,все,500,0.04987100236686755,0.009871002366867571,0.08042294358925788,448,0.12729115016672543,0.08729115016672542,0.5290104380082494,4/6
silver,120:6:6:3,по тренду,выс. волат.,424,0.22933128795650748,0.18933128795650747,1.4119146368222735,388,0.12960085847950267,0.08960085847950269,0.4859037629086931,3/6
silver,120:6:6:3,"по тренду, EMA20",все,500,0.12697449690747034,0.08697449690747035,0.727438005437777,453,-0.018892139193973347,-0.05889213919397334,-0.3565113798064793,3/6
silver,120:6:6:3,"по тренду, EMA20",выс. волат.,426,0.1499955062048076,0.10999550620480758,0.8178108495357086,387,0.0615759058773208,0.02157590587732072,0.11608054327717705,3/6
silver,120:6:6:3,"по тренду, EMA50",все,500,0.10883199794038342,0.06883199794038339,0.5595863456031184,449,0.052989388245148206,0.012989388245148259,0.07850422804686438,4/6
silver,120:6:6:3,"по тренду, EMA50",выс. волат.,427,0.13689606329926862,0.09689606329926859,0.7241231123389684,384,0.13593271112504882,0.09593271112504882,0.5065832835302826,4/6
gold,120:6:6:3,импульс 1/1.5,все,469,0.05701218305425443,0.017012183054254428,0.2819284636370402,411,0.008330878897705958,-0.03166912110229405,-0.37991142292913416,1/6
gold,120:6:6:3,импульс 1/1.5,выс. волат.,315,-0.0022491362099289957,-0.04224913620992902,-0.5356035956481772,282,0.09178173777430537,0.05178173777430528,0.47948752902595965,2/6
gold,120:6:6:3,импульс 1/1.5,по тренду,319,0.010917921913449702,-0.029082078086550313,-0.40674407595035544,266,0.028298361539793166,-0.01170163846020686,-0.11889501375026808,4/6
gold,120:6:6:3,импульс 1/1.5,оба,184,0.01765474055780192,-0.02234525944219812,-0.21915810647694173,163,0.011018382805117813,-0.028981617194882184,-0.20862290544820902,2/6
gold,120:6:6:3,импульс 1/1.5 разв,все,470,0.031256651086693454,-0.008743348913306559,-0.14092739311285593,412,-0.02216122095852287,-0.06216122095852289,-0.8092482895036404,2/6
gold,120:6:6:3,импульс 1/1.5 разв,выс. волат.,313,0.04609739571817338,0.006097395718173342,0.0716180023822465,298,-0.07341375220805393,-0.11341375220805398,-1.145335470587128,2/6
gold,120:6:6:3,импульс 1/1.5 разв,по тренду,239,-0.01321990258450736,-0.05321990258450737,-0.641261756552135,253,0.07903642285076808,0.03903642285076804,0.3902206908992789,4/6
gold,120:6:6:3,импульс 1/1.5 разв,оба,151,-0.043824873031513716,-0.08382487303151376,-0.7273840845099042,156,-0.061037124867792836,-0.10103712486779284,-0.7522874994751274,2/6
gold,120:6:6:3,импульс 1/2.5,все,199,0.059266508990661104,0.0192665089906611,0.2024736209127084,177,-0.12982606406540936,-0.16982606406540945,-1.3828097120574068,1/6
gold,120:6:6:3,импульс 1/2.5,выс. волат.,134,0.01805044127399279,-0.021949558726007224,-0.19212878722984034,126,0.03983322997851398,-0.000166770021486099,-0.0010600640278272905,3/6
gold,120:6:6:3,импульс 1/2.5,по тренду,92,0.03572847277777987,-0.004271527222220139,-0.027513440530609577,93,-0.035814641433492604,-0.07581464143349263,-0.47017209413477845,2/6
gold,120:6:6:3,импульс 1/2.5,оба,56,-0.05276324331473189,-0.09276324331473194,-0.4771615348433061,63,0.1309647515806065,0.09096475158060645,0.45100487978982234,3/6
gold,120:6:6:3,импульс 1/2.5 разв,все,201,-0.01773263384467678,-0.05773263384467682,-0.6158058468503307,172,0.17247453601617985,0.1324745360161798,0.949596572935266,4/6
gold,120:6:6:3,импульс 1/2.5 разв,выс. волат.,135,-0.02569863528584265,-0.06569863528584267,-0.5243747617740011,127,-0.020333224745596578,-0.06033322474559661,-0.384982000946905,2/6
gold,120:6:6:3,импульс 1/2.5 разв,по тренду,76,-0.001432035753401436,-0.041432035753401465,-0.2766717404416467,67,0.26162742485230045,0.22162742485230053,1.1023668076859654,5/6
gold,120:6:6:3,импульс 1/2.5 разв,оба,53,-0.1042517588597683,-0.1442517588597682,-0.7824032052602873,47,0.24934294891099376,0.2093429489109937,0.8859324748916766,3/6
gold,120:6:6:3,импульс 3/2.0,все,514,0.0588727643316059,0.018872764331605896,0.31474621637023353,443,0.07043204824572087,0.03043204824572087,0.37040246632677454,3/6
gold,120:6:6:3,импульс 3/2.0,выс. волат.,365,0.09231968157618708,0.052319681576187056,0.6923520381593217,342,-0.008982447303029637,-0.04898244730302969,-0.5114538665885239,1/6
gold,120:6:6:3,импульс 3/2.0,по тренду,404,0.07643027784124962,0.0364302778412496,0.5631458521528614,362,0.08920163844143038,0.04920163844143035,0.596557369828346,4/6
gold,120:6:6:3,импульс 3/2.0,оба,271,0.07257441849240281,0.03257441849240277,0.37038534083203506,255,-0.008278080555866416,-0.04827808055586643,-0.43998291173507154,2/6
gold,120:6:6:3,импульс 3/2.0 разв,все,519,-0.06912623380229492,-0.10912623380229494,-1.896082935561243,450,0.016221284380853136,-0.02377871561914688,-0.30532362145372005,2/6
gold,120:6:6:3,импульс 3/2.0 разв,выс. волат.,368,-0.09685788886302359,-0.13685788886302358,-1.8981654102438288,332,0.05886867738514208,0.018868677385142044,0.1953367539941385,2/6
gold,120:6:6:3,импульс 3/2.0 разв,по тренду,261,-0.11004049159541669,-0.15004049159541671,-1.83807914090137,244,0.10121213394103626,0.061212133941036216,0.597873055358614,3/6
gold,120:6:6:3,импульс 3/2.0 разв,оба,169,-0.20984983627335335,-0.2498498362733534,-2.2646476834319538,154,-0.06864067264916174,-0.10864067264916177,-0.7596257596478035,2/6
gold,120:6:6:3,импульс 3/3.0,все,321,-0.024926499063908637,-0.06492649906390865,-0.8850993058471357,280,0.10520559368703684,0.06520559368703682,0.6526034806949594,4/6
gold,120:6:6:3,импульс 3/3.0,выс. волат.,225,0.02357052682648192,-0.016429473173518137,-0.18332490576675245,194,0.06866424218376574,0.02866424218376572,0.21710199619046017,3/6
gold,120:6:6:3,импульс 3/3.0,по тренду,245,-0.04940952899468995,-0.08940952899468999,-1.0191296687364755,202,0.1050316340516468,0.06503163405164682,0.5728324665592952,4/6
gold,120:6:6:3,импульс 3/3.0,оба,162,-0.02651996425040301,-0.06651996425040299,-0.593238416953829,138,0.07457988864248306,0.03457988864248307,0.23782266817340375,4/6
gold,120:6:6:3,импульс 3/3.0 разв,все,313,0.07069769962508098,0.03069769962508094,0.3961063048650611,285,-0.1646206948208423,-0.2046206948208423,-2.2488199090716505,1/6
gold,120:6:6:3,импульс 3/3.0 разв,выс. волат.,230,-0.06852644573384425,-0.10852644573384428,-1.1916489036199684,197,-0.11854030108918914,-0.1585403010891892,-1.3208499470299202,2/6
gold,120:6:6:3,импульс 3/3.0 разв,по тренду,99,-0.02213460924955843,-0.06213460924955847,-0.4306715945643009,92,0.03414020200951952,-0.0058597979904805,-0.03540420687579273,2/6
gold,120:6:6:3,импульс 3/3.0 разв,оба,70,-0.1388006466603152,-0.17880064666031523,-1.0462119891328425,55,0.19590976895268492,0.15590976895268485,0.6617729110262327,4/6
gold,120:6:6:3,импульс 6/3.0,все,440,0.05826911604939486,0.018269116049394848,0.2898617088584067,391,0.17324654352551896,0.13324654352551896,1.5841436317288287,4/6
gold,120:6:6:3,импульс 6/3.0,выс. волат.,315,0.023235308414543167,-0.016764691585456862,-0.21140778517231587,284,0.16088360366260573,0.12088360366260571,1.1549457666123002,4/6
gold,120:6:6:3,импульс 6/3.0,по тренду,361,0.004512041284309846,-0.03548795871569016,-0.5069025841308347,337,0.17645359720160453,0.13645359720160447,1.6860969396185623,3/6
gold,120:6:6:3,импульс 6/3.0,оба,260,-0.008364770025504639,-0.04836477002550465,-0.5478280344411447,237,0.12703952629006068,0.0870395262900607,0.8126252225709536,4/6
gold,120:6:6:3,импульс 6/3.0 разв,все,440,-0.03184365428964405,-0.0718436542896441,-1.1664065572286517,403,-0.08147108219899252,-0.12147108219899252,-1.528764884655892,1/6
gold,120:6:6:3,импульс 6/3.0 разв,выс. волат.,322,-0.06807671792785548,-0.1080767179278555,-1.4245176389986034,289,-0.07530154198767626,-0.11530154198767632,-1.1473363493502657,2/6
gold,120:6:6:3,импульс 6/3.0 разв,по тренду,124,0.06230783650509876,0.022307836505098762,0.17426938669117004,120,-0.08602836958100875,-0.12602836958100877,-0.8612594773532715,2/6
gold,120:6:6:3,импульс 6/3.0 разв,оба,79,-0.023216785183700708,-0.06321678518370079,-0.36662449875737074,72,-0.23086798071468195,-0.270867980714682,-1.3712918037300152,3/6
gold,120:6:6:3,импульс 6/4.0,все,231,0.08394119134274544,0.04394119134274541,0.4782780475264391,211,0.02470937348282495,-0.015290626517175075,-0.13664452616687892,3/6
gold,120:6:6:3,импульс 6/4.0,выс. волат.,168,0.06182410667906104,0.021824106679060977,0.19052501796477267,152,0.03089178233341371,-0.00910821766658631,-0.06454043221092842,2/6
gold,120:6:6:3,импульс 6/4.0,по тренду,189,0.11708322827788019,0.0770832282778802,0.728235443597659,174,0.0758096650815411,0.03580966508154105,0.3013742519422318,4/6
gold,120:6:6:3,импульс 6/4.0,оба,139,0.08435131142760516,0.04435131142760511,0.340260239156553,123,0.0619998685714444,0.021999868571444408,0.14716269200351234,3/6
gold,120:6:6:3,импульс 6/4.0 разв,все,237,-0.004277896261075329,-0.044277896261075346,-0.46919006622085563,214,0.020161228307908976,-0.019838771692091077,-0.17065274382602175,4/6
gold,120:6:6:3,импульс 6/4.0 разв,выс. волат.,169,-0.06260911793186985,-0.10260911793186989,-0.8372227597547279,154,-0.04357754222068257,-0.08357754222068262,-0.5980115655724388,3/6
gold,120:6:6:3,импульс 6/4.0 разв,по тренду,39,0.17918023989516732,0.1391802398951673,0.46223837184531624,29,-0.21682880398857343,-0.25682880398857344,-0.9717956811926817,2/6
gold,120:6:6:3,импульс 6/4.0 разв,оба,25,0.3157822107932546,0.27578221079325455,0.6310577852132832,20,-0.2499439092631579,-0.2899439092631579,-0.7806589038380212,2/6
gold,120:6:6:3,серия 3,все,507,0.08428340192691351,0.04428340192691349,0.7316672677415345,450,0.17006943173188718,0.13006943173188718,1.656824930888823,5/6
gold,120:6:6:3,серия 3,выс. волат.,357,-0.042065549380193724,-0.08206554938019378,-1.0531187168501195,314,0.18379861090425118,0.14379861090425114,1.3835554939829997,5/6
gold,120:6:6:3,серия 3,по тренду,394,-0.004975194234542959,-0.04497519423454298,-0.6376348014900207,355,0.14139914252435065,0.10139914252435062,1.1913636466822533,4/6
gold,120:6:6:3,серия 3,оба,240,-0.04225223970308697,-0.08225223970308698,-0.8046274878521269,231,0.019962598886569156,-0.020037401113430907,-0.16282206463177532,3/6
gold,120:6:6:3,пробой 24,все,499,-0.031647441578545196,-0.0716474415785452,-1.158205471035941,440,0.018955993832440076,-0.021044006167559942,-0.26316374209154747,2/6
gold,120:6:6:3,пробой 24,выс. волат.,386,-0.06287261057875985,-0.10287261057875988,-1.4642481673996237,331,-0.0477325013212033,-0.08773250132120333,-0.920719684402965,1/6
gold,120:6:6:3,пробой 24,по тренду,421,0.011336956145996153,-0.028663043854003877,-0.4330957019585335,391,0.023193039052819008,-0.016806960947180993,-0.21036080309625707,2/6
gold,120:6:6:3,пробой 24,оба,302,0.006436712536036526,-0.033563287463963476,-0.4267446082141951,277,-0.07651455377827723,-0.11651455377827724,-1.1288721307366278,2/6
gold,120:6:6:3,пробой 24 сжатие,все,473,-0.016405321375552655,-0.0564053213755527,-0.8900873558312823,408,-0.0049986379677462705,-0.04499863796774625,-0.530164667384962,1/6
gold,120:6:6:3,пробой 24 сжатие,выс. волат.,356,-0.02553897189609946,-0.06553897189609946,-0.8937243903790716,307,-0.07332298823074698,-0.11332298823074702,-1.1461756781783454,1/6
gold,120:6:6:3,пробой 24 сжатие,по тренду,383,0.01142034177314019,-0.02857965822685982,-0.41476164434838847,346,0.04136726533754874,0.0013672653375487265,0.0158440723127726,3/6
gold,120:6:6:3,пробой 24 сжатие,оба,267,0.008608644445855457,-0.031391355554144566,-0.3689969718064933,238,-0.08222759148046203,-0.12222759148046207,-1.0911430938458213,2/6
gold,120:6:6:3,пробой 72,все,392,0.04738483296339985,0.007384832963399843,0.11087004253854667,341,0.04298696795048156,0.002986967950481538,0.03450473676900942,3/6
gold,120:6:6:3,пробой 72,выс. волат.,289,0.0925913388252833,0.05259133882528327,0.6466321601039197,260,-0.037213156385552344,-0.07721315638555237,-0.7287466979469162,3/6
gold,120:6:6:3,пробой 72,по тренду,344,0.06030960448468694,0.020309604484686928,0.2703354370909536,305,0.0763268740618944,0.03632687406189439,0.41900459373797705,4/6
gold,120:6:6:3,пробой 72,оба,235,0.17343768653805688,0.13343768653805688,1.4195878424428832,223,0.027057096863039205,-0.012942903136960827,-0.11812463625501841,2/6
gold,120:6:6:3,пробой 72 сжатие,все,145,0.02448336525415773,-0.015516634745842329,-0.13876308261521955,124,-0.2992223610916992,-0.3392223610916993,-2.1540279278256658,2/6
gold,120:6:6:3,пробой 72 сжатие,выс. волат.,118,0.014426002222244959,-0.02557399777775507,-0.1937178434288709,105,-0.2820052947916574,-0.3220052947916574,-1.843450520811149,2/6
gold,120:6:6:3,пробой 72 сжатие,по тренду,109,0.008620991925080763,-0.03137900807491927,-0.2505208841237489,100,-0.2320198229921719,-0.2720198229921719,-1.600526519406459,2/6
gold,120:6:6:3,пробой 72 сжатие,оба,84,-0.018415535493692386,-0.05841553549369242,-0.3785207891845441,83,-0.1712841202332384,-0.21128412023323842,-1.10280587246929,2/6
gold,120:6:6:3,откат в тренде,все,439,-0.0653782641747534,-0.10537826417475343,-1.6695965043538692,398,0.05024252681157461,0.010242526811574577,0.13334561736783512,3/6
gold,120:6:6:3,откат в тренде,выс. волат.,312,0.0007638960396561406,-0.03923610396034385,-0.46419744484918307,279,-0.05412934627676185,-0.09412934627676184,-0.9338250438712775,2/6
gold,120:6:6:3,откат в тренде,по тренду,439,-0.0653782641747534,-0.10537826417475343,-1.6695965043538692,398,0.05024252681157461,0.010242526811574577,0.13334561736783512,3/6
gold,120:6:6:3,откат в тренде,оба,312,0.0007638960396561406,-0.03923610396034385,-0.46419744484918307,279,-0.05412934627676185,-0.09412934627676184,-0.9338250438712775,2/6
gold,120:6:6:3,растяжение 2.5,все,435,-0.05555396671884245,-0.09555396671884246,-1.5188822643763003,384,-0.1027405251461317,-0.14274052514613172,-1.556439476499123,2/6
gold,120:6:6:3,растяжение 2.5,выс. волат.,315,-0.13803973681776335,-0.17803973681776336,-2.3484099476734994,270,-0.06212659360220019,-0.10212659360220017,-0.8893026854586947,2/6
gold,120:6:6:3,растяжение 2.5,по тренду,62,-0.08410471430814402,-0.12410471430814402,-0.7264293138047413,48,-0.26586871333337697,-0.305868713333377,-1.5375454943121072,1/6
gold,120:6:6:3,растяжение 2.5,оба,39,-0.15946562422475813,-0.19946562422475808,-0.9365796415027415,26,-0.19765490952778522,-0.23765490952778526,-0.8251854125486867,1/6
gold,120:6:6:3,растяжение 3.5,все,204,0.06527455313211605,0.025274553132115987,0.24740023097985053,186,-0.11608093204905623,-0.15608093204905626,-1.3663451069178603,1/6
gold,120:6:6:3,растяжение 3.5,выс. волат.,146,-0.06202895272784649,-0.10202895272784651,-0.7973690093601111,126,-0.2552626676993524,-0.29526266769935244,-2.238529158575736,0/6
gold,120:6:6:3,растяжение 3.5,по тренду,14,0.6619542835269752,0.6219542835269751,0.9220644352576002,13,-0.28882861556738415,-0.3288286155673842,-1.1916185979372758,1/5
gold,120:6:6:3,растяжение 3.5,оба,10,0.7633792884111479,0.7233792884111478,0.7831429291199714,10,-0.46053240641716464,-0.5005324064171646,-1.5182762161992722,1/5
gold,120:6:6:3,по тренду,все,508,0.04012049976476226,0.00012049976476224703,0.0019222542673803368,466,-0.04968177022766916,-0.08968177022766917,-1.1698479203415757,1/6
gold,120:6:6:3,по тренду,выс. волат.,435,0.05168110745291193,0.011681107452911873,0.1677969334884744,406,-0.016213361996989962,-0.05621336199698995,-0.6510634511334341,2/6
gold,120:6:6:3,"по тренду, EMA20",все,522,0.002853726544694469,-0.03714627345530556,-0.5893784648505813,464,-0.028323053776997963,-0.06832305377699799,-0.890770666415217,2/6
gold,120:6:6:3,"по тренду, EMA20",выс. волат.,432,-0.010782311042673966,-0.050782311042674,-0.7276662991774829,396,0.022495299003044634,-0.017504700996955346,-0.2012076404028093,4/6
gold,120:6:6:3,"по тренду, EMA50",все,513,0.0610649112605623,0.021064911260562272,0.33688756331873226,463,-0.016621216673761464,-0.05662121667376146,-0.7472750990403455,2/6
gold,120:6:6:3,"по тренду, EMA50",выс. волат.,428,0.056473233477622,0.01647323347762197,0.23794129293973199,397,-0.010765687017769861,-0.050765687017769894,-0.5844039200619168,2/6
lkoh,120:6:6:3,импульс 1/1.5,все,226,0.23348917922068768,0.1934891792206877,0.951756527426756,348,0.3113764743319897,0.27137647433198964,1.3736423091124275,4/6
lkoh,120:6:6:3,импульс 1/1.5,выс. волат.,140,0.2804950395290895,0.24049503952908954,1.0010749076677097,214,0.3749722580717039,0.3349722580717039,1.0941753196425206,3/6
lkoh,120:6:6:3,импульс 1/1.5,по тренду,129,0.14337904797564274,0.10337904797564273,0.40616941038530163,224,0.2813004199089983,0.24130041990899828,1.1778286354723768,3/6
lkoh,120:6:6:3,импульс 1/1.5,оба,67,0.6842398702647703,0.6442398702647705,1.5731081031050032,128,0.28244580515762996,0.24244580515763015,0.5323197742794574,4/6
lkoh,120:6:6:3,импульс 1/1.5 разв,все,224,-0.07112442500408649,-0.11112442500408647,-0.6089280405280295,363,0.09254043977070392,0.05254043977070394,0.2387077392663507,2/6
lkoh,120:6:6:3,импульс 1/1.5 разв,выс. волат.,144,-0.4062204652613393,-0.44622046526133935,-1.9547771018187103,227,0.250783396631788,0.210783396631788,0.6156521582849617,3/6
lkoh,120:6:6:3,импульс 1/1.5 разв,по тренду,93,0.25997272982763364,0.21997272982763363,0.7975683777829005,185,-0.21586102565543852,-0.25586102565543856,-1.4473877632597048,3/6
lkoh,120:6:6:3,импульс 1/1.5 разв,оба,53,0.513218651130237,0.47321865113023714,1.1336511619093403,97,-0.10068891896561352,-0.14068891896561356,-0.5121707446148779,1/6
lkoh,120:6:6:3,импульс 1/2.5,все,50,0.6220733712754971,0.5820733712754972,1.3106553220554054,138,0.4551929665707095,0.41519296657070953,1.477889614330062,5/6
lkoh,120:6:6:3,импульс 1/2.5,выс. волат.,34,0.2155801074854114,0.17558010748541145,0.31429783115205345,76,0.6228527091443399,0.5828527091443398,1.236299448019889,4/6
lkoh,120:6:6:3,импульс 1/2.5,по тренду,16,1.565816830830176,1.525816830830176,1.328504735142217,69,0.1516627326857887,0.11166273268578869,0.28799511331029937,4/6
lkoh,120:6:6:3,импульс 1/2.5,оба,11,1.2697238227708494,1.2297238227708491,0.8752699798728485,37,-0.05080691650892861,-0.09080691650892865,-0.14621389814334096,3/6
lkoh,120:6:6:3,импульс 1/2.5 разв,все,50,-0.4256267581157299,-0.46562675811572984,-1.123761088653006,144,-0.39833886585917094,-0.4383388658591709,-1.4922743896852335,2/6
lkoh,120:6:6:3,импульс 1/2.5 разв,выс. волат.,34,-0.2834607242149062,-0.3234607242149061,-0.6589409926500814,83,-0.3628428335529364,-0.40284283355293643,-0.8433251567978329,2/6
lkoh,120:6:6:3,импульс 1/2.5 разв,по тренду,14,0.24858900513539947,0.20858900513539944,0.36913703961680666,39,-0.3186418131408018,-0.35864181314080174,-0.8710791721661738,2/6
lkoh,120:6:6:3,импульс 1/2.5 разв,оба,10,0.20050435133441086,0.16050435133441088,0.2300500255212609,20,-0.4825387757887386,-0.5225387757887383,-0.8639321069224033,3/6
lkoh,120:6:6:3,импульс 3/2.0,все,257,0.2581123313718871,0.21811233137188718,1.0992482639953418,391,0.2604952696771548,0.22049526967715483,1.1467986123221172,5/6
lkoh,120:6:6:3,импульс 3/2.0,выс. волат.,167,0.6608330269156155,0.6208330269156155,2.3397203478674493,263,0.08227069507099277,0.04227069507099274,0.1575080935945241,3/6
lkoh,120:6:6:3,импульс 3/2.0,по тренду,191,0.4334147981660174,0.3934147981660175,1.744520900551186,299,0.4095171484623071,0.36951714846230715,1.682573255757999,5/6
lkoh,120:6:6:3,импульс 3/2.0,оба,116,0.7729001043407495,0.7329001043407495,2.315701472838346,188,0.2831983800488656,0.24319838004886565,0.7660257531961198,4/6
lkoh,120:6:6:3,импульс 3/2.0 разв,все,262,-0.21368937522160183,-0.25368937522160184,-1.5604661536334075,409,0.09620628210023056,0.05620628210023051,0.27201548479051124,3/6
lkoh,120:6:6:3,импульс 3/2.0 разв,выс. волат.,170,-0.34523045792842355,-0.38523045792842353,-1.7774526424573094,269,0.0900713660713876,0.0500713660713875,0.17047199833495885,2/6
lkoh,120:6:6:3,импульс 3/2.0 разв,по тренду,124,-0.17259476655346462,-0.21259476655346463,-1.1186423222184882,199,0.002011412714379555,-0.03798858728562054,-0.19665094993724505,2/6
lkoh,120:6:6:3,импульс 3/2.0 разв,оба,65,-0.2879223962804864,-0.3279223962804865,-1.2837436166166425,109,-0.1274880963767424,-0.1674880963767425,-0.5927540587213365,2/6
lkoh,120:6:6:3,импульс 3/3.0,все,109,0.6184465378517261,0.5784465378517262,2.0247085700926033,226,0.1880463321377009,0.14804633213770083,0.5314630234697879,4/6
lkoh,120:6:6:3,импульс 3/3.0,выс. волат.,68,0.9049891859383435,0.8649891859383435,2.2165971546038548,142,0.5188357862245981,0.4788357862245982,1.1113745849883032,3/6
lkoh,120:6:6:3,импульс 3/3.0,по тренду,87,0.4244869556694311,0.384486955669431,1.2111655154873497,160,0.330444404488346,0.290444404488346,0.8139105372639941,4/6
lkoh,120:6:6:3,импульс 3/3.0,оба,50,1.1352689289567457,1.0952689289567457,2.3270483586221946,97,0.6039890911084536,0.5639890911084536,0.9899683889381397,4/6
lkoh,120:6:6:3,импульс 3/3.0 разв,все,116,-0.22297814883575026,-0.26297814883575016,-0.9631857693838146,237,0.15539773930333625,0.11539773930333623,0.36288871465385986,3/6
lkoh,120:6:6:3,импульс 3/3.0 разв,выс. волат.,73,-0.842233000641678,-0.8822330006416781,-2.469819371871722,147,0.5043286539763776,0.4643286539763777,0.9269484561332092,4/6
lkoh,120:6:6:3,импульс 3/3.0 разв,по тренду,24,-0.36367629404362717,-0.4036762940436273,-0.8911083222057102,63,0.4647236706996369,0.424723670699637,1.0624245859849162,4/6
lkoh,120:6:6:3,импульс 3/3.0 разв,оба,14,0.2977089918858543,0.2577089918858543,0.4224922013255046,38,0.40355079405964994,0.36355079405964985,0.6036771218784918,4/6
lkoh,120:6:6:3,импульс 6/3.0,все,203,0.39521702997802316,0.35521702997802296,1.747779244305407,331,-0.11399697617311448,-0.1539969761731145,-0.8691253755308825,5/6
lkoh,120:6:6:3,импульс 6/3.0,выс. волат.,121,0.5744720095645972,0.5344720095645971,1.8693873311166194,228,-0.12142261459365335,-0.16142261459365334,-0.6599250666669205,4/6
lkoh,120:6:6:3,импульс 6/3.0,по тренду,177,0.4571133476756027,0.41711334767560265,1.9359849622350183,264,0.148836678530067,0.10883667853006694,0.6260142138769901,5/6
lkoh,120:6:6:3,импульс 6/3.0,оба,106,0.6741345613514266,0.6341345613514265,2.0134544115986435,174,0.13728732579538555,0.09728732579538563,0.40485770054236636,4/6
lkoh,120:6:6:3,импульс 6/3.0 разв,все,212,-0.3092038858557705,-0.34920388585577045,-1.9564812184511517,342,0.012610131031889595,-0.02738986896811037,-0.1545994211077915,3/6
lkoh,120:6:6:3,импульс 6/3.0 разв,выс. волат.,127,-0.4208768489069416,-0.46087684890694164,-1.8031799780331992,230,0.030515441170767585,-0.009484558829232374,-0.03859482194285942,3/6
lkoh,120:6:6:3,импульс 6/3.0 разв,по тренду,42,-0.1764232801307464,-0.21642328013074638,-0.6337451008251664,74,0.23057624842160776,0.19057624842160772,0.5167678250233886,3/6
lkoh,120:6:6:3,импульс 6/3.0 разв,оба,22,0.2102649221847215,0.17026492218472147,0.3087819613312026,47,0.2688448346179004,0.2288448346179003,0.45991050087142016,2/6
lkoh,120:6:6:3,импульс 6/4.0,все,88,0.7516469940219136,0.7116469940219136,2.301975852148201,178,0.030117592686305025,-0.00988240731369494,-0.03460222284981034,4/6
lkoh,120:6:6:3,импульс 6/4.0,выс. волат.,59,0.7228028301828986,0.6828028301828986,1.676599832157412,116,0.11240007639048855,0.07240007639048852,0.18652663634851605,4/6
lkoh,120:6:6:3,импульс 6/4.0,по тренду,76,0.7409380840909627,0.7009380840909628,2.2788142546391272,149,0.02856137027369483,-0.0114386297263052,-0.04367937735743875,4/6
lkoh,120:6:6:3,импульс 6/4.0,оба,49,0.8130313812826311,0.773031381282631,1.758428670374177,94,0.13404048902677562,0.09404048902677567,0.27759953541573096,4/6
lkoh,120:6:6:3,импульс 6/4.0 разв,все,95,-0.4694533018998574,-0.5094533018998575,-1.7518991998995967,186,-0.01656292830618058,-0.056562928306180656,-0.21251546657183196,3/6
lkoh,120:6:6:3,импульс 6/4.0 разв,выс. волат.,64,-0.7035039168063826,-0.7435039168063824,-1.9640531075822052,124,-0.1906449560302346,-0.23064495603023452,-0.6333531757708827,3/6
lkoh,120:6:6:3,импульс 6/4.0 разв,по тренду,10,0.5642654276246658,0.5242654276246657,0.4921233511031621,19,0.6948582462791562,0.6548582462791562,0.894108457445283,4/5
lkoh,120:6:6:3,импульс 6/4.0 разв,оба,7,1.8296243214642227,1.7896243214642225,1.462148203319968,14,0.003304894566098885,-0.03669510543390121,-0.05223575141691984,2/5
lkoh,120:6:6:3,серия 3,все,271,0.15889380185073504,0.11889380185073502,0.6945466811713485,401,-0.07907666769809836,-0.11907666769809841,-0.7960535366870282,3/6
lkoh,120:6:6:3,серия 3,выс. волат.,178,0.41717329359431177,0.37717329359431173,1.580460223632786,262,0.0032444963353052943,-0.036755503664694746,-0.16907242605084172,4/6
lkoh,120:6:6:3,серия 3,по тренду,200,0.35089282811911937,0.3108928281191194,1.5343009084768973,312,0.16494730916684286,0.12494730916684287,0.7402603783116548,4/6
lkoh,120:6:6:3,серия 3,оба,121,0.6061126540655509,0.566112654065551,1.8586681961116676,186,-0.030858188261181904,-0.0708581882611819,-0.31385925849780627,4/6
lkoh,120:6:6:3,пробой 24,все,284,-0.12885199281695556,-0.16885199281695557,-1.02927263936467,385,0.09093079201043051,0.050930792010430506,0.2710921719946463,3/6
lkoh,120:6:6:3,пробой 24,выс. волат.,184,-0.11755805923959652,-0.15755805923959648,-0.7530828198289761,256,0.02200344472958657,-0.01799655527041341,-0.07974031828836879,3/6
lkoh,120:6:6:3,пробой 24,по тренду,240,0.1105867951376574,0.0705867951376574,0.3905524284162662,325,0.10805435893107442,0.0680543589310743,0.3982202860028976,3/6
lkoh,120:6:6:3,пробой 24,оба,150,0.21866562041156912,0.1786656204115692,0.7490997105401078,205,0.02530104364975985,-0.014698956350240131,-0.061469119966049486,4/6
lkoh,120:6:6:3,пробой 24 сжатие,все,269,-0.1780886829945816,-0.21808868299458156,-1.2859218142352375,356,0.263770799752021,0.22377079975202088,1.1607576866895017,4/6
lkoh,120:6:6:3,пробой 24 сжатие,выс. волат.,167,-0.10406095908757901,-0.144060959087579,-0.6596400155067662,233,0.2115624549141693,0.1715624549141693,0.7518513129260943,3/6
lkoh,120:6:6:3,пробой 24 сжатие,по тренду,220,0.05779964135717164,0.017799641357171644,0.09494437772519453,291,0.26653459363288545,0.22653459363288544,1.310261759357106,4/6
lkoh,120:6:6:3,пробой 24 сжатие,оба,136,0.2824068101708541,0.24240681017085408,0.9811448901227026,182,0.2092274988212036,0.1692274988212035,0.7156586202019094,4/6
lkoh,120:6:6:3,пробой 72,все,186,0.15121868944927683,0.11121868944927685,0.5653367155639786,284,0.3358297237674604,0.29582972376746036,1.5605726386123284,5/6
lkoh,120:6:6:3,пробой 72,выс. волат.,122,0.18993118199313702,0.14993118199313707,0.5737716514124803,194,0.49997555204480854,0.45997555204480844,1.5043562273677995,5/6
lkoh,120:6:6:3,пробой 72,по тренду,159,0.2709638925032663,0.23096389250326632,1.0828913659130186,251,0.1637212334708993,0.12372123347089935,0.7455835612281574,4/6
lkoh,120:6:6:3,пробой 72,оба,98,0.38907527049298024,0.3490752704929802,1.1623182590831413,166,0.4538073297665324,0.4138073297665324,1.2359497435508846,4/6
lkoh,120:6:6:3,пробой 72 сжатие,все,45,0.5358654817916411,0.49586548179164114,1.3396205231272365,87,-0.056655117241317846,-0.09665511724131795,-0.21729852411108108,4/6
lkoh,120:6:6:3,пробой 72 сжатие,выс. волат.,32,0.38137590787166964,0.3413759078716696,0.720465981335624,75,-0.43391361122136646,-0.4739136112213665,-0.9605778750828313,3/6
lkoh,120:6:6:3,пробой 72 сжатие,по тренду,41,0.5428632606668762,0.5028632606668761,1.249103392154748,73,0.08651503084782909,0.046515030847829014,0.1384021049563524,4/6
lkoh,120:6:6:3,пробой 72 сжатие,оба,29,0.31990336540626213,0.27990336540626215,0.5387034960715222,62,-0.1385577362910283,-0.17855773629102836,-0.4931440900622124,3/6
lkoh,120:6:6:3,откат в тренде,все,244,0.0772751321950792,0.0372751321950792,0.21422141434380734,337,0.3718131088979169,0.33181310889791693,2.172104246294615,4/6
lkoh,120:6:6:3,откат в тренде,выс. волат.,166,0.1838206460516704,0.1438206460516704,0.6227455683281589,217,0.3021727287194574,0.26217272871945746,1.2545885316948835,5/6
lkoh,120:6:6:3,откат в тренде,по тренду,244,0.0772751321950792,0.0372751321950792,0.21422141434380734,337,0.3718131088979169,0.33181310889791693,2.172104246294615,4/6
lkoh,120:6:6:3,откат в тренде,оба,166,0.1838206460516704,0.1438206460516704,0.6227455683281589,217,0.3021727287194574,0.26217272871945746,1.2545885316948835,5/6
lkoh,120:6:6:3,растяжение 2.5,все,194,-0.18352586626362763,-0.2235258662636277,-1.085349232470934,341,0.024385330268264685,-0.015614669731735338,-0.09187867559646105,3/6
lkoh,120:6:6:3,растяжение 2.5,выс. волат.,119,-0.4963964540451049,-0.536396454045105,-1.8796829611182857,217,0.15354684596000642,0.11354684596000643,0.45901891641512743,3/6
lkoh,120:6:6:3,растяжение 2.5,по тренду,13,-0.10536968839186836,-0.1453696883918683,-0.2305933309048323,30,-0.24976195495398917,-0.28976195495398926,-0.6378118985624119,3/6
lkoh,120:6:6:3,растяжение 2.5,оба,9,0.06604599322296188,0.026045993222961847,0.032124900541872975,19,-0.08082211092008244,-0.12082211092008244,-0.17350803276442608,3/6
lkoh,120:6:6:3,растяжение 3.5,все,77,-0.13772123749789675,-0.17772123749789687,-0.5523093703513731,161,0.10382169451112046,0.06382169451112049,0.19768945847906408,3/6
lkoh,120:6:6:3,растяжение 3.5,выс. волат.,49,-0.5206406241784547,-0.5606406241784546,-1.2910184500418886,110,0.33164962787178126,0.2916496278717814,0.6602933957511443,3/6
lkoh,120:6:6:3,растяжение 3.5,по тренду,2,1.704884289757159,1.664884289757159,3.8825203278651856,11,-0.9182312711999914,-0.9582312711999915,-1.0785221653833936,2/5
lkoh,120:6:6:3,растяжение 3.5,оба,1,1.2760689458146843,1.2360689458146843,,9,-0.8019419017726729,-0.8419419017726728,-0.7705320651510272,2/5
lkoh,120:6:6:3,по тренду,все,307,0.043013907646306804,0.0030139076463067504,0.01906947180095992,438,0.08807935438602174,0.048079354386021754,0.3403452048405703,3/6
lkoh,120:6:6:3,по тренду,выс. волат.,234,-0.09884156546900769,-0.13884156546900772,-0.7658619235192312,326,-0.07830421134204246,-0.11830421134204241,-0.6984738946000393,3/6
lkoh,120:6:6:3,"по тренду, EMA20",все,308,0.005144288200747772,-0.034855711799252204,-0.22911050048969303,434,0.0760528739632035,0.036052873963203495,0.25431445305019706,3/6
lkoh,120:6:6:3,"по тренду, EMA20",выс. волат.,230,0.04981888267933024,0.009818882679330258,0.05380477106924531,320,-0.08127086263772221,-0.12127086263772213,-0.7068781064933014,3/6
lkoh,120:6:6:3,"по тренду, EMA50",все,306,-0.016457633211578244,-0.056457633211578304,-0.3631296430365343,437,0.08479630018660958,0.044796300186609614,0.31931133788377364,3/6
lkoh,120:6:6:3,"по тренду, EMA50",выс. волат.,232,-0.13837201675618982,-0.1783720167561899,-0.9806662215923264,319,-0.024870140135379477,-0.06487014013537949,-0.37949330102306467,3/6
