id,семейство,эксперимент,база,период,срез,сделок,итог,выигрышей,ожидание,ср_выигрыш,ср_проигрыш,PF,без_2_лучших,просадка,t,лет_в_плюсе,с,по,вердикт,база_итог,база_ожидание,база_PF,база_без_2_лучших
S01,стратегия без ML (импульс),"Импульс, базовая версия",,выбор,все,1199,26.1532947624097,45.03753127606338,0.1745007156791306,2.758841191242666,-1.9431682627796087,1.1633881563680952,21.333186518752523,-13.804675342913203,1.8833705389282294,2/5,2016-01,2020-12,база,,,,
S01,стратегия без ML (импульс),"Импульс, базовая версия",,проверка,все,1914,86.10334965242507,47.17868338557994,0.35988860878756557,3.6013169474241224,-2.5352743880361843,1.2687409879003768,76.72247865837947,-12.181044569116196,3.1343348918146203,5/6,2021-01,2026-06,база,,,,
S01,стратегия без ML (импульс),"Импульс, базовая версия",,всё,все,3113,112.25664441483475,46.35399935753293,0.28848479130057114,3.2860453546743056,-2.3016229290277512,1.2336422589678948,102.87577342078916,-13.804675342913203,3.6466291421905215,7/11,2016-01,2026-06,база,,,,
S01,стратегия без ML (импульс),"Импульс, базовая версия",,выбор,портфель 4,667,75.16070883430059,47.22638680659671,0.45073888356402153,3.1684437418019153,-1.9812981344613663,1.4310804866620126,65.52049234698625,-11.375994822958887,3.289543864842837,5/5,2016-01,2020-12,база,,,,
S01,стратегия без ML (импульс),"Импульс, базовая версия",,проверка,портфель 4,890,121.06907901301746,49.43820224719101,0.5441306921933369,3.374299097205146,-2.2231450815959874,1.4840752860151816,102.62339260559574,-21.51158299701538,3.3548996956372057,6/6,2021-01,2026-06,база,,,,
S01,стратегия без ML (импульс),"Импульс, базовая версия",,всё,портфель 4,1557,196.22978784731802,48.49068721901092,0.5041227690361414,3.28841242574552,-2.1169977930780495,1.4623066622824128,177.78410143989632,-21.51158299701538,4.595318494835527,11/11,2016-01,2026-06,база,,,,
S01,стратегия без ML (импульс),"Импульс, базовая версия",,выбор,silver,218,101.93398563767435,43.57798165137615,0.467587090081075,2.968646919934691,-1.4641257866351332,1.5660248580518454,63.37311968841694,-31.964941230913304,2.0369125574583684,4/5,2016-01,2020-12,база,,,,
S01,стратегия без ML (импульс),"Импульс, базовая версия",,проверка,silver,243,150.19655608678767,48.971193415637856,0.6180928234024183,3.563601883512896,-2.208645710090701,1.5484186728333427,112.77483634344021,-25.363094930095087,2.3981249558664075,5/6,2021-01,2026-05,база,,,,
S01,стратегия без ML (импульс),"Импульс, базовая версия",,всё,silver,461,252.13054172446198,46.420824295010846,0.5469209148036052,3.299486362298272,-1.8378928737140414,1.555403113307081,208.90166362061817,-31.964941230913304,3.1477362767997468,9/11,2016-01,2026-05,база,,,,
S01,стратегия без ML (импульс),"Импульс, базовая версия",,выбор,gold,243,-16.154170547871875,42.79835390946502,-0.06647806809823817,1.4127709499576349,-1.173254311823496,0.900944703011055,-31.4270229900595,-42.54115470275916,-0.5983496042872629,2/5,2016-01,2020-12,база,,,,
S01,стратегия без ML (импульс),"Импульс, базовая версия",,проверка,gold,263,61.32987871744681,46.7680608365019,0.23319345519941753,1.7031983910183437,-1.0583108812700677,1.413933722141979,34.34302449826974,-24.486549548684273,1.8293474315046894,4/6,2021-01,2026-05,база,,,,
S01,стратегия без ML (импульс),"Импульс, базовая версия",,всё,gold,506,45.175708169574925,44.86166007905138,0.08928005567109669,1.5701391228671822,-1.1155766047357543,1.1451447621605262,18.176445872656316,-43.595874631628504,1.0473193611667195,6/11,2016-01,2026-05,база,,,,
S01,стратегия без ML (импульс),"Импульс, базовая версия",,выбор,lkoh,132,71.16659093520988,51.515151515151516,0.5391408404182567,3.144379804104709,-2.228925558498599,1.4988852046327112,43.37030299426378,-29.25094641013009,1.7519052893762124,2/5,2016-06,2020-12,база,,,,
S01,стратегия без ML (импульс),"Импульс, базовая версия",,проверка,lkoh,213,86.32827009038758,51.173708920187785,0.4052970426778759,2.9057057809170805,-2.2153236541305215,1.374698982946432,61.457055992853945,-30.53355911006868,1.7227253078987899,5/6,2021-01,2026-05,база,,,,
S01,стратегия без ML (импульс),"Импульс, базовая версия",,всё,lkoh,345,157.49486102559743,51.30434782608696,0.4565068435524563,2.997399755927017,-2.220505331985027,1.4221874171446363,129.69857308465134,-30.533559110068694,2.4446363580959187,7/11,2016-06,2026-05,база,,,,
S01,стратегия без ML (импульс),"Импульс, базовая версия",,выбор,gazp,155,88.24028335531847,47.74193548387097,0.569292150679474,3.256695478792914,-1.8858664453747802,1.5776581989329026,60.182425175949234,-18.237163664878103,2.0239043256519307,4/5,2016-01,2020-12,база,,,,
S01,стратегия без ML (импульс),"Импульс, базовая версия",,проверка,gazp,216,142.28372601303286,52.31481481481482,0.658720953764041,3.87382785994397,-2.868532253986756,1.4815687173344094,68.50098038334602,-79.75972810497191,1.3095674642615174,5/6,2021-01,2026-06,база,,,,
S01,стратегия без ML (импульс),"Импульс, базовая версия",,всё,gazp,371,230.52400936835136,50.40431266846361,0.6213585158176587,3.6296150460125367,-2.4359456751956143,1.5143168379160596,156.74126373866451,-79.7597281049719,1.97120966347863,9/11,2016-01,2026-06,база,,,,
S01,стратегия без ML (импульс),"Импульс, базовая версия",,выбор,sber,162,39.30197540899965,48.148148148148145,0.2426047864753065,3.349038835436048,-2.641941116131096,1.1770973080263503,13.834651585848501,-43.284572295551186,0.8150561064989866,4/5,2016-01,2020-12,база,,,,
S01,стратегия без ML (импульс),"Импульс, базовая версия",,проверка,sber,218,105.46776386186171,45.412844036697244,0.4837970819351455,3.092510104430293,-1.6864767771154399,1.5255238269260463,76.87660942284573,-35.89090610996256,2.044753925037149,4/6,2021-01,2026-05,база,,,,
S01,стратегия без ML (импульс),"Импульс, базовая версия",,всё,sber,380,144.76973927086138,46.578947368421055,0.38097299808121415,3.2055566638565582,-2.081841331190884,1.3425580106874264,116.1785848318454,-43.284572295551186,2.051959501644595,8/11,2016-01,2026-05,база,,,,
S01,стратегия без ML (импульс),"Импульс, базовая версия",,выбор,moex,154,11.312946238988431,45.45454545454545,0.07346068986356125,3.173937594840943,-2.5102700642842573,1.053650773808247,-10.929149301293144,-57.43484118795456,0.2568344552677187,1/5,2016-01,2020-12,база,,,,
S01,стратегия без ML (импульс),"Импульс, базовая версия",,проверка,moex,227,24.189696002933733,46.25550660792951,0.10656253745785785,2.6806219964336195,-2.108816505103248,1.0940224985272728,-1.2871020285956902,-32.049088437278215,0.5002363487007604,3/6,2021-01,2026-06,база,,,,
S01,стратегия без ML (импульс),"Импульс, базовая версия",,всё,moex,381,35.50264224192218,45.93175853018373,0.09318278803654116,2.8779482357965485,-2.272516014672203,1.0758379357468846,8.06399461610291,-57.43484118795456,0.5435031188651006,4/11,2016-01,2026-06,база,,,,
S01,стратегия без ML (импульс),"Импульс, базовая версия",,выбор,mtss,135,-86.57525292904133,37.77777777777778,-0.6412981698447505,2.4041304739014993,-2.490308417833545,0.5861324783773558,-101.31398742120432,-93.19159751279052,-2.510030491832496,2/5,2016-01,2020-12,база,,,,
S01,стратегия без ML (импульс),"Импульс, базовая версия",,проверка,mtss,192,55.13754662907517,43.75,0.2871747220264332,3.315181392495929,-2.0679415772276197,1.2468797207716804,15.085985542854111,-21.80978140215046,1.030309688424297,4/6,2021-01,2026-03,база,,,,
S01,стратегия без ML (импульс),"Импульс, базовая версия",,всё,mtss,327,-31.437706299966138,41.284403669724774,-0.09613977461763344,2.9710066010269225,-2.2527270699927118,0.9273156274336478,-71.4892673861872,-101.32149863608775,-0.490331336299329,6/11,2016-01,2026-03,база,,,,
S01,стратегия без ML (импульс),"Импульс, базовая версия",,выбор,eth,0,,,,,,,,,,,,,база,,,,
S01,стратегия без ML (импульс),"Импульс, базовая версия",,проверка,eth,342,63.89335981787503,44.15204678362573,0.18682268952595038,6.608368556710426,-4.889896818038739,1.0684104840896664,5.188716005991225,-100.72417577443424,0.4391897191605974,4/6,2021-01,2026-05,база,,,,
S01,стратегия без ML (импульс),"Импульс, базовая версия",,всё,eth,342,63.89335981787503,44.15204678362573,0.18682268952595038,6.608368556710426,-4.889896818038739,1.0684104840896664,5.188716005991225,-100.72417577443424,0.4391897191605974,4/6,2021-01,2026-05,база,,,,
S02,стратегия без ML (импульс),Стоп исполняется по цене открытия при гэпе,S01,выбор,все,667,70.8413683284914,47.07646176911544,0.42483579207491096,3.175590879927454,-2.022011509867578,1.3969982603776048,61.201151841177044,-11.563547810373217,3.0802397007236038,5/5,2016-01,2020-12,учтено (поправка −9 п.п.),75.16070883430059,0.45073888356402153,1.4310804866620126,65.52049234698625
S02,стратегия без ML (импульс),Стоп исполняется по цене открытия при гэпе,S01,проверка,все,890,115.89342745151092,49.21348314606742,0.5208693368607232,3.372436299808022,-2.2423747555528104,1.4573747319124613,98.19959234602291,-21.51158299701538,3.2256925514381627,6/6,2021-01,2026-06,учтено (поправка −9 п.п.),121.06907901301746,0.5441306921933369,1.4840752860151816,102.62339260559574
S02,стратегия без ML (импульс),Стоп исполняется по цене открытия при гэпе,S01,всё,все,1557,186.73479578000232,48.29800899165061,0.4797297258317336,3.2902428665068277,-2.1457434192461187,1.4324257752894616,169.0409606745143,-21.51158299701538,4.378429827366728,11/11,2016-01,2026-06,учтено (поправка −9 п.п.),196.22978784731802,0.5041227690361414,1.4623066622824128,177.78410143989632
S02,стратегия без ML (импульс),Стоп исполняется по цене открытия при гэпе,S01,выбор,silver,218,101.52527335695174,43.57798165137615,0.46571226310528324,2.9672979645343265,-1.4664067745838152,1.5628784187208518,62.96440740769433,-32.28557250979223,2.0289434167552054,4/5,2016-01,2020-12,учтено (поправка −9 п.п.),101.93398563767435,0.467587090081075,1.5660248580518454,63.37311968841694
S02,стратегия без ML (импульс),Стоп исполняется по цене открытия при гэпе,S01,проверка,silver,243,149.0434970797856,48.559670781893004,0.6133477246081712,3.5905391782147267,-2.1971210075964174,1.542686530471381,111.62177733643814,-25.36398135681607,2.3790975365993567,5/6,2021-01,2026-05,учтено (поправка −9 п.п.),150.19655608678767,0.6180928234024183,1.5484186728333427,112.77483634344021
S02,стратегия без ML (импульс),Стоп исполняется по цене открытия при гэпе,S01,всё,silver,461,250.56877043673728,46.20390455531454,0.543533124591621,3.312567744883093,-1.8347103194490382,1.5506907191827615,207.33989233289347,-32.28557250979223,3.1278861057034835,9/11,2016-01,2026-05,учтено (поправка −9 п.п.),252.13054172446198,0.5469209148036052,1.555403113307081,208.90166362061817
S02,стратегия без ML (импульс),Стоп исполняется по цене открытия при гэпе,S01,выбор,lkoh,132,65.63180146326151,51.515151515151516,0.4972106171459205,3.136482041618639,-2.3070152713563434,1.4445124011947044,37.83551352231541,-29.460956353904326,1.5967878811519003,2/5,2016-06,2020-12,учтено (поправка −9 п.п.),71.16659093520988,0.5391408404182567,1.4988852046327112,43.37030299426378
S02,стратегия без ML (импульс),Стоп исполняется по цене открытия при гэпе,S01,проверка,lkoh,213,79.5830469160729,50.70422535211267,0.3736293282444737,2.910622541716632,-2.235849405612604,1.3389914268154421,55.19390478274621,-31.419557069123748,1.5856355037203864,5/6,2021-01,2026-05,учтено (поправка −9 п.п.),86.32827009038758,0.4052970426778759,1.374698982946432,61.457055992853945
S02,стратегия без ML (импульс),Стоп исполняется по цене открытия при гэпе,S01,всё,lkoh,345,145.2148483793344,51.01449275362319,0.42091260399807073,2.997886439406044,-2.262799792639819,1.3797328692802546,117.4185604383883,-31.41955706912374,2.2414534774632515,7/11,2016-06,2026-05,учтено (поправка −9 п.п.),157.49486102559743,0.4565068435524563,1.4221874171446363,129.69857308465134
S02,стратегия без ML (импульс),Стоп исполняется по цене открытия при гэпе,S01,выбор,gazp,155,80.51961412525523,47.096774193548384,0.5194813814532595,3.2995198131153742,-1.9554308808800864,1.5021637549677425,52.461755945886,-20.611401912578415,1.8226180362396305,4/5,2016-01,2020-12,учтено (поправка −9 п.п.),88.24028335531847,0.569292150679474,1.5776581989329026,60.182425175949234
S02,стратегия без ML (импульс),Стоп исполняется по цене открытия при гэпе,S01,проверка,gazp,216,136.22373899109823,52.31481481481482,0.6306654582921214,3.833768120344023,-2.883418044735694,1.4586780523010632,65.4483985691462,-80.283269468023,1.266909182998508,5/6,2021-01,2026-06,учтено (поправка −9 п.п.),142.28372601303286,0.658720953764041,1.4815687173344094,68.50098038334602
S02,стратегия без ML (импульс),Стоп исполняется по цене открытия при гэпе,S01,всё,gazp,371,216.7433531163535,50.13477088948787,0.5842138898014919,3.624090021270414,-2.472094004540235,1.4739244099816196,145.96801269440147,-80.28326946802301,1.866497981105393,9/11,2016-01,2026-06,учтено (поправка −9 п.п.),230.52400936835136,0.6213585158176587,1.5143168379160596,156.74126373866451
S02,стратегия без ML (импульс),Стоп исполняется по цене открытия при гэпе,S01,выбор,sber,162,35.688784368497096,48.148148148148145,0.22030113807714258,3.347391083063716,-2.683425239410389,1.158329911464461,10.221460545345945,-43.73812406099438,0.736593166029806,4/5,2016-01,2020-12,учтено (поправка −9 п.п.),39.30197540899965,0.2426047864753065,1.1770973080263503,13.834651585848501
S02,стратегия без ML (импульс),Стоп исполняется по цене открытия при гэпе,S01,проверка,sber,218,98.72342681908698,45.412844036697244,0.4528597560508577,3.089701456386922,-1.740815271959818,1.4765632758941998,70.132272380071,-40.67295211982929,1.8969095907241005,4/6,2021-01,2026-05,учтено (поправка −9 п.п.),105.46776386186171,0.4837970819351455,1.5255238269260463,76.87660942284573
S02,стратегия без ML (импульс),Стоп исполняется по цене открытия при гэпе,S01,всё,sber,380,134.4122111875841,46.578947368421055,0.35371634523048445,3.203259596956357,-2.1308607757324682,1.3107331678781589,105.82105674856811,-43.73812406099438,1.89190631357435,8/11,2016-01,2026-05,учтено (поправка −9 п.п.),144.76973927086138,0.38097299808121415,1.3425580106874264,116.1785848318454
S03,стратегия без ML (импульс),Цены акций скорректированы на дивиденды,S02,выбор,все,1196,26.532215479216305,45.5685618729097,0.17747301323890505,2.738157228317414,-1.9662641560664518,1.1658214283779937,21.712107235559127,-11.657752892155152,1.9166361210114475,3/5,2016-01,2020-12,учтено (подтвердилась),,,,
S03,стратегия без ML (импульс),Цены акций скорректированы на дивиденды,S02,проверка,все,1924,70.11344439862,46.56964656964657,0.2915319933414553,3.5500059971748477,-2.54853873373512,1.2140952029790488,60.95624373071291,-12.412856868575538,2.571635888192745,5/6,2021-01,2026-06,учтено (подтвердилась),,,,
S03,стратегия без ML (импульс),Цены акций скорректированы на дивиденды,S02,всё,все,3120,96.64565987783632,46.18589743589744,0.24780938430214441,3.2429570179747778,-2.3227729504937242,1.1982507717739095,87.48845920992923,-12.181288413006296,3.160873775238245,8/11,2016-01,2026-06,учтено (подтвердилась),,,,
S03,стратегия без ML (импульс),Цены акций скорректированы на дивиденды,S02,выбор,портфель 4,665,74.44783264946307,47.81954887218045,0.44780651217722145,3.1350870615047888,-2.014888631010578,1.4259234279295427,64.80761616214872,-11.01346326930528,3.2751343970442317,5/5,2016-01,2020-12,учтено (подтвердилась),70.8413683284914,0.42483579207491096,1.3969982603776048,61.201151841177044
S03,стратегия без ML (импульс),Цены акций скорректированы на дивиденды,S02,проверка,портфель 4,896,95.26488583263301,48.77232142857143,0.4252896688956831,3.249358825486692,-2.263421053174624,1.366787735911695,79.57564953662693,-21.511582567933385,2.682431506570201,6/6,2021-01,2026-06,учтено (подтвердилась),115.89342745151092,0.5208693368607232,1.4573747319124613,98.19959234602291
S03,стратегия без ML (импульс),Цены акций скорректированы на дивиденды,S02,всё,портфель 4,1561,169.71271848209608,48.36643177450352,0.43488204607840125,3.2012284666174926,-2.1564226034340233,1.3905759198152454,152.95739586126868,-21.511582567933388,4.026032945702853,11/11,2016-01,2026-06,учтено (подтвердилась),186.73479578000232,0.4797297258317336,1.4324257752894616,169.0409606745143
S03,стратегия без ML (импульс),Цены акций скорректированы на дивиденды,S02,выбор,silver,218,101.52527335695174,43.57798165137615,0.46571226310528324,2.9672979645343265,-1.4664067745838152,1.5628784187208518,62.96440740769433,-32.28557250979223,2.0289434167552054,4/5,2016-01,2020-12,учтено (подтвердилась),101.52527335695174,0.46571226310528324,1.5628784187208518,62.96440740769433
S03,стратегия без ML (импульс),Цены акций скорректированы на дивиденды,S02,проверка,silver,243,149.0434970797856,48.559670781893004,0.6133477246081712,3.5905391782147267,-2.1971210075964174,1.542686530471381,111.62177733643814,-25.36398135681607,2.3790975365993567,5/6,2021-01,2026-05,учтено (подтвердилась),149.0434970797856,0.6133477246081712,1.542686530471381,111.62177733643814
S03,стратегия без ML (импульс),Цены акций скорректированы на дивиденды,S02,всё,silver,461,250.56877043673728,46.20390455531454,0.543533124591621,3.312567744883093,-1.8347103194490382,1.5506907191827615,207.33989233289347,-32.28557250979223,3.1278861057034835,9/11,2016-01,2026-05,учтено (подтвердилась),250.56877043673728,0.543533124591621,1.5506907191827615,207.33989233289347
S03,стратегия без ML (импульс),Цены акций скорректированы на дивиденды,S02,выбор,gold,243,-16.962080993370336,42.79835390946502,-0.06980280244185323,1.4127709499576349,-1.179066617186794,0.896503422380245,-32.23493343555796,-43.34906514825764,-0.6274894296184161,2/5,2016-01,2020-12,учтено (подтвердилась),,,,
S03,стратегия без ML (импульс),Цены акций скорректированы на дивиденды,S02,проверка,gold,263,59.121019568546664,46.38783269961977,0.22479475121120404,1.7106736785036178,-1.0608593560914517,1.3952437320902495,32.134165349369596,-26.178659208608956,1.7605770174130835,4/6,2021-01,2026-05,учтено (подтвердилась),,,,
S03,стратегия без ML (импульс),Цены акций скорректированы на дивиденды,S02,всё,gold,506,42.158938575176336,44.66403162055336,0.08331806042524968,1.5735856972258204,-1.1195408178494968,1.1344905298385717,15.159676278257727,-46.61264422602713,0.9760391186699455,6/11,2016-01,2026-05,учтено (подтвердилась),,,,
S03,стратегия без ML (импульс),Цены акций скорректированы на дивиденды,S02,выбор,lkoh,132,80.1839139654312,53.78787878787878,0.6074538936775091,3.0898695813904395,-2.28191518546377,1.576046998262457,52.38761413811767,-28.684141442690446,1.9786841448374124,3/5,2016-06,2020-12,учтено (подтвердилась),65.63180146326151,0.4972106171459205,1.4445124011947044,37.83551352231541
S03,стратегия без ML (импульс),Цены акций скорректированы на дивиденды,S02,проверка,lkoh,214,43.17244173846399,49.532710280373834,0.2017403819554392,2.697979411520678,-2.248271998914147,1.1778009204868314,20.177732155088325,-48.22862793517669,0.8772047936052427,5/6,2021-01,2026-05,учтено (подтвердилась),79.5830469160729,0.3736293282444737,1.3389914268154421,55.19390478274621
S03,стратегия без ML (импульс),Цены акций скорректированы на дивиденды,S02,всё,lkoh,346,123.35635570389519,51.15606936416185,0.3565212592598127,2.8551782932198475,-2.2604153976095733,1.322913772969336,95.56005587658166,-48.228627935176675,1.9345834477062405,8/11,2016-06,2026-05,учтено (подтвердилась),145.2148483793344,0.42091260399807073,1.3797328692802546,117.4185604383883
S03,стратегия без ML (импульс),Цены акций скорректированы на дивиденды,S02,выбор,gazp,154,81.72129091963498,48.05194805194805,0.530657733244383,3.1653283720034224,-1.9064126076077283,1.5358316098094276,53.66344672663317,-18.237212463264765,1.9348929970967879,4/5,2016-01,2020-12,учтено (подтвердилась),80.51961412525523,0.5194813814532595,1.5021637549677425,52.461755945886
S03,стратегия без ML (импульс),Цены акций скорректированы на дивиденды,S02,проверка,gazp,219,77.26214512071172,51.141552511415526,0.3527951831995969,3.578686021525764,-3.0238382176651752,1.2387945619594087,16.33899201389815,-80.28327410297595,0.7292787973209083,4/6,2021-01,2026-06,учтено (подтвердилась),136.22373899109823,0.6306654582921214,1.4586780523010632,65.4483985691462
S03,стратегия без ML (импульс),Цены акций скорректированы на дивиденды,S02,всё,gazp,373,158.98343604034673,49.865951742627345,0.426229051046506,3.414231902898595,-2.5457951759293693,1.3339541257652152,98.06028293353316,-80.28327410297595,1.395308881174057,8/11,2016-01,2026-06,учтено (подтвердилась),216.7433531163535,0.5842138898014919,1.4739244099816196,145.96801269440147
S03,стратегия без ML (импульс),Цены акций скорректированы на дивиденды,S02,выбор,sber,161,34.36085235583431,48.4472049689441,0.21342144320393983,3.35191460411266,-2.7360058646379897,1.1513104113965908,8.893525715208106,-42.40306067278011,0.7070259912624707,3/5,2016-01,2020-12,учтено (подтвердилась),35.688784368497096,0.22030113807714258,1.158329911464461,10.221460545345945
S03,стратегия без ML (импульс),Цены акций скорректированы на дивиденды,S02,проверка,sber,220,111.58145939157077,45.909090909090914,0.5071884517798672,3.064232986893755,-1.6630762376865416,1.5638101858292397,82.99031251846762,-23.461595267689034,2.1651561984232246,4/6,2021-01,2026-05,учтено (подтвердилась),98.72342681908698,0.4528597560508577,1.4765632758941998,70.132272380071
S03,стратегия без ML (импульс),Цены акций скорректированы на дивиденды,S02,всё,sber,381,145.94231174740509,46.981627296587924,0.3830506870010632,3.1895914569667965,-2.1039334606418394,1.343398070962962,117.35116487430193,-42.40306067278011,2.0614277641994336,7/11,2016-01,2026-05,учтено (подтвердилась),134.4122111875841,0.35371634523048445,1.3107331678781589,105.82105674856811
S03,стратегия без ML (импульс),Цены акций скорректированы на дивиденды,S02,выбор,moex,153,7.997027907282812,45.751633986928105,0.0522681562567504,3.1088263132218454,-2.5255519761234506,1.0381499706731732,-11.3565666786303,-55.834977184767375,0.18450750780822064,3/5,2016-01,2020-12,учтено (подтвердилась),,,,
S03,стратегия без ML (импульс),Цены акций скорректированы на дивиденды,S02,проверка,moex,227,11.261886520878926,44.93392070484582,0.04961183489373976,2.7598205016977713,-2.161918437218351,1.0416736777003262,-14.214914032634708,-32.68628372928492,0.22805565246736326,2/6,2021-01,2026-06,учтено (подтвердилась),,,,
S03,стратегия без ML (импульс),Цены акций скорректированы на дивиденды,S02,всё,moex,380,19.25891442816174,45.26315789473684,0.05068135375832037,2.9018577505738485,-2.3070222051468283,1.0401343925273943,-6.2178861253518924,-55.834977184767375,0.29350846262045266,5/11,2016-01,2026-06,учтено (подтвердилась),,,,
S03,стратегия без ML (импульс),Цены акций скорректированы на дивиденды,S02,выбор,mtss,135,-76.56855367803428,39.25925925925926,-0.5671744716891428,2.467773267044237,-2.5287870345290107,0.6307467426152634,-93.3921645748986,-85.41924468264368,-2.1451927325258717,1/5,2016-01,2020-12,учтено (подтвердилась),,,,
S03,стратегия без ML (импульс),Цены акций скорректированы на дивиденды,S02,проверка,mtss,196,45.571745951127426,42.857142857142854,0.23250890791391543,3.247238508536797,-2.028538292553246,1.2005831441994685,6.465138837273614,-24.999121743000487,0.874450476017662,3/6,2021-01,2026-03,учтено (подтвердилась),,,,
S03,стратегия без ML (импульс),Цены акций скорректированы на дивиденды,S02,всё,mtss,331,-30.99680772690685,41.389728096676734,-0.09364594479428053,2.9456935610980697,-2.2399836370997033,0.9286703006349086,-70.10341484076066,-94.59393588378053,-0.4882783979347407,4/11,2016-01,2026-03,учтено (подтвердилась),,,,
S03,стратегия без ML (импульс),Цены акций скорректированы на дивиденды,S02,выбор,eth,0,,,,,,,,,,,,,учтено (подтвердилась),,,,
S03,стратегия без ML (импульс),Цены акций скорректированы на дивиденды,S02,проверка,eth,342,63.89335981787503,44.15204678362573,0.18682268952595038,6.608368556710426,-4.889896818038739,1.0684104840896664,5.188716005991225,-100.72417577443424,0.4391897191605974,4/6,2021-01,2026-05,учтено (подтвердилась),,,,
S03,стратегия без ML (импульс),Цены акций скорректированы на дивиденды,S02,всё,eth,342,63.89335981787503,44.15204678362573,0.18682268952595038,6.608368556710426,-4.889896818038739,1.0684104840896664,5.188716005991225,-100.72417577443424,0.4391897191605974,4/6,2021-01,2026-05,учтено (подтвердилась),,,,
S04,стратегия без ML (импульс),Проскальзывание 0.05% на входе и выходе,S02,выбор,все,667,57.66646304333584,46.026986506746624,0.3458258653273514,3.175421278587797,-2.067190223203084,1.3099562251540022,48.07400864849029,-12.734012532702991,2.501379099318368,4/5,2016-01,2020-12,проверка запаса,70.8413683284914,0.42483579207491096,1.3969982603776048,61.201151841177044
S04,стратегия без ML (импульс),Проскальзывание 0.05% на входе и выходе,S02,проверка,все,888,101.98595045802536,48.64864864864865,0.45939617323434845,3.366153107360087,-2.294373553832141,1.3899162797682967,84.34605001110353,-21.693658288360684,2.8340764791008404,6/6,2021-01,2026-06,проверка запаса,115.89342745151092,0.5208693368607232,1.4573747319124613,98.19959234602291
S04,стратегия без ML (импульс),Проскальзывание 0.05% на входе и выходе,S02,всё,все,1555,159.6524135013612,47.52411575562701,0.41068144952118635,3.2869180986549544,-2.1941456138487334,1.3566809172395546,142.01251305443938,-21.6936582883607,3.7364940675155074,10/11,2016-01,2026-06,проверка запаса,186.73479578000232,0.4797297258317336,1.4324257752894616,169.0409606745143
S04,стратегия без ML (импульс),Проскальзывание 0.05% на входе и выходе,S02,выбор,silver,217,86.57741939843126,42.3963133640553,0.39897428294207954,2.9948115121303642,-1.511561917740498,1.458214345742969,48.207601819049074,-43.002372486102054,1.7289570440910982,3/5,2016-01,2020-12,проверка запаса,101.52527335695174,0.46571226310528324,1.5628784187208518,62.96440740769433
S04,стратегия без ML (импульс),Проскальзывание 0.05% на входе и выходе,S02,проверка,silver,240,140.84133250213546,49.166666666666664,0.5868388854255644,3.562675310729497,-2.291429132491354,1.5038066136488748,103.52037481507918,-28.801807765867068,2.2452589417228515,5/6,2021-01,2026-05,проверка запаса,149.0434970797856,0.6133477246081712,1.542686530471381,111.62177733643814
S04,стратегия без ML (импульс),Проскальзывание 0.05% на входе и выходе,S02,всё,silver,457,227.4187519005667,45.951859956236326,0.49763403041699494,3.3138968846765433,-1.8967594893988153,1.4854193149163866,184.32585657834568,-43.002372486102054,2.8355462430102443,8/11,2016-01,2026-05,проверка запаса,250.56877043673728,0.543533124591621,1.5506907191827615,207.33989233289347
S04,стратегия без ML (импульс),Проскальзывание 0.05% на входе и выходе,S02,выбор,lkoh,133,52.05484838532311,48.87218045112782,0.39138983748363243,3.2227340483334834,-2.315042128769901,1.3306689181770992,24.42914166275986,-33.99722752712437,1.2494217635008213,2/5,2016-06,2020-12,проверка запаса,65.63180146326151,0.4972106171459205,1.4445124011947044,37.83551352231541
S04,стратегия без ML (импульс),Проскальзывание 0.05% на входе и выходе,S02,проверка,lkoh,213,60.99093574304393,49.29577464788733,0.28634242132884474,2.91824853484113,-2.2724551890303206,1.248511341053393,36.80271726358449,-36.27755158909025,1.2080890589516506,5/6,2021-01,2026-05,проверка запаса,79.5830469160729,0.3736293282444737,1.3389914268154421,55.19390478274621
S04,стратегия без ML (импульс),Проскальзывание 0.05% на входе и выходе,S02,всё,lkoh,346,113.04578412836705,49.13294797687861,0.32672191944614754,3.034669466470559,-2.288909233929705,1.2806164535129727,85.4200774058038,-36.27755158909028,1.7294032918528954,7/11,2016-06,2026-05,проверка запаса,145.2148483793344,0.42091260399807073,1.3797328692802546,117.4185604383883
S04,стратегия без ML (импульс),Проскальзывание 0.05% на входе и выходе,S02,выбор,gazp,155,65.16043793519239,47.096774193548384,0.42038992216253157,3.2094325692899632,-2.062538288085059,1.385272599110059,37.273624138247634,-25.89485511041557,1.4722416944052537,4/5,2016-01,2020-12,проверка запаса,80.51961412525523,0.5194813814532595,1.5021637549677425,52.461755945886
S04,стратегия без ML (импульс),Проскальзывание 0.05% на входе и выходе,S02,проверка,gazp,219,118.36520333008693,51.598173515981735,0.54048038050268,3.7954088535121637,-2.9293961992149775,1.381188745279261,47.80560154239964,-81.48822582120869,1.0988243694866484,5/6,2021-01,2026-06,проверка запаса,136.22373899109823,0.6306654582921214,1.4586780523010632,65.4483985691462
S04,стратегия без ML (импульс),Проскальзывание 0.05% на входе и выходе,S02,всё,gazp,374,183.52564126527932,49.73262032085562,0.4907102707627789,3.5654289140056012,-2.5512985996795874,1.3826287599651277,112.96603947759203,-81.48822582120872,1.5775326471552622,9/11,2016-01,2026-06,проверка запаса,216.7433531163535,0.5842138898014919,1.4739244099816196,145.96801269440147
S04,стратегия без ML (импульс),Проскальзывание 0.05% на входе и выходе,S02,выбор,sber,162,26.873146454396565,47.53086419753087,0.16588362008886767,3.3190309442937194,-2.6904968971319976,1.1175079088574251,1.550444048051805,-41.4371065961754,0.5563203043418201,4/5,2016-01,2020-12,проверка запаса,35.688784368497096,0.22030113807714258,1.158329911464461,10.221460545345945
S04,стратегия без ML (импульс),Проскальзывание 0.05% на входе и выходе,S02,проверка,sber,216,87.74633025683507,44.44444444444444,0.4062330104483105,3.1092204073779564,-1.7561569070954062,1.4163747646082254,59.31258459707344,-40.27552556710161,1.6916995115818432,4/6,2021-01,2026-05,проверка запаса,98.72342681908698,0.4528597560508577,1.4765632758941998,70.132272380071
S04,стратегия без ML (импульс),Проскальзывание 0.05% на входе и выходе,S02,всё,sber,378,114.61947671123164,45.767195767195766,0.30322612886569217,3.2026042879705217,-2.14356617125692,1.260836080587857,86.18573105147001,-41.4371065961754,1.6184553825083552,8/11,2016-01,2026-05,проверка запаса,134.4122111875841,0.35371634523048445,1.3107331678781589,105.82105674856811
S05,стратегия без ML (импульс),Проскальзывание 0.1% на входе и выходе,S02,выбор,все,669,36.508639688401395,44.24514200298953,0.2182878307228783,3.1713670959652687,-2.125174535260359,1.1842265450889853,26.963937797441723,-19.74060763580035,1.589120961502541,2/5,2016-01,2020-12,проверка запаса,70.8413683284914,0.42483579207491096,1.3969982603776048,61.201151841177044
S05,стратегия без ML (импульс),Проскальзывание 0.1% на входе и выходе,S02,проверка,все,893,73.63371996491772,47.03247480403135,0.3298262932359136,3.321881986073938,-2.326967345224912,1.2675995035061591,56.047736543611336,-22.896389069614635,2.057244683604519,6/6,2021-01,2026-06,проверка запаса,115.89342745151092,0.5208693368607232,1.4573747319124613,98.19959234602291
S05,стратегия без ML (импульс),Проскальзывание 0.1% на входе и выходе,S02,всё,все,1562,110.14235965331912,45.83866837387964,0.28205469821592605,3.2596579532915833,-2.2379972292476324,1.2326936115601832,92.55637623201274,-22.896389069614617,2.5902323562832024,8/11,2016-01,2026-06,проверка запаса,186.73479578000232,0.4797297258317336,1.4324257752894616,169.0409606745143
S05,стратегия без ML (импульс),Проскальзывание 0.1% на входе и выходе,S02,выбор,silver,218,60.124781380698806,38.99082568807339,0.2758017494527468,3.153595215734431,-1.5633895635844197,1.2891576328438101,21.945973816860118,-49.70612867123994,1.1964656572472583,3/5,2016-01,2020-12,проверка запаса,101.52527335695174,0.46571226310528324,1.5628784187208518,62.96440740769433
S05,стратегия без ML (импульс),Проскальзывание 0.1% на входе и выходе,S02,проверка,silver,240,121.83271546044028,48.333333333333336,0.5076363144185012,3.554608781097083,-2.3427572834421073,1.4193869786762305,84.61250122993981,-32.455099069340974,1.9402734187264257,5/6,2021-01,2026-05,проверка запаса,149.0434970797856,0.6133477246081712,1.542686530471381,111.62177733643814
S05,стратегия без ML (импульс),Проскальзывание 0.1% на входе и выходе,S02,всё,silver,458,181.95749684113912,43.88646288209607,0.397287111006854,3.3850259300730756,-1.9394269070177008,1.3650592975289302,139.00060095678685,-49.70612867123994,2.2638340864532154,8/11,2016-01,2026-05,проверка запаса,250.56877043673728,0.543533124591621,1.5506907191827615,207.33989233289347
S05,стратегия без ML (импульс),Проскальзывание 0.1% на входе и выходе,S02,выбор,lkoh,133,42.70378997212369,48.1203007518797,0.32108112760995255,3.2049438962268386,-2.353806078063681,1.2629339403148694,15.248494057135687,-35.782303387487886,1.0250689712970058,2/5,2016-06,2020-12,проверка запаса,65.63180146326151,0.4972106171459205,1.4445124011947044,37.83551352231541
S05,стратегия без ML (импульс),Проскальзывание 0.1% на входе и выходе,S02,проверка,lkoh,213,31.684691558647376,47.88732394366197,0.14875442046313322,2.817513186738406,-2.3036184998979286,1.1239127362938672,9.094578223972182,-39.40304931627445,0.6436679032664689,4/6,2021-01,2026-05,проверка запаса,79.5830469160729,0.3736293282444737,1.3389914268154421,55.19390478274621
S05,стратегия без ML (импульс),Проскальзывание 0.1% на входе и выходе,S02,всё,lkoh,346,74.38848153077107,47.97687861271676,0.21499561136061004,2.9668840626857533,-2.322857071528133,1.177914236266694,46.933185615783074,-39.40304931627446,1.1549242949105767,6/11,2016-06,2026-05,проверка запаса,145.2148483793344,0.42091260399807073,1.3797328692802546,117.4185604383883
S05,стратегия без ML (импульс),Проскальзывание 0.1% на входе и выходе,S02,выбор,gazp,156,34.36522924337336,44.871794871794876,0.22028993104726516,3.1090750223984536,-2.13104677121533,1.1875114588163387,8.002254599522939,-29.51847355749419,0.8053030683455327,4/5,2016-01,2020-12,проверка запаса,80.51961412525523,0.5194813814532595,1.5021637549677425,52.461755945886
S05,стратегия без ML (импульс),Проскальзывание 0.1% на входе и выходе,S02,проверка,gazp,221,80.53258798576046,49.7737556561086,0.3644008506143007,3.7106362850788783,-2.9516883186749197,1.245797906944399,10.188654300534935,-93.28696021905594,0.7501426010315202,4/6,2021-01,2026-06,проверка запаса,136.22373899109823,0.6306654582921214,1.4586780523010632,65.4483985691462
S05,стратегия без ML (импульс),Проскальзывание 0.1% на входе и выходе,S02,всё,gazp,377,114.89781722913386,47.745358090185675,0.30476874596587233,3.4766957940364906,-2.5934387091240323,1.224889699092332,44.55388354390834,-93.28696021905594,0.9955482458933582,8/11,2016-01,2026-06,проверка запаса,216.7433531163535,0.5842138898014919,1.4739244099816196,145.96801269440147
S05,стратегия без ML (импульс),Проскальзывание 0.1% на входе и выходе,S02,выбор,sber,162,8.840758157409752,47.53086419753087,0.05457258121857872,3.2197065732712162,-2.8126664468761633,1.0369787607110164,-16.33729144478251,-51.88970164453096,0.18064413468846474,3/5,2016-01,2020-12,проверка запаса,35.688784368497096,0.22030113807714258,1.158329911464461,10.221460545345945
S05,стратегия без ML (импульс),Проскальзывание 0.1% на входе и выходе,S02,проверка,sber,219,60.484884854822766,42.00913242009132,0.2761866888348071,3.1228204254108536,-1.7859416872675258,1.2666710448947625,32.208476614741805,-45.55020931850071,1.1727678673855082,3/6,2021-01,2026-05,проверка запаса,98.72342681908698,0.4528597560508577,1.4765632758941998,70.132272380071
S05,стратегия без ML (импульс),Проскальзывание 0.1% на входе и выходе,S02,всё,sber,381,69.3256430122325,44.35695538057743,0.18195706827357613,3.1669638182229716,-2.1976001993747625,1.1488022025802225,41.04923477215154,-51.88970164453096,0.9759379740030819,6/11,2016-01,2026-05,проверка запаса,134.4122111875841,0.35371634523048445,1.3107331678781589,105.82105674856811
S06,стратегия без ML (импульс),Проскальзывание 0.15% на входе и выходе,S02,выбор,все,670,26.87682046010856,43.582089552238806,0.16045862961258842,3.175712579022164,-2.1687851619948084,1.131138299682054,17.379861556059176,-23.157967621803284,1.1579259965243405,2/5,2016-01,2020-12,проверка запаса,70.8413683284914,0.42483579207491096,1.3969982603776048,61.201151841177044
S06,стратегия без ML (импульс),Проскальзывание 0.15% на входе и выходе,S02,проверка,все,894,55.300867364976696,45.97315436241611,0.24743117389251318,3.3277248727749833,-2.3736883090074765,1.192939484051744,37.76878341717105,-23.82074578752895,1.5449696230983794,6/6,2021-01,2026-06,проверка запаса,115.89342745151092,0.5208693368607232,1.4573747319124613,98.19959234602291
S06,стратегия без ML (импульс),Проскальзывание 0.15% на входе и выходе,S02,всё,все,1564,82.17768782508524,44.948849104859335,0.21017311464216173,3.264584631273101,-2.2837308298311836,1.1671728870529587,64.6456038772796,-23.82074578752895,1.9267584228595407,8/11,2016-01,2026-06,проверка запаса,186.73479578000232,0.4797297258317336,1.4324257752894616,169.0409606745143
S06,стратегия без ML (импульс),Проскальзывание 0.15% на входе и выходе,S02,выбор,silver,219,43.9722754531376,38.35616438356164,0.20078664590473788,3.1091724565439316,-1.6088756362707601,1.2024522912579643,5.984439836940055,-58.44729084637856,0.874410836838886,3/5,2016-01,2020-12,проверка запаса,101.52527335695174,0.46571226310528324,1.5628784187208518,62.96440740769433
S06,стратегия без ML (импульс),Проскальзывание 0.15% на входе и выходе,S02,проверка,silver,241,97.60810345194139,47.30290456431535,0.40501287739394765,3.565751882710132,-2.432185914779635,1.3159987643402287,60.48861422933501,-36.88501165666429,1.549463184578947,5/6,2021-01,2026-05,проверка запаса,149.0434970797856,0.6133477246081712,1.542686530471381,111.62177733643814
S06,стратегия без ML (импульс),Проскальзывание 0.15% на входе и выходе,S02,всё,silver,460,141.580378905079,43.04347826086957,0.3077834324023456,3.372051520094168,-2.0079611529525425,1.2691203088253553,98.75949931887854,-58.44729084637856,1.7576993241775953,8/11,2016-01,2026-05,проверка запаса,250.56877043673728,0.543533124591621,1.5506907191827615,207.33989233289347
S06,стратегия без ML (импульс),Проскальзывание 0.15% на входе и выходе,S02,выбор,lkoh,133,30.888118223581586,48.1203007518797,0.23224149040286907,3.13744907830203,-2.4624438085180924,1.1817925289299018,3.603062960594656,-37.90790559484577,0.7390414934774786,2/5,2016-06,2020-12,проверка запаса,65.63180146326151,0.4972106171459205,1.4445124011947044,37.83551352231541
S06,стратегия без ML (импульс),Проскальзывание 0.15% на входе и выходе,S02,проверка,lkoh,214,14.416531937974899,46.728971962616825,0.0673669716727799,2.7924666263515006,-2.3230713219050454,1.054436902251352,-7.971307870390195,-45.81715841094947,0.29317371254722235,2/6,2021-01,2026-05,проверка запаса,79.5830469160729,0.3736293282444737,1.3389914268154421,55.19390478274621
S06,стратегия без ML (импульс),Проскальзывание 0.15% на входе и выходе,S02,всё,lkoh,347,45.30465016155649,47.262247838616716,0.1305609514742262,2.9270939246736583,-2.375621603742751,1.1042112068417835,18.019594898569558,-45.81715841094948,0.7028698243085821,4/11,2016-06,2026-05,проверка запаса,145.2148483793344,0.42091260399807073,1.3797328692802546,117.4185604383883
S06,стратегия без ML (импульс),Проскальзывание 0.15% на входе и выходе,S02,выбор,gazp,156,34.96502187629734,44.230769230769226,0.22413475561729065,3.2441832588971926,-2.171076126294355,1.1851141000116836,7.419784479601226,-31.49599727546841,0.7828993943551934,3/5,2016-01,2020-12,проверка запаса,80.51961412525523,0.5194813814532595,1.5021637549677425,52.461755945886
S06,стратегия без ML (импульс),Проскальзывание 0.15% на входе и выходе,S02,проверка,gazp,219,64.29407053871616,48.401826484018265,0.2935802307703934,3.786713455807748,-2.9831642104150893,1.1907283794761974,-5.8342652525064125,-95.23984058474187,0.598377622180547,4/6,2021-01,2026-06,проверка запаса,136.22373899109823,0.6306654582921214,1.4586780523010632,65.4483985691462
S06,стратегия без ML (импульс),Проскальзывание 0.15% на входе и выходе,S02,всё,gazp,375,99.25909241501353,46.666666666666664,0.26469091310670273,3.5728015495973002,-2.6299058938225697,1.1887122513550104,29.13075662379096,-95.23984058474188,0.8539545220222549,7/11,2016-01,2026-06,проверка запаса,216.7433531163535,0.5842138898014919,1.4739244099816196,145.96801269440147
S06,стратегия без ML (импульс),Проскальзывание 0.15% на входе и выходе,S02,выбор,sber,162,-2.3181337125823056,46.2962962962963,-0.01430946736161917,3.2198960113272737,-2.802417638645147,0.9904920613117342,-27.351498906225583,-56.061401121952805,-0.047491739773170435,3/5,2016-01,2020-12,проверка запаса,35.688784368497096,0.22030113807714258,1.158329911464461,10.221460545345945
S06,стратегия без ML (импульс),Проскальзывание 0.15% на входе и выходе,S02,проверка,sber,220,44.884763531274295,41.36363636363637,0.20402165241488315,3.0830870234152923,-1.8269469426319167,1.190451017062357,16.765621587146363,-47.59256305879641,0.8762521795011866,3/6,2021-01,2026-05,проверка запаса,98.72342681908698,0.4528597560508577,1.4765632758941998,70.132272380071
S06,стратегия без ML (импульс),Проскальзывание 0.15% на входе и выходе,S02,всё,sber,382,42.566629818691986,43.455497382198956,0.11143096811175912,3.14489831313456,-2.219844861859468,1.0887754518471247,14.447487874564054,-56.061401121952805,0.6021460784801004,6/11,2016-01,2026-05,проверка запаса,134.4122111875841,0.35371634523048445,1.3107331678781589,105.82105674856811
S07,стратегия без ML (импульс),Проскальзывание 0.2% на входе и выходе,S02,выбор,все,671,11.473025079364039,42.026825633383005,0.06839359212735642,3.2124098572536606,-2.210816142488628,1.0533624432522088,2.023799716828414,-31.30676027592746,0.49318782878770145,1/5,2016-01,2020-12,проверка запаса,70.8413683284914,0.42483579207491096,1.3969982603776048,61.201151841177044
S07,стратегия без ML (импульс),Проскальзывание 0.2% на входе и выходе,S02,проверка,все,901,28.36624829517171,43.17425083240843,0.12593228987867575,3.4141708629658285,-2.372358344751993,1.0934139293485177,10.888046349535824,-27.56780236671415,0.7918785512889721,6/6,2021-01,2026-06,проверка запаса,115.89342745151092,0.5208693368607232,1.4573747319124613,98.19959234602291
S07,стратегия без ML (импульс),Проскальзывание 0.2% на входе и выходе,S02,всё,все,1572,39.83927337453572,42.68447837150127,0.10137219688177028,3.329377116899016,-2.302613709146611,1.076811372102645,22.361071428899834,-31.30676027592746,0.9329879770784107,7/11,2016-01,2026-06,проверка запаса,186.73479578000232,0.4797297258317336,1.4324257752894616,169.0409606745143
S07,стратегия без ML (импульс),Проскальзывание 0.2% на входе и выходе,S02,выбор,silver,219,22.76080089874971,35.61643835616438,0.10393059771118589,3.257793667165557,-1.6407596109231475,1.0983837722324634,-15.036100551392789,-71.62176808591673,0.45260525717626665,3/5,2016-01,2020-12,проверка запаса,101.52527335695174,0.46571226310528324,1.5628784187208518,62.96440740769433
S07,стратегия без ML (импульс),Проскальзывание 0.2% на входе и выходе,S02,проверка,silver,245,53.641673429216695,44.89795918367347,0.21894560583353753,3.523190499181599,-2.4734020850426606,1.1606474464900662,16.62289091686162,-51.834246883791465,0.8522991350104691,5/6,2021-01,2026-05,проверка запаса,149.0434970797856,0.6133477246081712,1.542686530471381,111.62177733643814
S07,стратегия без ML (импульс),Проскальзывание 0.2% на входе и выходе,S02,всё,silver,464,76.40247432796642,40.51724137931034,0.164660505017169,3.4130790476004753,-2.048030386307692,1.1351642832108397,33.71762810428921,-71.62176808591673,0.949275384727634,8/11,2016-01,2026-05,проверка запаса,250.56877043673728,0.543533124591621,1.5506907191827615,207.33989233289347
S07,стратегия без ML (импульс),Проскальзывание 0.2% на входе и выходе,S02,выбор,lkoh,134,24.41901010687836,47.76119402985074,0.18223141870804746,3.1242942619981973,-2.5076546094429464,1.13911126365378,-2.6959744049578163,-39.855416090863486,0.5820278121596238,2/5,2016-06,2020-12,проверка запаса,65.63180146326151,0.4972106171459205,1.4445124011947044,37.83551352231541
S07,стратегия без ML (импульс),Проскальзывание 0.2% на входе и выходе,S02,проверка,lkoh,214,0.1536555875831649,42.99065420560748,0.0007180167644073125,2.9837858640919244,-2.248808556630113,1.0005600619161898,-22.03193285902389,-53.17359258832565,0.003124356411913774,3/6,2021-01,2026-05,проверка запаса,79.5830469160729,0.3736293282444737,1.3389914268154421,55.19390478274621
S07,стратегия без ML (импульс),Проскальзывание 0.2% на входе и выходе,S02,всё,lkoh,348,24.5726656944615,44.827586206896555,0.0706111083174181,3.041430335027831,-2.343179513384792,1.0546192184995873,-2.542318817374678,-53.17359258832563,0.38056479774285706,5/11,2016-06,2026-05,проверка запаса,145.2148483793344,0.42091260399807073,1.3797328692802546,117.4185604383883
S07,стратегия без ML (импульс),Проскальзывание 0.2% на входе и выходе,S02,выбор,gazp,156,15.148815937664082,41.66666666666667,0.09710779447220566,3.318810009514303,-2.2041080734150067,1.0755273785425452,-12.225888929866038,-40.74254776737602,0.3379894476112224,3/5,2016-01,2020-12,проверка запаса,80.51961412525523,0.5194813814532595,1.5021637549677425,52.461755945886
S07,стратегия без ML (импульс),Проскальзывание 0.2% на входе и выходе,S02,проверка,gazp,221,34.72791107003272,45.248868778280546,0.15713986909517066,3.9149813912273004,-2.94851428142725,1.0973397114988621,-35.184896712510835,-96.52487457766861,0.3228758394285734,4/6,2021-01,2026-06,проверка запаса,136.22373899109823,0.6306654582921214,1.4586780523010632,65.4483985691462
S07,стратегия без ML (импульс),Проскальзывание 0.2% на входе и выходе,S02,всё,gazp,377,49.87672700769683,43.76657824933687,0.13229901063049557,3.680125998431271,-2.6289814279880326,1.0894900122611502,-20.036080774846724,-96.52487457766861,0.42849905726096005,7/11,2016-01,2026-06,проверка запаса,216.7433531163535,0.5842138898014919,1.4739244099816196,145.96801269440147
S07,стратегия без ML (импульс),Проскальзывание 0.2% на входе и выходе,S02,выбор,sber,162,-16.43652662583604,46.2962962962963,-0.10146004090022248,3.148189204270729,-2.9028818039786284,0.934917917380764,-41.32517558938794,-59.94677915332327,-0.33598086636396857,3/5,2016-01,2020-12,проверка запаса,35.688784368497096,0.22030113807714258,1.158329911464461,10.221460545345945
S07,стратегия без ML (импульс),Проскальзывание 0.2% на входе и выходе,S02,проверка,sber,221,24.941753093854203,39.366515837104075,0.11285861128440816,3.1558054271786693,-1.8627859632141048,1.0999215634274337,-3.6831149118576327,-55.95756328389068,0.4849180859859167,3/6,2021-01,2026-05,проверка запаса,98.72342681908698,0.4528597560508577,1.4765632758941998,70.132272380071
S07,стратегия без ML (импульс),Проскальзывание 0.2% на входе и выходе,S02,всё,sber,383,8.505226468018158,42.297650130548305,0.022206857618846366,3.1522793980546226,-2.272235457089732,1.0169371477405702,-20.119641537693678,-59.94677915332327,0.11992873686778506,6/11,2016-01,2026-05,проверка запаса,134.4122111875841,0.35371634523048445,1.3107331678781589,105.82105674856811
S08,стратегия без ML (импульс),Проскальзывание 0.3% на входе и выходе,S02,выбор,все,671,-12.681009178264803,40.68554396423249,-0.07559468958727156,3.186776453234519,-2.3133517800152834,0.944907934225235,-22.03479550778532,-48.75358969771185,-0.5468536195767437,1/5,2016-01,2020-12,проверка запаса,70.8413683284914,0.42483579207491096,1.3969982603776048,61.201151841177044
S08,стратегия без ML (импульс),Проскальзывание 0.3% на входе и выходе,S02,проверка,все,905,-12.68691423422069,40.994475138121544,-0.056074759046279295,3.4087955978295086,-2.4633161493101694,0.9614206786037239,-30.05740426663447,-39.10277386494176,-0.35414570108766164,3/6,2021-01,2026-06,проверка запаса,115.89342745151092,0.5208693368607232,1.4573747319124613,98.19959234602291
S08,стратегия без ML (импульс),Проскальзывание 0.3% на входе и выходе,S02,всё,все,1576,-25.367923412485496,40.86294416243655,-0.06438559241747588,3.3146787865338063,-2.3992755710061298,0.9546216328400948,-42.73841344489928,-48.75358969771184,-0.5946276239711972,4/11,2016-01,2026-06,проверка запаса,186.73479578000232,0.4797297258317336,1.4324257752894616,169.0409606745143
S08,стратегия без ML (импульс),Проскальзывание 0.3% на входе и выходе,S02,выбор,silver,219,-18.204227586291967,32.87671232876712,-0.08312432687804551,3.352425041477201,-1.765842384847962,0.929870137922526,-55.61937290437403,-91.63935593032366,-0.366634045614643,1/5,2016-01,2020-12,проверка запаса,101.52527335695174,0.46571226310528324,1.5628784187208518,62.96440740769433
S08,стратегия без ML (импульс),Проскальзывание 0.3% на входе и выходе,S02,проверка,silver,247,9.48229199204416,44.534412955465584,0.038389846121636276,3.343893271291158,-2.6156639989049872,1.0264612772091068,-27.335131388930094,-68.79562481345774,0.15113114413223047,4/6,2021-01,2026-05,проверка запаса,149.0434970797856,0.6133477246081712,1.542686530471381,111.62177733643814
S08,стратегия без ML (импульс),Проскальзывание 0.3% на входе и выходе,S02,всё,silver,466,-8.721935594247793,39.05579399141631,-0.018716599987656207,3.347268477079043,-2.175791543741668,0.9858851180329513,-51.134663083146876,-91.63935593032366,-0.10910809977273642,5/11,2016-01,2026-05,проверка запаса,250.56877043673728,0.543533124591621,1.5506907191827615,207.33989233289347
S08,стратегия без ML (импульс),Проскальзывание 0.3% на входе и выходе,S02,выбор,lkoh,134,9.122669782356068,47.01492537313433,0.0680796252414632,3.0394664601694563,-2.5685030592721083,1.0500245877963486,-17.652681913373478,-44.40479522459082,0.2187072675497705,2/5,2016-06,2020-12,проверка запаса,65.63180146326151,0.4972106171459205,1.4445124011947044,37.83551352231541
S08,стратегия без ML (импульс),Проскальзывание 0.3% на входе и выходе,S02,проверка,lkoh,215,-35.46822481463903,40.0,-0.16496848750994897,3.09214571595475,-2.336377956486415,0.8823189208664121,-57.24937581839895,-67.75643577976042,-0.7133890552404003,2/6,2021-01,2026-06,проверка запаса,79.5830469160729,0.3736293282444737,1.3389914268154421,55.19390478274621
S08,стратегия без ML (импульс),Проскальзывание 0.3% на входе и выходе,S02,всё,lkoh,349,-26.345555032282967,42.693409742120345,-0.07548869636757297,3.0698719366629814,-2.4187823679753366,0.9455396331205774,-53.120906728012514,-67.75643577976041,-0.4063373281047597,4/11,2016-06,2026-06,проверка запаса,145.2148483793344,0.42091260399807073,1.3797328692802546,117.4185604383883
S08,стратегия без ML (импульс),Проскальзывание 0.3% на входе и выходе,S02,выбор,gazp,156,-0.8360427620212576,41.02564102564102,-0.005359248474495241,3.2578100391104683,-2.2753900572292522,0.996006213836856,-27.870192638604657,-49.33809734040615,-0.01873051203605925,3/5,2016-01,2020-12,проверка запаса,80.51961412525523,0.5194813814532595,1.5021637549677425,52.461755945886
S08,стратегия без ML (импульс),Проскальзывание 0.3% на входе и выходе,S02,проверка,gazp,222,-17.387355594521743,41.891891891891895,-0.07832142159694479,3.978693596375009,-3.003146201995329,0.9551185013258563,-86.86931572417686,-107.0528857908733,-0.16154426525250049,2/6,2021-01,2026-06,проверка запаса,136.22373899109823,0.6306654582921214,1.4586780523010632,65.4483985691462
S08,стратегия без ML (импульс),Проскальзывание 0.3% на входе и выходе,S02,всё,gazp,378,-18.223398356542994,41.53439153439153,-0.04821004856228305,3.6848302354518836,-2.7001888928619397,0.9694618342031782,-87.70535848619812,-114.82112318032313,-0.1565618289326752,5/11,2016-01,2026-06,проверка запаса,216.7433531163535,0.5842138898014919,1.4739244099816196,145.96801269440147
S08,стратегия без ML (импульс),Проскальзывание 0.3% на входе и выходе,S02,выбор,sber,162,-40.806436147102026,45.67901234567901,-0.2518915811549508,3.0895829628772886,-3.0617679022729707,0.8485484476705861,-65.40555631677498,-75.38384852625833,-0.826641898298287,3/5,2016-01,2020-12,проверка запаса,35.688784368497096,0.22030113807714258,1.158329911464461,10.221460545345945
S08,стратегия без ML (импульс),Проскальзывание 0.3% на входе и выходе,S02,проверка,sber,221,-7.374368519766179,37.10407239819005,-0.03336818334735828,3.181608181923612,-1.9299729455935426,0.9725110079627287,-35.683732906202394,-63.66879835463084,-0.1445024999712569,3/6,2021-01,2026-05,проверка запаса,98.72342681908698,0.4528597560508577,1.4765632758941998,70.132272380071
S08,стратегия без ML (импульс),Проскальзывание 0.3% на входе и выходе,S02,всё,sber,383,-48.180804666868205,40.73107049608355,-0.12579844560540002,3.1379551934016385,-2.368730461839312,0.9103949376078879,-76.49016905330443,-75.38384852625833,-0.6792136614591078,6/11,2016-01,2026-05,проверка запаса,134.4122111875841,0.35371634523048445,1.3107331678781589,105.82105674856811
S09,стратегия без ML (импульс),Проскальзывание 0.1% только на входе,S01,выбор,все,1200,13.312547683775406,43.5,0.08875031789183604,2.7570205242248575,-1.9655816108778357,1.079915383715848,8.516318089206901,-18.75777752915446,0.9651453987279892,1/5,2016-01,2020-12,проверка запаса,26.1532947624097,0.1745007156791306,1.1633881563680952,21.333186518752523
S09,стратегия без ML (импульс),Проскальзывание 0.1% только на входе,S01,проверка,все,1916,60.490690912296884,45.82463465553236,0.2525707344981081,3.601763097837516,-2.580368470715765,1.1806755776014985,51.144176432730845,-17.733075745381253,2.208123016928958,5/6,2021-01,2026-06,проверка запаса,86.10334965242507,0.35988860878756557,1.2687409879003768,76.72247865837947
S09,стратегия без ML (импульс),Проскальзывание 0.1% только на входе,S01,всё,все,3116,73.80323859607229,44.929396662387674,0.1894819989629584,3.2867947953905112,-2.337463172947632,1.1471984869699765,64.45672411650625,-18.75777752915446,2.406196003688571,6/11,2016-01,2026-06,проверка запаса,112.25664441483475,0.28848479130057114,1.2336422589678948,102.87577342078916
S09,стратегия без ML (импульс),Проскальзывание 0.1% только на входе,S01,выбор,портфель 4,669,52.13681577030052,45.2914798206278,0.31172984018116906,3.148024066915637,-2.036349806541628,1.279815021671984,42.54435658116351,-13.942901902003761,2.2955792939174624,3/5,2016-01,2020-12,проверка запаса,75.16070883430059,0.45073888356402153,1.4310804866620126,65.52049234698625
S09,стратегия без ML (импульс),Проскальзывание 0.1% только на входе,S01,проверка,портфель 4,893,95.84651693885976,48.15229563269877,0.4293237040934368,3.3202157401003323,-2.2555220312909365,1.3671201837318416,77.45489845410756,-21.837196739071913,2.6737311516265065,6/6,2021-01,2026-06,проверка запаса,121.06907901301746,0.5441306921933369,1.4840752860151816,102.62339260559574
S09,стратегия без ML (импульс),Проскальзывание 0.1% только на входе,S01,всё,портфель 4,1562,147.98333270916027,46.9270166453265,0.3789585984869661,3.2490369174878326,-2.1587584193992035,1.330760942041202,129.59171422440807,-21.837196739071913,3.4878630348708075,9/11,2016-01,2026-06,проверка запаса,196.22978784731802,0.5041227690361414,1.4623066622824128,177.78410143989632
S09,стратегия без ML (импульс),Проскальзывание 0.1% только на входе,S01,выбор,silver,218,78.84634203144222,41.74311926605505,0.3616804680341386,3.011559233785329,-1.5370515609686832,1.4039144519257298,40.47650527489417,-39.43920566300184,1.5733172150333787,3/5,2016-01,2020-12,проверка запаса,101.93398563767435,0.467587090081075,1.5660248580518454,63.37311968841694
S09,стратегия без ML (импульс),Проскальзывание 0.1% только на входе,S01,проверка,silver,240,141.05126374283262,49.583333333333336,0.5877135989284692,3.5210186264697705,-2.297107047992314,1.5074700042879259,103.83104951233214,-28.530406044875946,2.2588617455530224,5/6,2021-01,2026-05,проверка запаса,150.19655608678767,0.6180928234024183,1.5484186728333427,112.77483634344021
S09,стратегия без ML (импульс),Проскальзывание 0.1% только на входе,S01,всё,silver,458,219.89760577427484,45.851528384279476,0.48012577679972673,3.300252889639846,-1.9078850848794062,1.464747012950811,176.8644202119462,-39.43920566300184,2.7481348939221077,8/11,2016-01,2026-05,проверка запаса,252.13054172446198,0.5469209148036052,1.555403113307081,208.90166362061817
S09,стратегия без ML (импульс),Проскальзывание 0.1% только на входе,S01,выбор,gold,245,-34.27499303304798,40.0,-0.1398979307471346,1.4268517236129794,-1.184397700320544,0.8031377316514647,-49.344566934773134,-53.57321324444115,-1.2717808230097316,2/5,2016-01,2020-12,проверка запаса,-16.154170547871875,-0.06647806809823817,0.900944703011055,-31.4270229900595
S09,стратегия без ML (импульс),Проскальзывание 0.1% только на входе,S01,проверка,gold,261,34.91912533527933,45.21072796934866,0.13378975224244954,1.6854833192697491,-1.1466287156542032,1.2129631713609883,8.1406893855624,-31.178579215232926,1.0412588176381696,3/6,2021-01,2026-05,проверка запаса,61.32987871744681,0.23319345519941753,1.413933722141979,34.34302449826974
S09,стратегия без ML (импульс),Проскальзывание 0.1% только на входе,S01,всё,gold,506,0.6441323022313625,42.68774703557312,0.001272988739587673,1.5681412064254738,-1.1657736837436932,1.0019052976583158,-26.13430364748557,-73.77588889920249,0.014948264447008414,5/11,2016-01,2026-05,проверка запаса,45.175708169574925,0.08928005567109669,1.1451447621605262,18.176445872656316
S09,стратегия без ML (импульс),Проскальзывание 0.1% только на входе,S01,выбор,lkoh,133,56.28214376192783,48.1203007518797,0.42317401324757764,3.247792005902066,-2.196761516171078,1.3713116953852205,28.713504460283353,-33.133708918424446,1.3755563571240892,2/5,2016-06,2020-12,проверка запаса,71.16659093520988,0.5391408404182567,1.4988852046327112,43.37030299426378
S09,стратегия без ML (импульс),Проскальзывание 0.1% только на входе,S01,проверка,lkoh,213,53.74489562700919,48.82629107981221,0.25232345364793046,2.8415613299186973,-2.218142042977388,1.2222907403545684,30.952474912508286,-34.12803079155576,1.1007134489142045,5/6,2021-01,2026-05,проверка запаса,86.32827009038758,0.4052970426778759,1.374698982946432,61.457055992853945
S09,стратегия без ML (импульс),Проскальзывание 0.1% только на входе,S01,всё,lkoh,346,110.02703938893703,48.554913294797686,0.31799722366744804,2.996315873150457,-2.2098540859569646,1.2797150448517651,82.45840008729255,-34.12803079155574,1.7292218951574592,7/11,2016-06,2026-05,проверка запаса,157.49486102559743,0.4565068435524563,1.4221874171446363,129.69857308465134
S09,стратегия без ML (импульс),Проскальзывание 0.1% только на входе,S01,выбор,gazp,156,50.621688488952366,45.51282051282051,0.32449800313431004,3.107270686269718,-1.999935649837619,1.2977842194017446,24.25871384510194,-24.046960441212125,1.208917085957782,4/5,2016-01,2020-12,проверка запаса,88.24028335531847,0.569292150679474,1.5776581989329026,60.182425175949234
S09,стратегия без ML (импульс),Проскальзывание 0.1% только на входе,S01,проверка,gazp,221,104.35746155913864,50.678733031674206,0.47220570841239207,3.7476071509337103,-2.893344397664559,1.3309000839945215,30.79098762012987,-90.66775007687855,0.9632330952388583,4/6,2021-01,2026-06,проверка запаса,142.28372601303286,0.658720953764041,1.4815687173344094,68.50098038334602
S09,стратегия без ML (импульс),Проскальзывание 0.1% только на входе,S01,всё,gazp,377,154.979150048091,48.54111405835544,0.41108527864215116,3.499170599069538,-2.5019024205238893,1.3193016608612405,81.41267610908221,-90.66775007687855,1.3356059699366298,8/11,2016-01,2026-06,проверка запаса,230.52400936835136,0.6213585158176587,1.5143168379160596,156.74126373866451
S09,стратегия без ML (импульс),Проскальзывание 0.1% только на входе,S01,выбор,sber,162,22.797088798879663,47.53086419753087,0.1407227703634547,3.2639544791959847,-2.688557718814249,1.0997564764244632,-2.4689368684097985,-47.47063752510866,0.47079207551972774,4/5,2016-01,2020-12,проверка запаса,39.30197540899965,0.2426047864753065,1.1770973080263503,13.834651585848501
S09,стратегия без ML (импульс),Проскальзывание 0.1% только на входе,S01,проверка,sber,219,84.23244682645861,43.37899543378995,0.384623044869674,3.08881234186442,-1.6871348842795275,1.402631664100711,55.84163291542896,-35.44385119646587,1.6533739734855948,3/6,2021-01,2026-05,проверка запаса,105.46776386186171,0.4837970819351455,1.5255238269260463,76.87660942284573
S09,стратегия без ML (импульс),Проскальзывание 0.1% только на входе,S01,всё,sber,381,107.02953562533828,45.14435695538058,0.28091741633947054,3.167218996367505,-2.094412113635754,1.2445092052015427,78.63872171430863,-47.47063752510866,1.5239624891152843,7/11,2016-01,2026-05,проверка запаса,144.76973927086138,0.38097299808121415,1.3425580106874264,116.1785848318454
S09,стратегия без ML (импульс),Проскальзывание 0.1% только на входе,S01,выбор,moex,151,29.904353256529866,47.019867549668874,0.1980420745465554,3.210525141012894,-2.47553664694232,1.150999346411749,7.859667862556556,-33.22172204961379,0.6834622074067375,2/5,2016-01,2020-12,проверка запаса,11.312946238988431,0.07346068986356125,1.053650773808247,-10.929149301293144
S09,стратегия без ML (импульс),Проскальзывание 0.1% только на входе,S01,проверка,moex,227,4.586513958221043,41.85022026431718,0.020204907304938517,2.892147028839228,-2.046723134708376,1.016976559885449,-20.694900107395956,-36.097860739534234,0.09485882754690415,4/6,2021-01,2026-06,проверка запаса,24.189696002933733,0.10656253745785785,1.0940224985272728,-1.2871020285956902
S09,стратегия без ML (импульс),Проскальзывание 0.1% только на входе,S01,всё,moex,378,34.49086721475093,43.91534391534391,0.09124568046230404,3.028320799708688,-2.2085395544192985,1.0736653185836549,7.224873595312218,-43.87881072763201,0.5294794112055046,6/11,2016-01,2026-06,проверка запаса,35.50264224192218,0.09318278803654116,1.0758379357468846,8.06399461610291
S09,стратегия без ML (импульс),Проскальзывание 0.1% только на входе,S01,выбор,mtss,135,-97.67624183448076,37.03703703703704,-0.7235277172924501,2.3506933488790067,-2.5318930503344834,0.5461371258456457,-112.20037219628198,-99.30272035550887,-2.8532573177469787,2/5,2016-01,2020-12,проверка запаса,-86.57525292904133,-0.6412981698447505,0.5861324783773558,-101.31398742120432
S09,стратегия без ML (импульс),Проскальзывание 0.1% только на входе,S01,проверка,mtss,190,41.23988726743478,45.26315789473684,0.21705203824965674,3.2388000301296933,-2.281701108881911,1.173790237480229,3.7397876634201594,-33.06518648133505,0.7644926834995429,4/6,2021-01,2026-03,проверка запаса,55.13754662907517,0.2871747220264332,1.2468797207716804,15.085985542854111
S09,стратегия без ML (импульс),Проскальзывание 0.1% только на входе,S01,всё,mtss,325,-56.43635456704597,41.84615384615385,-0.17365032174475684,2.912290220846352,-2.394221294191269,0.8752809310719312,-93.93645417106059,-114.59408767347996,-0.8770719790708597,6/11,2016-01,2026-03,проверка запаса,-31.437706299966138,-0.09613977461763344,0.9273156274336478,-71.4892673861872
S09,стратегия без ML (импульс),Проскальзывание 0.1% только на входе,S01,выбор,eth,0,,,,,,,,,,,,,проверка запаса,,,,
S09,стратегия без ML (импульс),Проскальзывание 0.1% только на входе,S01,проверка,eth,345,19.79393298200094,43.188405797101446,0.057373718788408516,6.593808252707959,-4.911650493221861,1.020561205266777,-38.70950820401295,-100.86614286647003,0.13617481270723372,4/6,2021-01,2026-05,проверка запаса,63.89335981787503,0.18682268952595038,1.0684104840896664,5.188716005991225
S09,стратегия без ML (импульс),Проскальзывание 0.1% только на входе,S01,всё,eth,345,19.79393298200094,43.188405797101446,0.057373718788408516,6.593808252707959,-4.911650493221861,1.020561205266777,-38.70950820401295,-100.86614286647003,0.13617481270723372,4/6,2021-01,2026-05,проверка запаса,63.89335981787503,0.18682268952595038,1.0684104840896664,5.188716005991225
S10,стратегия без ML (импульс),Выход при развороте тренд-фильтра,S01,выбор,все,896,59.69940802011707,38.839285714285715,0.2665152143755226,2.724769368865315,-1.2945658910304039,1.3366086696365667,50.7694842504519,-9.327529213897357,2.8114345056502983,4/5,2016-01,2020-12,не помогло,75.16070883430059,0.45073888356402153,1.4310804866620126,65.52049234698625
S10,стратегия без ML (импульс),Выход при развороте тренд-фильтра,S01,проверка,все,1246,102.83964482524615,41.89406099518459,0.3301433220714162,2.710284611554985,-1.3859253976943613,1.409960618539695,84.39395841782445,-21.62767108068018,2.997276030212211,6/6,2021-01,2026-06,не помогло,121.06907901301746,0.5441306921933369,1.4840752860151816,102.62339260559574
S10,стратегия без ML (импульс),Выход при развороте тренд-фильтра,S01,всё,все,2142,162.53905284536322,40.61624649859944,0.30352764303522545,2.716078514479117,-1.3465661133768703,1.3795796522134411,144.0933664379415,-21.6276710806802,4.028882207750435,10/11,2016-01,2026-06,не помогло,196.22978784731802,0.5041227690361414,1.4623066622824128,177.78410143989632
S10,стратегия без ML (импульс),Выход при развороте тренд-фильтра,S01,выбор,silver,306,69.13186791814783,34.967320261437905,0.22592113698741123,2.460030328542103,-0.9753335539490311,1.3561820669351001,33.41217283948717,-31.866082363779686,1.5320359879911367,3/5,2016-01,2020-12,не помогло,101.93398563767435,0.467587090081075,1.5660248580518454,63.37311968841694
S10,стратегия без ML (импульс),Выход при развороте тренд-фильтра,S01,проверка,silver,366,70.48322940553604,38.52459016393443,0.1925771295233225,2.8633352293365473,-1.4810979463596317,1.2115044437998796,32.42954510225914,-36.11398980799787,1.2049057118676734,5/6,2021-01,2026-05,не помогло,150.19655608678767,0.6180928234024183,1.5484186728333427,112.77483634344021
S10,стратегия без ML (импульс),Выход при развороте тренд-фильтра,S01,всё,silver,672,139.61509732368387,36.904761904761905,0.2077605614935772,2.689328679397009,-1.2437226772801282,1.2647542703285322,97.97120675173599,-36.113989807997854,1.8911214272778032,8/11,2016-01,2026-05,не помогло,252.13054172446198,0.5469209148036052,1.555403113307081,208.90166362061817
S10,стратегия без ML (импульс),Выход при развороте тренд-фильтра,S01,выбор,lkoh,176,79.20338932938337,44.31818181818182,0.4500192575533146,2.6474607879962178,-1.2989648176971593,1.622186097182082,51.40710138843727,-18.051569929768316,2.10626689263009,3/5,2016-06,2020-12,не помогло,71.16659093520988,0.5391408404182567,1.4988852046327112,43.37030299426378
S10,стратегия без ML (импульс),Выход при развороте тренд-фильтра,S01,проверка,lkoh,292,67.9229373970568,45.20547945205479,0.23261279930498904,2.1387102953082713,-1.3399176348977189,1.3168242193961497,48.90348933035881,-17.84212936457768,1.5941929404005062,5/6,2021-01,2026-06,не помогло,86.32827009038758,0.4052970426778759,1.374698982946432,61.457055992853945
S10,стратегия без ML (импульс),Выход при развороте тренд-фильтра,S01,всё,lkoh,468,147.12632672644014,44.871794871794876,0.31437249300521397,2.3276747640209368,-1.3243619136354907,1.4305900633835302,119.33003878549404,-18.051569929768316,2.589873664596769,8/11,2016-06,2026-06,не помогло,157.49486102559743,0.4565068435524563,1.4221874171446363,129.69857308465134
S10,стратегия без ML (импульс),Выход при развороте тренд-фильтра,S01,выбор,gazp,198,61.000819113834105,41.41414141414141,0.3080849450193642,2.596542609830347,-1.3096178870021928,1.401543943092763,32.94296093446487,-15.426740844980323,1.5481226308626224,4/5,2016-01,2020-12,не помогло,88.24028335531847,0.569292150679474,1.5776581989329026,60.182425175949234
S10,стратегия без ML (импульс),Выход при развороте тренд-фильтра,S01,проверка,gazp,290,146.2764527187724,43.79310344827586,0.5044015610992152,3.3459068257559608,-1.7095319886640157,1.5249398995588428,72.49370708908555,-75.59714366200207,1.3807592221680214,5/6,2021-01,2026-06,не помогло,142.28372601303286,0.658720953764041,1.4815687173344094,68.50098038334602
S10,стратегия без ML (импульс),Выход при развороте тренд-фильтра,S01,всё,gazp,488,207.27727183260646,42.82786885245902,0.4247485078537018,3.051897898933471,-1.5432594589408206,1.4814027125629905,133.49452620291962,-75.59714366200207,1.834969955546202,9/11,2016-01,2026-06,не помогло,230.52400936835136,0.6213585158176587,1.5143168379160596,156.74126373866451
S10,стратегия без ML (импульс),Выход при развороте тренд-фильтра,S01,выбор,sber,216,29.461555719102996,37.5,0.1363960912921435,3.2787414782880386,-1.7490111409053937,1.1247755036908789,3.9942318959518452,-35.46459372782722,0.6244454356073637,2/5,2016-01,2020-12,не помогло,39.30197540899965,0.2426047864753065,1.1770973080263503,13.834651585848501
S10,стратегия без ML (импульс),Выход при развороте тренд-фильтра,S01,проверка,sber,298,126.67595977961935,40.939597315436245,0.42508711335442734,2.4901506069143466,-1.0063773537723348,1.715188759740249,90.25120565479425,-31.942991951964572,2.584864325957867,4/6,2021-01,2026-05,не помогло,105.46776386186171,0.4837970819351455,1.5255238269260463,76.87660942284573
S10,стратегия без ML (импульс),Выход при развороте тренд-фильтра,S01,всё,sber,514,156.13751549872237,39.494163424124515,0.3037694854060746,2.8048100186447367,-1.3287425025278428,1.3778383607872107,119.71276137389727,-35.46459372782722,2.2949662602431644,6/11,2016-01,2026-05,не помогло,144.76973927086138,0.38097299808121415,1.3425580106874264,116.1785848318454
S11,стратегия без ML (импульс),Узкий трейлинг 3 ATR,S01,выбор,все,927,49.19974819586797,41.3160733549083,0.15922248607077014,1.3862454196519398,-0.7046557925350904,1.3850420924092883,39.7901591094852,-10.158265584912387,2.8930371099591468,4/5,2016-01,2020-12,не помогло (хрупко к проскальзыванию),52.315468675004105,0.26466510290895834,1.323053938922971,39.4618466919183
S11,стратегия без ML (импульс),Узкий трейлинг 3 ATR,S01,проверка,все,1203,40.10691382633454,42.061512884455524,0.1000172414621809,1.5772089293138416,-0.9723772980685796,1.1775304731793907,30.60800508047869,-13.67237431661994,1.798235206714208,6/6,2021-01,2026-06,не помогло (хрупко к проскальзыванию),99.28490163154066,0.4142624546517691,1.4565318066728472,86.81099505042485
S11,стратегия без ML (импульс),Узкий трейлинг 3 ATR,S01,всё,все,2130,89.30666202220252,41.737089201877936,0.12578403101718666,1.4949378109780616,-0.8550199257799267,1.2524975070428004,79.51021987683393,-13.672374316619923,3.184438042849523,10/11,2016-01,2026-06,не помогло (хрупко к проскальзыванию),151.60037030654476,0.34664718820094076,1.399561596954925,137.19074427193016
S11,стратегия без ML (импульс),Узкий трейлинг 3 ATR,S01,выбор,silver,336,60.13119714256198,41.66666666666667,0.17896189625762493,1.4749132169787316,-0.7467176185431653,1.4108538683665652,34.02109086058141,-16.104382474253818,1.8356286692536026,3/5,2016-01,2020-12,не помогло (хрупко к проскальзыванию),101.93398563767435,0.467587090081075,1.5660248580518454,63.37311968841694
S11,стратегия без ML (импульс),Узкий трейлинг 3 ATR,S01,проверка,silver,412,61.24797936992262,42.961165048543684,0.14866014410175393,1.9380086967388106,-1.1990619572461567,1.2173613280543554,36.418059717983645,-33.464099481840584,1.3056336056213276,6/6,2021-01,2026-05,не помогло (хрупко к проскальзыванию),150.19655608678767,0.6180928234024183,1.5484186728333427,112.77483634344021
S11,стратегия без ML (импульс),Узкий трейлинг 3 ATR,S01,всё,silver,748,121.3791765124846,42.37967914438502,0.16227162635358905,1.733487033753287,-0.9933554830331954,1.2835059795780042,93.2955697540538,-33.464099481840606,2.1227143689778036,9/11,2016-01,2026-05,не помогло (хрупко к проскальзыванию),252.13054172446198,0.5469209148036052,1.555403113307081,208.90166362061817
S11,стратегия без ML (импульс),Узкий трейлинг 3 ATR,S01,выбор,gold,395,1.2328655565231266,39.24050632911392,0.003121178624109181,0.7464427862525737,-0.4769406929692741,1.0107706050135195,-5.866916842402686,-12.464481217172622,0.07509605316447286,2/5,2016-01,2020-12,не помогло (хрупко к проскальзыванию),-16.154170547871875,-0.06647806809823817,0.900944703011055,-31.4270229900595
S11,стратегия без ML (импульс),Узкий трейлинг 3 ATR,S01,проверка,gold,459,14.404789889007372,39.651416122004356,0.031382984507641334,1.0473788633292247,-0.6361666542848791,1.0817440701027015,-0.8000274141259549,-24.53743566659433,0.5835056689484723,3/6,2021-01,2026-05,не помогло (хрупко к проскальзыванию),61.32987871744681,0.23319345519941753,1.413933722141979,34.34302449826974
S11,стратегия без ML (импульс),Узкий трейлинг 3 ATR,S01,всё,gold,854,15.637655445530495,39.46135831381733,0.0183110719502699,0.9089661275818036,-0.5622513144091631,1.0537960783376077,0.4328381423971681,-24.537435666594327,0.5277028065845929,5/11,2016-01,2026-05,не помогло (хрупко к проскальзыванию),45.175708169574925,0.08928005567109669,1.1451447621605262,18.176445872656316
S11,стратегия без ML (импульс),Узкий трейлинг 3 ATR,S01,выбор,lkoh,196,86.23518188851881,44.89795918367347,0.43997541779856536,2.372108107733202,-1.1343549221481755,1.7039013017751719,61.02828745869047,-22.12734641756757,2.446429865512234,3/5,2016-06,2020-12,не помогло (хрупко к проскальзыванию),71.16659093520988,0.5391408404182567,1.4988852046327112,43.37030299426378
S11,стратегия без ML (импульс),Узкий трейлинг 3 ATR,S01,проверка,lkoh,332,44.66797222007363,44.27710843373494,0.13454208500022177,1.7987566379871787,-1.1878338030488735,1.2032679132948956,20.695352793752534,-29.8161589090242,1.092577283228523,6/6,2021-01,2026-06,не помогло (хрупко к проскальзыванию),86.32827009038758,0.4052970426778759,1.374698982946432,61.457055992853945
S11,стратегия без ML (импульс),Узкий трейлинг 3 ATR,S01,всё,lkoh,528,130.90315410859245,44.50757575757576,0.24792264035718267,2.013458464955902,-1.1681214510445206,1.3824674597467024,102.2612673703074,-29.81615890902421,2.422636295049081,9/11,2016-06,2026-06,не помогло (хрупко к проскальзыванию),157.49486102559743,0.4565068435524563,1.4221874171446363,129.69857308465134
S12,стратегия без ML (импульс),"Выход не позже 120 ч (стоп 6, трейлинг 6, активация 3)",S01,выбор,все,737,46.923788382642684,45.861601085481674,0.1910059228601466,1.8668827828344638,-1.2286591865917813,1.2871507760796634,36.76898168916185,-10.724985811331322,2.274252307813461,4/5,2016-01,2020-12,хуже 240 ч,52.315468675004105,0.26466510290895834,1.323053938922971,39.4618466919183
S12,стратегия без ML (импульс),"Выход не позже 120 ч (стоп 6, трейлинг 6, активация 3)",S01,проверка,все,904,61.774624664561685,50.331858407079665,0.20500428539124457,2.0722269410470973,-1.6871701206742635,1.244639259506775,53.81366434629751,-15.06493910245283,2.3375208778839487,6/6,2021-01,2026-06,хуже 240 ч,99.28490163154066,0.4142624546517691,1.4565318066728472,86.81099505042485
S12,стратегия без ML (импульс),"Выход не позже 120 ч (стоп 6, трейлинг 6, активация 3)",S01,всё,все,1641,108.69841304720435,48.32419256550883,0.1987173913111597,1.9847032014810575,-1.4714320750387562,1.261341504712359,98.54360635372352,-15.064939102452826,3.2429861351274143,10/11,2016-01,2026-06,хуже 240 ч,151.60037030654476,0.34664718820094076,1.399561596954925,137.19074427193016
S12,стратегия без ML (импульс),"Выход не позже 120 ч (стоп 6, трейлинг 6, активация 3)",S01,выбор,silver,260,89.81530516603587,45.0,0.34544348140783027,2.388447770588347,-1.3261054824671379,1.4736267705768349,62.20815693560403,-19.089556369042697,2.10368313932912,3/5,2016-01,2020-12,хуже 240 ч,101.93398563767435,0.467587090081075,1.5660248580518454,63.37311968841694
S12,стратегия без ML (импульс),"Выход не позже 120 ч (стоп 6, трейлинг 6, активация 3)",S01,проверка,silver,306,112.40607520669205,50.0,0.36734011505454917,2.884360026552141,-2.1496797964430425,1.3417626342884803,88.82537191131934,-33.83429060092685,1.9154833128062567,5/6,2021-01,2026-05,хуже 240 ч,150.19655608678767,0.6180928234024183,1.5484186728333427,112.77483634344021
S12,стратегия без ML (импульс),"Выход не позже 120 ч (стоп 6, трейлинг 6, активация 3)",S01,всё,silver,566,202.22138037272788,47.70318021201413,0.35728159076453686,2.6694647156344966,-1.75180436773171,1.3899866627126045,174.61423214229603,-33.83429060092692,2.788908570177864,8/11,2016-01,2026-05,хуже 240 ч,252.13054172446198,0.5469209148036052,1.555403113307081,208.90166362061817
S12,стратегия без ML (импульс),"Выход не позже 120 ч (стоп 6, трейлинг 6, активация 3)",S01,выбор,gold,303,-10.436192537488886,43.23432343234324,-0.03444287966167949,1.1185763693190902,-0.9126145169668008,0.9335146035038759,-22.338548855252768,-26.493996364935434,-0.4468703881840677,2/5,2016-01,2020-12,хуже 240 ч,-16.154170547871875,-0.06647806809823817,0.900944703011055,-31.4270229900595
S12,стратегия без ML (импульс),"Выход не позже 120 ч (стоп 6, трейлинг 6, активация 3)",S01,проверка,gold,335,45.759266916627645,50.74626865671642,0.13659482661679895,1.2411565180810078,-1.0014384312554159,1.276930544852509,33.817874180921905,-32.131160301854685,1.6819167795461443,3/6,2021-01,2026-05,хуже 240 ч,61.32987871744681,0.23319345519941753,1.413933722141979,34.34302449826974
S12,стратегия без ML (импульс),"Выход не позже 120 ч (стоп 6, трейлинг 6, активация 3)",S01,всё,gold,638,35.32307437913876,47.17868338557994,0.05536532034347768,1.1878076825733292,-0.9561039705502474,1.109628500327386,21.736501804214527,-44.302182464369096,0.9841353277288071,5/11,2016-01,2026-05,хуже 240 ч,45.175708169574925,0.08928005567109669,1.1451447621605262,18.176445872656316
S12,стратегия без ML (импульс),"Выход не позже 120 ч (стоп 6, трейлинг 6, активация 3)",S01,выбор,lkoh,174,61.392252519381074,51.724137931034484,0.35282903746770733,2.278049856204572,-1.709907554036076,1.4274267034583972,32.22741546327419,-24.528748791870555,1.6128430079197509,2/5,2016-06,2020-12,хуже 240 ч,71.16659093520988,0.5391408404182567,1.4988852046327112,43.37030299426378
S12,стратегия без ML (импульс),"Выход не позже 120 ч (стоп 6, трейлинг 6, активация 3)",S01,проверка,lkoh,263,27.158531870365376,50.19011406844106,0.10326437973522956,2.2012088336377316,-2.010694917326833,1.10310715732747,7.220907783801437,-48.75782991761871,0.5920914392854424,5/6,2021-01,2026-06,хуже 240 ч,86.32827009038758,0.4052970426778759,1.374698982946432,61.457055992853945
S12,стратегия без ML (импульс),"Выход не позже 120 ч (стоп 6, трейлинг 6, активация 3)",S01,всё,lkoh,437,88.55078438974644,50.800915331807786,0.20263337388957994,2.232360599543207,-1.8931779939946303,1.2175517118554937,59.38594733363956,-48.75782991761874,1.4859554263934003,7/11,2016-06,2026-06,хуже 240 ч,157.49486102559743,0.4565068435524563,1.4221874171446363,129.69857308465134
S13,стратегия без ML (импульс),"Выход не позже 48 ч (стоп 4, трейлинг 4, активация 2)",S01,выбор,все,958,25.813489433734006,45.82463465553236,0.08083556190104595,1.0859807431141064,-0.7693739459073043,1.1939381004204872,20.479228032025986,-9.525451699973678,1.8561155106572595,3/5,2016-01,2020-12,хуже 240 ч,52.315468675004105,0.26466510290895834,1.323053938922971,39.4618466919183
S13,стратегия без ML (импульс),"Выход не позже 48 ч (стоп 4, трейлинг 4, активация 2)",S01,проверка,все,1235,38.30669867906876,45.910931174089065,0.09305270934186742,1.3654966884236954,-0.987000787872798,1.1743018587480165,30.8965253209739,-13.463761839734751,1.910292200790715,5/6,2021-01,2026-06,хуже 240 ч,99.28490163154066,0.4142624546517691,1.4565318066728472,86.81099505042485
S13,стратегия без ML (импульс),"Выход не позже 48 ч (стоп 4, трейлинг 4, активация 2)",S01,всё,все,2193,64.12018811280274,45.873233014135884,0.08771571561258924,1.2435210423094716,-0.8918463388583991,1.1817085194281927,56.55477430325613,-13.46376183973474,2.628054211485176,8/11,2016-01,2026-06,хуже 240 ч,151.60037030654476,0.34664718820094076,1.399561596954925,137.19074427193016
S13,стратегия без ML (импульс),"Выход не позже 48 ч (стоп 4, трейлинг 4, активация 2)",S01,выбор,silver,337,3.3213259520373377,43.62017804154303,0.009855566623256195,1.2063111574536411,-0.9158232325981469,1.0190873765626887,-10.492524210096413,-23.573981348311055,0.1237000171704376,2/5,2016-01,2020-12,хуже 240 ч,101.93398563767435,0.467587090081075,1.5660248580518454,63.37311968841694
S13,стратегия без ML (импульс),"Выход не позже 48 ч (стоп 4, трейлинг 4, активация 2)",S01,проверка,silver,426,69.04935121833495,43.66197183098591,0.16208767891627923,1.8694237765489505,-1.1610977967490408,1.247787594535054,46.81883114405038,-26.822913829522065,1.5687488297123109,6/6,2021-01,2026-05,хуже 240 ч,150.19655608678767,0.6180928234024183,1.5484186728333427,112.77483634344021
S13,стратегия без ML (импульс),"Выход не позже 48 ч (стоп 4, трейлинг 4, активация 2)",S01,всё,silver,763,72.37067717037228,43.6435124508519,0.0948501666715233,1.5766983861375075,-1.0527206637521345,1.1598751750500853,50.140157096087705,-26.82291382952207,1.4033544316683917,8/11,2016-01,2026-05,хуже 240 ч,252.13054172446198,0.5469209148036052,1.555403113307081,208.90166362061817
S13,стратегия без ML (импульс),"Выход не позже 48 ч (стоп 4, трейлинг 4, активация 2)",S01,выбор,gold,400,5.036102065142821,42.75,0.012590255162857054,0.696651550554605,-0.4982153409593651,1.0441409773382577,-3.912515420617729,-9.18947572447597,0.30549631303222446,2/5,2016-01,2020-12,хуже 240 ч,-16.154170547871875,-0.06647806809823817,0.900944703011055,-31.4270229900595
S13,стратегия без ML (импульс),"Выход не позже 48 ч (стоп 4, трейлинг 4, активация 2)",S01,проверка,gold,454,18.74300366766671,45.81497797356828,0.04128414904772403,0.9076463143115588,-0.6912497142647869,1.1102222109427127,8.06442954080833,-22.376062323736825,0.8434556385429058,4/6,2021-01,2026-05,хуже 240 ч,61.32987871744681,0.23319345519941753,1.413933722141979,34.34302449826974
S13,стратегия без ML (импульс),"Выход не позже 48 ч (стоп 4, трейлинг 4, активация 2)",S01,всё,gold,854,23.779105732809533,44.37939110070258,0.027844386103992428,0.8124481491336194,-0.5981868269238572,1.0836883611837542,12.757931889569997,-22.376062323736818,0.8598131885368918,6/11,2016-01,2026-05,хуже 240 ч,45.175708169574925,0.08928005567109669,1.1451447621605262,18.176445872656316
S13,стратегия без ML (импульс),"Выход не позже 48 ч (стоп 4, трейлинг 4, активация 2)",S01,выбор,lkoh,221,69.08304028402185,54.75113122171946,0.3125929424616373,1.490003230880745,-1.1120735065254825,1.6212092984740025,53.5791077044828,-10.549354826223299,2.5448024726459657,3/5,2016-06,2020-12,хуже 240 ч,71.16659093520988,0.5391408404182567,1.4988852046327112,43.37030299426378
S13,стратегия без ML (импульс),"Выход не позже 48 ч (стоп 4, трейлинг 4, активация 2)",S01,проверка,lkoh,355,27.127741151204617,48.732394366197184,0.07641617225691441,1.3741813093718283,-1.1571737657698993,1.1288082457604343,11.3934057831088,-24.101303058771865,0.7862047564607635,5/6,2021-01,2026-06,хуже 240 ч,86.32827009038758,0.4052970426778759,1.374698982946432,61.457055992853945
S13,стратегия без ML (импульс),"Выход не позже 48 ч (стоп 4, трейлинг 4, активация 2)",S01,всё,lkoh,576,96.21078143522647,51.041666666666664,0.16703260665837927,1.421849515162913,-1.1411807660378366,1.2989648914232999,79.18112139094283,-24.101303058771876,2.188995624106294,8/11,2016-06,2026-06,хуже 240 ч,157.49486102559743,0.4565068435524563,1.4221874171446363,129.69857308465134
S14,стратегия без ML (импульс),Без тренд-фильтра (выход 120 ч),S12,выбор,все,892,58.13376827794494,47.19730941704036,0.19551715788546506,1.8301953246415552,-1.2656282947776214,1.292565187083996,47.9789615844641,-14.451816843515491,2.570146506082391,4/5,2016-01,2020-12,хуже,46.923788382642684,0.1910059228601466,1.2871507760796634,36.76898168916185
S14,стратегия без ML (импульс),Без тренд-фильтра (выход 120 ч),S12,проверка,все,1089,24.688730998768882,47.842056932966024,0.06801303305445973,2.123166091167603,-1.817083345954251,1.071762380848686,12.840758404362997,-29.42912156840949,0.7827518405085724,5/6,2021-01,2026-06,хуже,61.774624664561685,0.20500428539124457,1.244639259506775,53.81366434629751
S14,стратегия без ML (импульс),Без тренд-фильтра (выход 120 ч),S12,всё,все,1981,82.82249927671383,47.551741544674414,0.12542528916211082,1.9922311732191251,-1.5670974661619579,1.152601228728768,70.49120319021007,-29.429121568409478,2.133776578424276,9/11,2016-01,2026-06,хуже,108.69841304720435,0.1987173913111597,1.261341504712359,98.54360635372352
S14,стратегия без ML (импульс),Без тренд-фильтра (выход 120 ч),S12,выбор,silver,328,101.09474565570758,45.73170731707317,0.30821568797471827,2.3202323883803575,-1.387304003378349,1.4093897285084354,73.48759742527574,-17.168924210822183,2.113425318774371,5/5,2016-01,2020-12,хуже,89.81530516603587,0.34544348140783027,1.4736267705768349,62.20815693560403
S14,стратегия без ML (импульс),Без тренд-фильтра (выход 120 ч),S12,проверка,silver,369,80.71455561877379,47.696476964769644,0.2187386331132081,2.8584709655079474,-2.188478416117228,1.1910963021886887,45.17063783555613,-34.99083978909191,1.2103564650892902,5/6,2021-01,2026-05,хуже,112.40607520669205,0.36734011505454917,1.3417626342884803,88.82537191131934
S14,стратегия без ML (импульс),Без тренд-фильтра (выход 120 ч),S12,всё,silver,697,181.80930127448136,46.77187948350072,0.2608454824598011,2.6108151784860505,-1.8040874579837496,1.2716342951279562,146.2653834912637,-34.99083978909198,2.216649217596923,10/11,2016-01,2026-05,хуже,202.22138037272788,0.35728159076453686,1.3899866627126045,174.61423214229603
S14,стратегия без ML (импульс),Без тренд-фильтра (выход 120 ч),S12,выбор,gold,366,11.080387837086251,46.44808743169399,0.030274283707885933,1.111079118580757,-0.9071584812328695,1.0623183183259357,-0.8219684806776311,-27.819898684383496,0.43362237573450746,2/5,2016-01,2020-12,хуже,-10.436192537488886,-0.03444287966167949,0.9335146035038759,-22.338548855252768
S14,стратегия без ML (импульс),Без тренд-фильтра (выход 120 ч),S12,проверка,gold,389,46.52440213628208,48.329048843187664,0.11960000549172771,1.4192803699705858,-1.0960214299412339,1.2111862787733951,31.818072573658196,-33.630745472524126,1.4152307136629534,4/6,2021-01,2026-05,хуже,45.759266916627645,0.13659482661679895,1.276930544852509,33.817874180921905
S14,стратегия без ML (импульс),Без тренд-фильтра (выход 120 ч),S12,всё,gold,755,57.60478997336834,47.41721854304636,0.07629773506406402,1.2729278204279295,-1.0027792688660717,1.1446980717872706,42.64576823797569,-33.63074547252411,1.383794276305618,6/11,2016-01,2026-05,хуже,35.32307437913876,0.05536532034347768,1.109628500327386,21.736501804214527
S14,стратегия без ML (импульс),Без тренд-фильтра (выход 120 ч),S12,выбор,lkoh,198,62.226171341040995,51.010101010101,0.31427359263152016,2.3128111213694282,-1.7666778548172293,1.3631148255424452,33.06133428493411,-26.04343883558451,1.5280036266353574,3/5,2016-06,2020-12,хуже,61.392252519381074,0.35282903746770733,1.4274267034583972,32.22741546327419
S14,стратегия без ML (импульс),Без тренд-фильтра (выход 120 ч),S12,проверка,lkoh,331,-53.17276475874923,47.43202416918429,-0.16064279383307925,2.141744802639822,-2.2380844757080536,0.8634588616387686,-75.2608991656257,-100.9618116101763,-0.9097837453000432,5/6,2021-01,2026-06,хуже,27.158531870365376,0.10326437973522956,1.10310715732747,7.220907783801437
S14,стратегия без ML (импульс),Без тренд-фильтра (выход 120 ч),S12,всё,lkoh,529,9.053406582291775,48.77126654064272,0.01711419013665742,2.2087126250882334,-2.0693522165700093,1.0161438947392307,-20.11143047381511,-100.96181161017634,0.12685786910839503,8/11,2016-06,2026-06,хуже,88.55078438974644,0.20263337388957994,1.2175517118554937,59.38594733363956
S15,стратегия без ML (импульс),Только при высокой волатильности (выход 120 ч),S12,выбор,все,480,42.6713303117397,46.666666666666664,0.2666958144483732,2.130634347402384,-1.3642504018863864,1.3665416930786756,32.62886740282631,-8.05286915329916,2.241464603726769,4/5,2016-01,2020-12,не универсально,46.923788382642684,0.1910059228601466,1.2871507760796634,36.76898168916185
S15,стратегия без ML (импульс),Только при высокой волатильности (выход 120 ч),S12,проверка,все,592,31.440193249210093,51.18243243243242,0.15932530362775385,2.297364773418105,-2.0822870124500192,1.1567357362854982,23.479232930945912,-15.241324048433334,1.2953971287669617,6/6,2021-01,2026-06,не универсально,61.774624664561685,0.20500428539124457,1.244639259506775,53.81366434629751
S15,стратегия без ML (импульс),Только при высокой волатильности (выход 120 ч),S12,всё,все,1072,74.1115235609498,49.160447761194035,0.20740165175638942,2.2264964329484247,-1.7450074302403127,1.233783153946969,64.06906065203641,-15.241324048433285,2.4032808584404863,10/11,2016-01,2026-06,не универсально,108.69841304720435,0.1987173913111597,1.261341504712359,98.54360635372352
S15,стратегия без ML (импульс),Только при высокой волатильности (выход 120 ч),S12,выбор,silver,166,75.08191190409737,45.78313253012048,0.4523006741210685,2.865897901810512,-1.5858480959277952,1.526055091747618,48.88066492228839,-12.848206768212336,1.8797005369768642,4/5,2016-01,2020-12,не универсально,89.81530516603587,0.34544348140783027,1.4736267705768349,62.20815693560403
S15,стратегия без ML (импульс),Только при высокой волатильности (выход 120 ч),S12,проверка,silver,199,68.43065903052374,52.26130653266332,0.34387265844484294,3.2803267967279797,-2.87077187188617,1.250916045852094,44.84995573515103,-33.83429060092682,1.2322380825793695,5/6,2021-01,2026-05,не универсально,112.40607520669205,0.36734011505454917,1.3417626342884803,88.82537191131934
S15,стратегия без ML (импульс),Только при высокой волатильности (выход 120 ч),S12,всё,silver,365,143.51257093462107,49.31506849315068,0.3931851258482769,3.1053457077628264,-2.245673818717231,1.3454391373350676,116.91557707075462,-33.83429060092692,2.100460147990761,9/11,2016-01,2026-05,не универсально,202.22138037272788,0.35728159076453686,1.3899866627126045,174.61423214229603
S15,стратегия без ML (импульс),Только при высокой волатильности (выход 120 ч),S12,выбор,gold,217,-13.389407372103136,44.23963133640553,-0.06170233812029095,1.175981718327427,-1.0436665481945135,0.8939735498229687,-25.291763689867018,-26.14379102446036,-0.6126995225432507,1/5,2016-01,2020-12,не универсально,-10.436192537488886,-0.03444287966167949,0.9335146035038759,-22.338548855252768
S15,стратегия без ML (импульс),Только при высокой волатильности (выход 120 ч),S12,проверка,gold,246,50.202735129061836,53.65853658536586,0.20407615906122697,1.362535013790107,-1.1372972516774766,1.3872117591980768,38.2613423933561,-19.02385766812077,1.9912078657706063,4/6,2021-01,2026-05,не универсально,45.759266916627645,0.13659482661679895,1.276930544852509,33.817874180921905
S15,стратегия без ML (импульс),Только при высокой волатильности (выход 120 ч),S12,всё,gold,463,36.813327756958685,49.24406047516199,0.0795104271208611,1.283986257805821,-1.0890874000968873,1.1438382801291371,23.226755182034452,-32.003436707690696,1.1005042903781588,5/11,2016-01,2026-05,не универсально,35.32307437913876,0.05536532034347768,1.109628500327386,21.736501804214527
S15,стратегия без ML (импульс),Только при высокой волатильности (выход 120 ч),S12,выбор,lkoh,97,66.3214864032249,53.608247422680414,0.6837266639507721,2.818454006175038,-1.7830693759528247,1.8265583094168656,37.15664934711801,-11.725627320250524,1.94752778442856,2/4,2017-01,2020-12,не универсально,61.392252519381074,0.35282903746770733,1.4274267034583972,32.22741546327419
S15,стратегия без ML (импульс),Только при высокой волатильности (выход 120 ч),S12,проверка,lkoh,147,-24.312814411955284,45.57823129251701,-0.1653932953194237,2.613327129338534,-2.4925716509704636,0.8780736433269166,-44.25043849851922,-58.15136733311826,-0.6118373835144862,3/6,2021-01,2026-06,не универсально,27.158531870365376,0.10326437973522956,1.10310715732747,7.220907783801437
S15,стратегия без ML (импульс),Только при высокой волатильности (выход 120 ч),S12,всё,lkoh,244,42.008671991269615,48.77049180327869,0.1721666884888099,2.7029624032502833,-2.2371508319641142,1.1502220463316288,12.843834935162732,-58.15136733311826,0.7982437527004612,5/10,2017-01,2026-06,не универсально,88.55078438974644,0.20263337388957994,1.2175517118554937,59.38594733363956
S16,стратегия без ML (импульс),Импульс 8 ч / 3.5 ATR (выход 120 ч),S12,выбор,все,683,34.77993466597608,45.68081991215226,0.15276691654162258,1.846576571356874,-1.2716767823865673,1.2211563250750028,24.625127972495243,-11.50577290644891,1.7434344649320193,4/5,2016-01,2020-12,без улучшения,46.923788382642684,0.1910059228601466,1.2871507760796634,36.76898168916185
S16,стратегия без ML (импульс),Импульс 8 ч / 3.5 ATR (выход 120 ч),S12,проверка,все,837,48.06383944798763,49.46236559139785,0.17227182597845028,2.1560571801254507,-1.769305329144146,1.192662220783707,38.3541571734394,-28.013035452631193,1.7800403783134504,5/6,2021-01,2026-05,без улучшения,61.774624664561685,0.20500428539124457,1.244639259506775,53.81366434629751
S16,стратегия без ML (импульс),Импульс 8 ч / 3.5 ATR (выход 120 ч),S12,всё,все,1520,82.84377411396372,47.76315789473684,0.1635074489091389,2.0230572490844096,-1.53678619709495,1.203679432816646,72.47964788555385,-28.013035452631215,2.4684403860757076,9/11,2016-01,2026-05,без улучшения,108.69841304720435,0.1987173913111597,1.261341504712359,98.54360635372352
S16,стратегия без ML (импульс),Импульс 8 ч / 3.5 ATR (выход 120 ч),S12,выбор,silver,246,70.6997057943584,45.52845528455284,0.28739717802584713,2.3241619217815517,-1.4149733540684732,1.3728760991978974,45.39343453104638,-21.026111677937536,1.6861565226302353,3/5,2016-01,2020-12,без улучшения,89.81530516603587,0.34544348140783027,1.4736267705768349,62.20815693560403
S16,стратегия без ML (импульс),Импульс 8 ч / 3.5 ATR (выход 120 ч),S12,проверка,silver,282,102.99690574275337,50.0,0.36523725440692684,2.953758097014278,-2.2232835882004247,1.3285566055048856,74.30484138956302,-36.95253377767271,1.704694639981906,6/6,2021-01,2026-05,без улучшения,112.40607520669205,0.36734011505454917,1.3417626342884803,88.82537191131934
S16,стратегия без ML (импульс),Импульс 8 ч / 3.5 ATR (выход 120 ч),S12,всё,silver,528,173.69661153711178,47.91666666666667,0.3289708551839238,2.6750435846582885,-1.8294160559324921,1.3452599204565203,145.00454718392143,-36.9525337776727,2.363812705065232,9/11,2016-01,2026-05,без улучшения,202.22138037272788,0.35728159076453686,1.3899866627126045,174.61423214229603
S16,стратегия без ML (импульс),Импульс 8 ч / 3.5 ATR (выход 120 ч),S12,выбор,gold,279,3.9641782108037784,42.65232974910394,0.014208524053060138,1.1888981183716203,-0.8594668617213692,1.0288273055320607,-7.551235647511632,-22.196986603742374,0.17448582490629358,2/5,2016-01,2020-12,без улучшения,-10.436192537488886,-0.03444287966167949,0.9335146035038759,-22.338548855252768
S16,стратегия без ML (импульс),Импульс 8 ч / 3.5 ATR (выход 120 ч),S12,проверка,gold,310,13.431115911484088,49.03225806451613,0.04332618035962609,1.235661988141797,-1.103731052443475,1.0770179135059403,0.6815079421452896,-37.185957304637796,0.4921231721679868,3/6,2021-01,2026-05,без улучшения,45.759266916627645,0.13659482661679895,1.276930544852509,33.817874180921905
S16,стратегия без ML (импульс),Импульс 8 ч / 3.5 ATR (выход 120 ч),S12,всё,gold,589,17.395294122287865,46.01018675721562,0.029533606319673795,1.2151272999401328,-0.9808308306965035,1.0557712717244474,4.195664006812102,-37.18595730463781,0.4902447525151476,5/11,2016-01,2026-05,без улучшения,35.32307437913876,0.05536532034347768,1.109628500327386,21.736501804214527
S16,стратегия без ML (импульс),Импульс 8 ч / 3.5 ATR (выход 120 ч),S12,выбор,lkoh,158,29.67591999276607,51.26582278481012,0.18782227843522828,2.152430604167755,-1.8788436226600274,1.2051270013637259,4.968742058961283,-21.06736163852975,0.8200764942955143,2/5,2016-06,2020-12,без улучшения,61.392252519381074,0.35282903746770733,1.4274267034583972,32.22741546327419
S16,стратегия без ML (импульс),Импульс 8 ч / 3.5 ATR (выход 120 ч),S12,проверка,lkoh,245,27.763496689725493,49.38775510204081,0.11332039465194078,2.3827037908708286,-2.101158564561652,1.1065598620822483,4.146769735598198,-53.18880047825112,0.5965188095053983,4/6,2021-01,2026-05,без улучшения,27.158531870365376,0.10326437973522956,1.10310715732747,7.220907783801437
S16,стратегия без ML (импульс),Импульс 8 ч / 3.5 ATR (выход 120 ч),S12,всё,lkoh,403,57.439416682491554,50.12406947890818,0.14252956993174082,2.2903665229354377,-2.015993139057049,1.1417506025517103,26.347037997261925,-53.18880047825111,0.9754148845826148,6/11,2016-06,2026-05,без улучшения,88.55078438974644,0.20263337388957994,1.2175517118554937,59.38594733363956
S17,стратегия без ML (импульс),"Издержки Альфа-Форекс (CFD), серебро с шагом 0.001",S03,выбор,все,1196,-37.525723820641794,39.96655518394649,-0.2510081860912495,2.597517820462704,-2.1473806528500092,0.8052911979619457,-42.26279397184569,-56.04727472176024,-2.75657708739485,1/5,2016-01,2020-12,акции через CFD убыточны,26.532215479216305,0.17747301323890505,1.1658214283779937,21.712107235559127
S17,стратегия без ML (импульс),"Издержки Альфа-Форекс (CFD), серебро с шагом 0.001",S03,проверка,все,1924,-13.166790995263888,41.735966735966734,-0.054747571705878954,3.5381218360124302,-2.628408708546024,0.9642503809129168,-22.244991663170985,-31.09536219755894,-0.48667801918488274,5/6,2021-01,2026-06,акции через CFD убыточны,70.11344439862,0.2915319933414553,1.2140952029790488,60.95624373071291
S17,стратегия без ML (импульс),"Издержки Альфа-Форекс (CFD), серебро с шагом 0.001",S03,всё,все,3120,-50.69251481590568,41.05769230769231,-0.12998080722027097,3.1871392291172165,-2.4406011261698746,0.9096443556770041,-59.77071548381278,-66.82522916431341,-1.67359254351478,6/11,2016-01,2026-06,акции через CFD убыточны,96.64565987783632,0.24780938430214441,1.1982507717739095,87.48845920992923
S17,стратегия без ML (импульс),"Издержки Альфа-Форекс (CFD), серебро с шагом 0.001",S03,выбор,портфель 4,665,-12.296249742413401,40.902255639097746,-0.07396240446564452,3.0196783774110427,-2.21510818734213,0.9435004259163762,-21.77039004482119,-49.00608895645978,-0.5501548460634299,1/5,2016-01,2020-12,акции через CFD убыточны,74.44783264946307,0.44780651217722145,1.4259234279295427,64.80761616214872
S17,стратегия без ML (импульс),"Издержки Альфа-Форекс (CFD), серебро с шагом 0.001",S03,проверка,портфель 4,896,-2.7143722949089355,41.517857142857146,-0.01211773345941489,3.2616329522484646,-2.3362308156795124,0.9911308424412888,-18.121174754289907,-29.01869923922197,-0.07730785374877652,3/6,2021-01,2026-06,акции через CFD убыточны,95.26488583263301,0.4252896688956831,1.366787735911695,79.57564953662693
S17,стратегия без ML (импульс),"Издержки Альфа-Форекс (CFD), серебро с шагом 0.001",S03,всё,портфель 4,1561,-15.010622037322332,41.25560538116592,-0.03846411796879521,3.159440957907193,-2.2843211178206344,0.9713363039011952,-31.649650272334064,-49.00608895645978,-0.36074301336645065,4/11,2016-01,2026-06,акции через CFD убыточны,169.71271848209608,0.43488204607840125,1.3905759198152454,152.95739586126868
S17,стратегия без ML (импульс),"Издержки Альфа-Форекс (CFD), серебро с шагом 0.001",S03,выбор,silver,218,29.886943789445937,36.69724770642202,0.13709607242865107,3.1069409590056702,-1.584553137181215,1.1366770551037018,-8.009617420185222,-63.81069702999486,0.606083600129249,2/5,2016-01,2020-12,акции через CFD убыточны,101.52527335695174,0.46571226310528324,1.5628784187208518,62.96440740769433
S17,стратегия без ML (импульс),"Издержки Альфа-Форекс (CFD), серебро с шагом 0.001",S03,проверка,silver,243,63.080464569617824,45.67901234567901,0.259590389175382,3.3829538463014135,-2.3668743361351448,1.2019043850574342,26.78159445013066,-49.388163458210016,1.024357883929946,5/6,2021-01,2026-05,акции через CFD убыточны,149.0434970797856,0.6133477246081712,1.542686530471381,111.62177733643814
S17,стратегия без ML (импульс),"Издержки Альфа-Форекс (CFD), серебро с шагом 0.001",S03,всё,silver,461,92.96740835906377,41.431670281995665,0.20166466021488888,3.2673463542403693,-1.9670212788920254,1.1750483018959246,50.84144314498312,-63.81069702999486,1.1795245139738395,7/11,2016-01,2026-05,акции через CFD убыточны,250.56877043673728,0.543533124591621,1.5506907191827615,207.33989233289347
S17,стратегия без ML (импульс),"Издержки Альфа-Форекс (CFD), серебро с шагом 0.001",S03,выбор,gold,243,-16.80926582472928,42.38683127572017,-0.06917393343509992,1.4156258185418815,-1.1615623223895934,0.896633885114878,-32.032162262531,-42.80933264617283,-0.6258058774789445,2/5,2016-01,2020-12,акции через CFD убыточны,-16.962080993370336,-0.06980280244185323,0.896503422380245,-32.23493343555796
S17,стратегия без ML (импульс),"Издержки Альфа-Форекс (CFD), серебро с шагом 0.001",S03,проверка,gold,263,58.68616892764331,46.38783269961977,0.22314132672107723,1.6994377085314234,-1.0542215000935486,1.3948069395178386,31.77129715427349,-26.113241470539474,1.7581711870105388,4/6,2021-01,2026-05,акции через CFD убыточны,59.121019568546664,0.22479475121120404,1.3952437320902495,32.134165349369596
S17,стратегия без ML (импульс),"Издержки Альфа-Форекс (CFD), серебро с шагом 0.001",S03,всё,gold,506,41.87690310291402,44.466403162055336,0.08276067806900005,1.5695149322250999,-1.1077009133371296,1.1345382342174213,14.962031329544203,-46.16524987915734,0.9755016873057474,6/11,2016-01,2026-05,акции через CFD убыточны,42.158938575176336,0.08331806042524968,1.1344905298385717,15.159676278257727
S17,стратегия без ML (импульс),"Издержки Альфа-Форекс (CFD), серебро с шагом 0.001",S03,выбор,lkoh,132,-3.9000860345687958,44.696969696969695,-0.029546106322490877,2.9639656657758957,-2.448959730347214,0.9781842733353527,-30.11638586188232,-49.379237689177515,-0.09773446248880949,2/5,2016-06,2020-12,акции через CFD убыточны,80.1839139654312,0.6074538936775091,1.576046998262457,52.38761413811767
S17,стратегия без ML (импульс),"Издержки Альфа-Форекс (CFD), серебро с шагом 0.001",S03,проверка,lkoh,214,-61.42355826153603,40.18691588785047,-0.2870259731847478,2.730564987623611,-2.3144698999778646,0.7926645972268466,-82.97426784491168,-90.75262793517668,-1.2738375373256983,1/6,2021-01,2026-05,акции через CFD убыточны,43.17244173846399,0.2017403819554392,1.1778009204868314,20.177732155088325
S17,стратегия без ML (импульс),"Издержки Альфа-Форекс (CFD), серебро с шагом 0.001",S03,всё,lkoh,346,-65.32364429610482,41.90751445086705,-0.18879665981533184,2.825534918733851,-2.363314465236384,0.8624841255850414,-91.53994412341834,-90.7526279351767,-1.0445044104425791,3/11,2016-06,2026-05,акции через CFD убыточны,123.35635570389519,0.3565212592598127,1.322913772969336,95.56005587658166
S17,стратегия без ML (импульс),"Издержки Альфа-Форекс (CFD), серебро с шагом 0.001",S03,выбор,gazp,154,-15.730709080365031,39.61038961038961,-0.10214746156081189,3.0481677467379473,-2.16848324334817,0.9219973638324617,-42.480553273366844,-53.778403120721286,-0.3801647274401903,3/5,2016-01,2020-12,акции через CFD убыточны,81.72129091963498,0.530657733244383,1.5358316098094276,53.66344672663317
S17,стратегия без ML (импульс),"Издержки Альфа-Форекс (CFD), серебро с шагом 0.001",S03,проверка,gazp,219,-25.50385487928829,42.465753424657535,-0.11645595835291457,3.7045775517521546,-2.936742596763799,0.9310761702833371,-85.52700798610186,-113.05343815868784,-0.24224381850314247,3/6,2021-01,2026-06,акции через CFD убыточны,77.26214512071172,0.3527951831995969,1.2387945619594087,16.33899201389815
S17,стратегия без ML (импульс),"Издержки Альфа-Форекс (CFD), серебро с шагом 0.001",S03,всё,gazp,373,-41.23456395965327,41.28686327077748,-0.11054842884625542,3.4445710705452273,-2.610495474080449,0.9278735848996676,-101.25771706646685,-122.45162549926366,-0.3649081763599372,6/11,2016-01,2026-06,акции через CFD убыточны,158.98343604034673,0.426229051046506,1.3339541257652152,98.06028293353316
S17,стратегия без ML (импульс),"Издержки Альфа-Форекс (CFD), серебро с шагом 0.001",S03,выбор,sber,161,-59.44114764416571,44.72049689440994,-0.36919967480848265,2.944236598660519,-3.049732390423855,0.7810043709032549,-83.8724742847919,-91.329305287282,-1.2479300443432002,2/5,2016-01,2020-12,акции через CFD убыточны,34.36085235583431,0.21342144320393983,1.1513104113965908,8.893525715208106
S17,стратегия без ML (импульс),"Издержки Альфа-Форекс (CFD), серебро с шагом 0.001",S03,проверка,sber,220,12.989459391570783,37.27272727272727,0.05904299723441265,3.1520156103462327,-1.7788102946146402,1.0529154332056607,-14.225687481532376,-45.73152882207986,0.2571133773259468,2/6,2021-01,2026-05,акции через CFD убыточны,111.58145939157077,0.5071884517798672,1.5638101858292397,82.99031251846762
S17,стратегия без ML (импульс),"Издержки Альфа-Форекс (CFD), серебро с шагом 0.001",S03,всё,sber,381,-46.45168825259493,40.419947506561684,-0.1219204416078607,3.0548721763113535,-2.277101336583892,0.9101344395134013,-73.66683512569809,-91.329305287282,-0.6687252005884159,4/11,2016-01,2026-05,акции через CFD убыточны,145.94231174740509,0.3830506870010632,1.343398070962962,117.35116487430193
S17,стратегия без ML (импульс),"Издержки Альфа-Форекс (CFD), серебро с шагом 0.001",S03,выбор,moex,153,-76.9689720927172,39.21568627450981,-0.5030651770765829,2.907232885151355,-2.7032574752881557,0.6938422020834522,-94.60656667863032,-103.4921161087641,-1.8255757424256192,1/5,2016-01,2020-12,акции через CFD убыточны,7.997027907282812,0.0522681562567504,1.0381499706731732,-11.3565666786303
S17,стратегия без ML (импульс),"Издержки Альфа-Форекс (CFD), серебро с шагом 0.001",S03,проверка,moex,227,-95.98811347912107,36.56387665198238,-0.42285512545868315,2.7873990811046347,-2.273209980630596,0.7067652671497276,-119.6129140326347,-95.98811347912108,-1.980179319886546,1/6,2021-01,2026-06,акции через CFD убыточны,11.261886520878926,0.04961183489373976,1.0416736777003262,-14.214914032634708
S17,стратегия без ML (импульс),"Издержки Альфа-Форекс (CFD), серебро с шагом 0.001",S03,всё,moex,380,-172.9570855718383,37.631578947368425,-0.45515022518904813,2.837678998886475,-2.441962794989891,0.7011515761550958,-196.58188612535193,-188.07964788184907,-2.69561383016285,2/11,2016-01,2026-06,акции через CFD убыточны,19.25891442816174,0.05068135375832037,1.0401343925273943,-6.2178861253518924
S17,стратегия без ML (импульс),"Издержки Альфа-Форекс (CFD), серебро с шагом 0.001",S03,выбор,mtss,135,-157.24255367803428,31.851851851851855,-1.164759656874328,2.32598993270869,-2.796305660701173,0.38877991194854744,-172.6221645748986,-157.24255367803417,-4.459736372451629,0/5,2016-01,2020-12,акции через CFD убыточны,-76.56855367803428,-0.5671744716891428,0.6307467426152634,-93.3921645748986
S17,стратегия без ML (импульс),"Издержки Альфа-Форекс (CFD), серебро с шагом 0.001",S03,проверка,mtss,196,-50.04025404887258,38.775510204081634,-0.25530741861669687,2.9967514215456332,-2.3149446840528394,0.8198651916192309,-88.7908611627264,-55.87848022203874,-0.9688042511530116,2/6,2021-01,2026-03,акции через CFD убыточны,45.571745951127426,0.23250890791391543,1.2005831441994685,6.465138837273614
S17,стратегия без ML (импульс),"Издержки Альфа-Форекс (CFD), серебро с шагом 0.001",S03,всё,mtss,331,-207.28280772690687,35.95166163141994,-0.6262320475133138,2.754375421377662,-2.52383718335306,0.6125942277494886,-246.03341484076068,-207.2828077269066,-3.2913188375668687,2/11,2016-01,2026-03,акции через CFD убыточны,-30.99680772690685,-0.09364594479428053,0.9286703006349086,-70.10341484076066
S17,стратегия без ML (импульс),"Издержки Альфа-Форекс (CFD), серебро с шагом 0.001",S03,выбор,eth,0,,,,,,,,,,,,,акции через CFD убыточны,,,,
S17,стратегия без ML (импульс),"Издержки Альфа-Форекс (CFD), серебро с шагом 0.001",S03,проверка,eth,342,-7.134640182125011,43.859649122807014,-0.02086152100036553,6.408971625810443,-5.04416866694631,0.9926331598454661,-65.23528399400882,-112.36817577443428,-0.04921726323184449,4/6,2021-01,2026-05,акции через CFD убыточны,63.89335981787503,0.18682268952595038,1.0684104840896664,5.188716005991225
S17,стратегия без ML (импульс),"Издержки Альфа-Форекс (CFD), серебро с шагом 0.001",S03,всё,eth,342,-7.134640182125011,43.859649122807014,-0.02086152100036553,6.408971625810443,-5.04416866694631,0.9926331598454661,-65.23528399400882,-112.36817577443428,-0.04921726323184449,4/6,2021-01,2026-05,акции через CFD убыточны,63.89335981787503,0.18682268952595038,1.0684104840896664,5.188716005991225
S18,стратегия без ML (импульс),"Издержки Альфа-Форекс, серебро с шагом 0.0001",S03,выбор,все,1196,-28.48541174429739,41.30434782608695,-0.19053787119931365,2.5803597173344386,-2.1404287668341766,0.848338761892916,-33.306216178709235,-48.77776184952899,-2.0802855745035718,1/5,2016-01,2020-12,зависит от шага цены серебра,26.532215479216305,0.17747301323890505,1.1658214283779937,21.712107235559127
S18,стратегия без ML (импульс),"Издержки Альфа-Форекс, серебро с шагом 0.0001",S03,проверка,все,1924,-2.402449837870014,42.0997920997921,-0.009989396415259933,3.5660941679182803,-2.6101937834082287,0.9933902296028094,-11.48065050577711,-28.824069765543214,-0.0886132446934674,5/6,2021-01,2026-06,зависит от шага цены серебра,70.11344439862,0.2915319933414553,1.2140952029790488,60.95624373071291
S18,стратегия без ML (импульс),"Издержки Альфа-Форекс, серебро с шагом 0.0001",S03,всё,все,3120,-30.88786158216741,41.794871794871796,-0.07919964508248054,3.192664092313665,-2.4285995974858796,0.9439718778870871,-39.96606225007451,-55.70202679317106,-1.016866867859269,6/11,2016-01,2026-06,зависит от шага цены серебра,96.64565987783632,0.24780938430214441,1.1982507717739095,87.48845920992923
S18,стратегия без ML (импульс),"Издержки Альфа-Форекс, серебро с шагом 0.0001",S03,выбор,портфель 4,665,5.784374410275415,43.30827067669173,0.034793229535491216,2.9667941001314024,-2.205037674261916,1.027832936146368,-3.8572344585482803,-35.05652608613024,0.25703151635398724,1/5,2016-01,2020-12,зависит от шага цены серебра,74.44783264946307,0.44780651217722145,1.4259234279295427,64.80761616214872
S18,стратегия без ML (импульс),"Издержки Альфа-Форекс, серебро с шагом 0.0001",S03,проверка,портфель 4,896,18.814310019878818,42.299107142857146,0.08399245544588758,3.32652216340964,-2.2930264213786042,1.0634817200179236,3.199667107535248,-24.277789981431496,0.5333311951107189,5/6,2021-01,2026-06,зависит от шага цены серебра,95.26488583263301,0.4252896688956831,1.366787735911695,79.57564953662693
S18,стратегия без ML (импульс),"Издержки Альфа-Форекс, серебро с шагом 0.0001",S03,всё,портфель 4,1561,24.59868443015421,42.72901985906471,0.0630331439593958,3.1711973025038946,-2.255921547035213,1.0487877018684697,7.90134124790837,-35.05652608613024,0.588029910142973,6/11,2016-01,2026-06,зависит от шага цены серебра,169.71271848209608,0.43488204607840125,1.3905759198152454,152.95739586126868
S18,стратегия без ML (импульс),"Издержки Альфа-Форекс, серебро с шагом 0.0001",S03,выбор,silver,218,102.20944040020113,44.03669724770643,0.4688506440376199,2.9337443635676457,-1.4707378565761704,1.5696340069144847,63.64300492490635,-31.614216014404235,2.0459767620432836,4/5,2016-01,2020-12,зависит от шага цены серебра,101.52527335695174,0.46571226310528324,1.5628784187208518,62.96440740769433
S18,стратегия без ML (импульс),"Издержки Альфа-Форекс, серебро с шагом 0.0001",S03,проверка,silver,243,149.19519382876882,48.559670781893004,0.6139719910648923,3.58417219182442,-2.189896998452102,1.5450309085193519,111.8137590478074,-25.365186067201762,2.385953472427981,5/6,2021-01,2026-05,зависит от шага цены серебра,149.0434970797856,0.6133477246081712,1.542686530471381,111.62177733643814
S18,стратегия без ML (импульс),"Издержки Альфа-Форекс, серебро с шагом 0.0001",S03,всё,silver,461,251.40463422896997,46.420824295010846,0.5453462781539479,3.2923914838213806,-1.834684790723909,1.5547724232461688,208.21404741410248,-31.614216014404235,3.1439176236024338,9/11,2016-01,2026-05,зависит от шага цены серебра,250.56877043673728,0.543533124591621,1.5506907191827615,207.33989233289347
S18,стратегия без ML (импульс),"Издержки Альфа-Форекс, серебро с шагом 0.0001",S03,выбор,gold,243,-16.80926582472928,42.38683127572017,-0.06917393343509992,1.4156258185418815,-1.1615623223895934,0.896633885114878,-32.032162262531,-42.80933264617283,-0.6258058774789445,2/5,2016-01,2020-12,зависит от шага цены серебра,-16.962080993370336,-0.06980280244185323,0.896503422380245,-32.23493343555796
S18,стратегия без ML (импульс),"Издержки Альфа-Форекс, серебро с шагом 0.0001",S03,проверка,gold,263,58.68616892764331,46.38783269961977,0.22314132672107723,1.6994377085314234,-1.0542215000935486,1.3948069395178386,31.77129715427349,-26.113241470539474,1.7581711870105388,4/6,2021-01,2026-05,зависит от шага цены серебра,59.121019568546664,0.22479475121120404,1.3952437320902495,32.134165349369596
S18,стратегия без ML (импульс),"Издержки Альфа-Форекс, серебро с шагом 0.0001",S03,всё,gold,506,41.87690310291402,44.466403162055336,0.08276067806900005,1.5695149322250999,-1.1077009133371296,1.1345382342174213,14.962031329544203,-46.16524987915734,0.9755016873057474,6/11,2016-01,2026-05,зависит от шага цены серебра,42.158938575176336,0.08331806042524968,1.1344905298385717,15.159676278257727
S18,стратегия без ML (импульс),"Издержки Альфа-Форекс, серебро с шагом 0.0001",S03,выбор,lkoh,132,-3.9000860345687958,44.696969696969695,-0.029546106322490877,2.9639656657758957,-2.448959730347214,0.9781842733353527,-30.11638586188232,-49.379237689177515,-0.09773446248880949,2/5,2016-06,2020-12,зависит от шага цены серебра,80.1839139654312,0.6074538936775091,1.576046998262457,52.38761413811767
S18,стратегия без ML (импульс),"Издержки Альфа-Форекс, серебро с шагом 0.0001",S03,проверка,lkoh,214,-61.42355826153603,40.18691588785047,-0.2870259731847478,2.730564987623611,-2.3144698999778646,0.7926645972268466,-82.97426784491168,-90.75262793517668,-1.2738375373256983,1/6,2021-01,2026-05,зависит от шага цены серебра,43.17244173846399,0.2017403819554392,1.1778009204868314,20.177732155088325
S18,стратегия без ML (импульс),"Издержки Альфа-Форекс, серебро с шагом 0.0001",S03,всё,lkoh,346,-65.32364429610482,41.90751445086705,-0.18879665981533184,2.825534918733851,-2.363314465236384,0.8624841255850414,-91.53994412341834,-90.7526279351767,-1.0445044104425791,3/11,2016-06,2026-05,зависит от шага цены серебра,123.35635570389519,0.3565212592598127,1.322913772969336,95.56005587658166
S18,стратегия без ML (импульс),"Издержки Альфа-Форекс, серебро с шагом 0.0001",S03,выбор,gazp,154,-15.730709080365031,39.61038961038961,-0.10214746156081189,3.0481677467379473,-2.16848324334817,0.9219973638324617,-42.480553273366844,-53.778403120721286,-0.3801647274401903,3/5,2016-01,2020-12,зависит от шага цены серебра,81.72129091963498,0.530657733244383,1.5358316098094276,53.66344672663317
S18,стратегия без ML (импульс),"Издержки Альфа-Форекс, серебро с шагом 0.0001",S03,проверка,gazp,219,-25.50385487928829,42.465753424657535,-0.11645595835291457,3.7045775517521546,-2.936742596763799,0.9310761702833371,-85.52700798610186,-113.05343815868784,-0.24224381850314247,3/6,2021-01,2026-06,зависит от шага цены серебра,77.26214512071172,0.3527951831995969,1.2387945619594087,16.33899201389815
S18,стратегия без ML (импульс),"Издержки Альфа-Форекс, серебро с шагом 0.0001",S03,всё,gazp,373,-41.23456395965327,41.28686327077748,-0.11054842884625542,3.4445710705452273,-2.610495474080449,0.9278735848996676,-101.25771706646685,-122.45162549926366,-0.3649081763599372,6/11,2016-01,2026-06,зависит от шага цены серебра,158.98343604034673,0.426229051046506,1.3339541257652152,98.06028293353316
S18,стратегия без ML (импульс),"Издержки Альфа-Форекс, серебро с шагом 0.0001",S03,выбор,sber,161,-59.44114764416571,44.72049689440994,-0.36919967480848265,2.944236598660519,-3.049732390423855,0.7810043709032549,-83.8724742847919,-91.329305287282,-1.2479300443432002,2/5,2016-01,2020-12,зависит от шага цены серебра,34.36085235583431,0.21342144320393983,1.1513104113965908,8.893525715208106
S18,стратегия без ML (импульс),"Издержки Альфа-Форекс, серебро с шагом 0.0001",S03,проверка,sber,220,12.989459391570783,37.27272727272727,0.05904299723441265,3.1520156103462327,-1.7788102946146402,1.0529154332056607,-14.225687481532376,-45.73152882207986,0.2571133773259468,2/6,2021-01,2026-05,зависит от шага цены серебра,111.58145939157077,0.5071884517798672,1.5638101858292397,82.99031251846762
S18,стратегия без ML (импульс),"Издержки Альфа-Форекс, серебро с шагом 0.0001",S03,всё,sber,381,-46.45168825259493,40.419947506561684,-0.1219204416078607,3.0548721763113535,-2.277101336583892,0.9101344395134013,-73.66683512569809,-91.329305287282,-0.6687252005884159,4/11,2016-01,2026-05,зависит от шага цены серебра,145.94231174740509,0.3830506870010632,1.343398070962962,117.35116487430193
S18,стратегия без ML (импульс),"Издержки Альфа-Форекс, серебро с шагом 0.0001",S03,выбор,moex,153,-76.9689720927172,39.21568627450981,-0.5030651770765829,2.907232885151355,-2.7032574752881557,0.6938422020834522,-94.60656667863032,-103.4921161087641,-1.8255757424256192,1/5,2016-01,2020-12,зависит от шага цены серебра,7.997027907282812,0.0522681562567504,1.0381499706731732,-11.3565666786303
S18,стратегия без ML (импульс),"Издержки Альфа-Форекс, серебро с шагом 0.0001",S03,проверка,moex,227,-95.98811347912107,36.56387665198238,-0.42285512545868315,2.7873990811046347,-2.273209980630596,0.7067652671497276,-119.6129140326347,-95.98811347912108,-1.980179319886546,1/6,2021-01,2026-06,зависит от шага цены серебра,11.261886520878926,0.04961183489373976,1.0416736777003262,-14.214914032634708
S18,стратегия без ML (импульс),"Издержки Альфа-Форекс, серебро с шагом 0.0001",S03,всё,moex,380,-172.9570855718383,37.631578947368425,-0.45515022518904813,2.837678998886475,-2.441962794989891,0.7011515761550958,-196.58188612535193,-188.07964788184907,-2.69561383016285,2/11,2016-01,2026-06,зависит от шага цены серебра,19.25891442816174,0.05068135375832037,1.0401343925273943,-6.2178861253518924
S18,стратегия без ML (импульс),"Издержки Альфа-Форекс, серебро с шагом 0.0001",S03,выбор,mtss,135,-157.24255367803428,31.851851851851855,-1.164759656874328,2.32598993270869,-2.796305660701173,0.38877991194854744,-172.6221645748986,-157.24255367803417,-4.459736372451629,0/5,2016-01,2020-12,зависит от шага цены серебра,-76.56855367803428,-0.5671744716891428,0.6307467426152634,-93.3921645748986
S18,стратегия без ML (импульс),"Издержки Альфа-Форекс, серебро с шагом 0.0001",S03,проверка,mtss,196,-50.04025404887258,38.775510204081634,-0.25530741861669687,2.9967514215456332,-2.3149446840528394,0.8198651916192309,-88.7908611627264,-55.87848022203874,-0.9688042511530116,2/6,2021-01,2026-03,зависит от шага цены серебра,45.571745951127426,0.23250890791391543,1.2005831441994685,6.465138837273614
S18,стратегия без ML (импульс),"Издержки Альфа-Форекс, серебро с шагом 0.0001",S03,всё,mtss,331,-207.28280772690687,35.95166163141994,-0.6262320475133138,2.754375421377662,-2.52383718335306,0.6125942277494886,-246.03341484076068,-207.2828077269066,-3.2913188375668687,2/11,2016-01,2026-03,зависит от шага цены серебра,-30.99680772690685,-0.09364594479428053,0.9286703006349086,-70.10341484076066
S18,стратегия без ML (импульс),"Издержки Альфа-Форекс, серебро с шагом 0.0001",S03,выбор,eth,0,,,,,,,,,,,,,зависит от шага цены серебра,,,,
S18,стратегия без ML (импульс),"Издержки Альфа-Форекс, серебро с шагом 0.0001",S03,проверка,eth,342,-7.134640182125011,43.859649122807014,-0.02086152100036553,6.408971625810443,-5.04416866694631,0.9926331598454661,-65.23528399400882,-112.36817577443428,-0.04921726323184449,4/6,2021-01,2026-05,зависит от шага цены серебра,63.89335981787503,0.18682268952595038,1.0684104840896664,5.188716005991225
S18,стратегия без ML (импульс),"Издержки Альфа-Форекс, серебро с шагом 0.0001",S03,всё,eth,342,-7.134640182125011,43.859649122807014,-0.02086152100036553,6.408971625810443,-5.04416866694631,0.9926331598454661,-65.23528399400882,-112.36817577443428,-0.04921726323184449,4/6,2021-01,2026-05,зависит от шага цены серебра,63.89335981787503,0.18682268952595038,1.0684104840896664,5.188716005991225
S19,стратегия без ML (импульс),Альфа-Форекс + выход 168 ч / 4 ATR,S17,выбор,все,1589,-19.51484629103005,39.458779106356204,-0.09824969812979258,2.008559320733521,-1.4713986116716817,0.8897065535100279,-23.22462750947286,-36.46441097398558,-1.639503669771999,1/5,2016-01,2020-12,не помогло,-37.525723820641794,-0.2510081860912495,0.8052911979619457,-42.26279397184569
S19,стратегия без ML (импульс),Альфа-Форекс + выход 168 ч / 4 ATR,S17,проверка,все,2701,-5.3099530905507955,40.392447241762305,-0.015727369390746523,2.508164040461977,-1.7260165173095798,0.9847134370890039,-13.985319391666291,-28.798561643670833,-0.24548710327072173,3/6,2021-01,2026-06,не помогло,-13.166790995263888,-0.054747571705878954,0.9642503809129168,-22.244991663170985
S19,стратегия без ML (импульс),Альфа-Форекс + выход 168 ч / 4 ATR,S17,всё,все,4290,-24.824799381580853,40.04662004662005,-0.04629333218010415,2.3258286741815684,-1.6307822928835853,0.952651221126852,-33.50016568269635,-41.015708597823824,-1.0055110022841938,4/11,2016-01,2026-06,не помогло,-50.69251481590568,-0.12998080722027097,0.9096443556770041,-59.77071548381278
S19,стратегия без ML (импульс),Альфа-Форекс + выход 168 ч / 4 ATR,S17,выбор,портфель 4,879,-2.526218619225702,40.045506257110354,-0.011495875400344491,2.408608749425681,-1.6279604445441034,0.9882218668549082,-9.945781056111326,-34.086813053676885,-0.12522254877464772,1/5,2016-01,2020-12,не помогло,-12.296249742413401,-0.07396240446564452,0.9435004259163762,-21.77039004482119
S19,стратегия без ML (импульс),Альфа-Форекс + выход 168 ч / 4 ATR,S17,проверка,портфель 4,1236,2.077855527027544,39.967637540453076,0.006724451543778459,2.414124066042666,-1.5960456422061546,1.0070182062517388,-11.62729605813167,-23.49516020787527,0.07307592996677101,3/6,2021-01,2026-06,не помогло,-2.7143722949089355,-0.01211773345941489,0.9911308424412888,-18.121174754289907
S19,стратегия без ML (импульс),Альфа-Форекс + выход 168 ч / 4 ATR,S17,всё,портфель 4,2115,-0.4483630921981572,40.0,-0.0008479680230698008,2.4118292770956455,-1.6092994647688803,0.99912180419531,-14.617003383585464,-34.086813053676885,-0.012863221201770993,4/11,2016-01,2026-06,не помогло,-15.010622037322332,-0.03846411796879521,0.9713363039011952,-31.649650272334064
S19,стратегия без ML (импульс),Альфа-Форекс + выход 168 ч / 4 ATR,S17,выбор,silver,299,-13.057376844037666,36.45484949832776,-0.0436701566690223,1.8601378792355643,-1.135854766740601,0.939496634575514,-34.45280433267352,-56.22318840295851,-0.3720509678388688,2/5,2016-01,2020-12,не помогло,29.886943789445937,0.13709607242865107,1.1366770551037018,-8.009617420185222
S19,стратегия без ML (импульс),Альфа-Форекс + выход 168 ч / 4 ATR,S17,проверка,silver,357,-19.61950445419979,37.53501400560224,-0.05495659510980334,2.5293800172035894,-1.6078763531815283,0.9452819612480113,-44.30022719236098,-49.33839718771296,-0.38262183983532566,2/6,2021-01,2026-05,не помогло,63.080464569617824,0.259590389175382,1.2019043850574342,26.78159445013066
S19,стратегия без ML (импульс),Альфа-Форекс + выход 168 ч / 4 ATR,S17,всё,silver,656,-32.67688129823745,37.042682926829265,-0.04981231905219123,2.2291849841232816,-1.3907235652304963,0.9431081920663933,-58.08124320846101,-56.22318840295851,-0.5262668466071145,4/11,2016-01,2026-05,не помогло,92.96740835906377,0.20166466021488888,1.1750483018959246,50.84144314498312
S19,стратегия без ML (импульс),Альфа-Форекс + выход 168 ч / 4 ATR,S17,выбор,gold,345,7.21085548732389,42.608695652173914,0.02090103039804026,0.928172881008989,-0.6526795859646338,1.0557983777037645,-1.859011855290035,-11.246871361683349,0.36086023020650293,2/5,2016-01,2020-12,не помогло,-16.80926582472928,-0.06917393343509992,0.896633885114878,-32.032162262531
S19,стратегия без ML (импульс),Альфа-Форекс + выход 168 ч / 4 ATR,S17,проверка,gold,390,54.511031317496105,45.38461538461539,0.13977187517306694,1.3069990903474988,-0.830177500816954,1.308271826894949,36.75086064799973,-19.271335036116483,1.863966610084654,4/6,2021-01,2026-05,не помогло,58.68616892764331,0.22314132672107723,1.3948069395178386,31.77129715427349
S19,стратегия без ML (импульс),Альфа-Форекс + выход 168 ч / 4 ATR,S17,всё,gold,735,61.72188680482,44.08163265306123,0.08397535619703402,1.1351242361105824,-0.7446675564355442,1.2016670469524977,43.96171613532363,-19.271335036116483,1.7419374884926941,6/11,2016-01,2026-05,не помогло,41.87690310291402,0.08276067806900005,1.1345382342174213,14.962031329544203
S19,стратегия без ML (импульс),Альфа-Форекс + выход 168 ч / 4 ATR,S17,выбор,lkoh,173,27.712374325330995,45.08670520231214,0.16018713482850286,2.496302421306275,-1.7578864688058788,1.1659431417221686,7.885971341730173,-42.28568777045369,0.7810441899630662,1/5,2016-06,2020-12,не помогло,-3.9000860345687958,-0.029546106322490877,0.9781842733353527,-30.11638586188232
S19,стратегия без ML (импульс),Альфа-Форекс + выход 168 ч / 4 ATR,S17,проверка,lkoh,301,-65.1482362436746,38.205980066445186,-0.21643932306868638,2.015421861358415,-1.59635349623598,0.7805878613544661,-87.14357553291167,-70.39657189102809,-1.5512424771805524,0/6,2021-01,2026-06,не помогло,-61.42355826153603,-0.2870259731847478,0.7926645972268466,-82.97426784491168
S19,стратегия без ML (импульс),Альфа-Форекс + выход 168 ч / 4 ATR,S17,всё,lkoh,474,-37.43586191834359,40.71729957805908,-0.07897861164207509,2.2097673726326796,-1.6509642876742021,0.9193055180605147,-60.97706727735462,-70.39657189102812,-0.679917118894113,1/11,2016-06,2026-06,не помогло,-65.32364429610482,-0.18879665981533184,0.8624841255850414,-91.53994412341834
S19,стратегия без ML (импульс),Альфа-Форекс + выход 168 ч / 4 ATR,S17,выбор,gazp,199,3.793615131748858,42.71356783919598,0.019063392621853557,2.506823247567618,-1.835845271153497,1.0181264326792565,-25.884634615793637,-35.43124951435946,0.08953605580564691,2/5,2016-01,2020-12,не помогло,-15.730709080365031,-0.10214746156081189,0.9219973638324617,-42.480553273366844
S19,стратегия без ML (импульс),Альфа-Форекс + выход 168 ч / 4 ATR,S17,проверка,gazp,284,46.63648342608069,44.36619718309859,0.16421296981014327,2.8467628124127518,-1.9750356388476331,1.149449260972822,-7.696852623127988,-59.6951347637268,0.5637177536631879,5/6,2021-01,2026-06,не помогло,-25.50385487928829,-0.11645595835291457,0.9310761702833371,-85.52700798610186
S19,стратегия без ML (импульс),Альфа-Форекс + выход 168 ч / 4 ATR,S17,всё,gazp,483,50.430098557829595,43.68530020703933,0.10441014194167618,2.709820333683669,-1.9166984994464145,1.096731319069335,-6.244462607719633,-59.6951347637268,0.5429600990747829,7/11,2016-01,2026-06,не помогло,-41.23456395965327,-0.11054842884625542,0.9278735848996676,-101.25771706646685
S19,стратегия без ML (импульс),Альфа-Форекс + выход 168 ч / 4 ATR,S17,выбор,sber,208,-28.553487089944994,38.46153846153847,-0.13727638024012018,2.9660460757003264,-2.076852915202899,0.8925903147703642,-55.211295143167234,-66.95087204404994,-0.603191895702339,2/5,2016-01,2020-12,не помогло,-59.44114764416571,-0.36919967480848265,0.7810043709032549,-83.8724742847919
S19,стратегия без ML (импульс),Альфа-Форекс + выход 168 ч / 4 ATR,S17,проверка,sber,294,46.442679379903865,40.476190476190474,0.15796829721055736,2.2115524193241303,-1.2384689058266722,1.2142861545131742,24.604206365135774,-26.496314448699643,1.1259915529137572,3/6,2021-01,2026-05,не помогло,12.989459391570783,0.05904299723441265,1.0529154332056607,-14.225687481532376
S19,стратегия без ML (импульс),Альфа-Форекс + выход 168 ч / 4 ATR,S17,всё,sber,502,17.889192289958864,39.6414342629482,0.035635841215057494,2.5148664520381785,-1.5926377282694348,1.0370707270917632,-8.768615763263377,-66.95087204404994,0.2848549785991406,5/11,2016-01,2026-05,не помогло,-46.45168825259493,-0.1219204416078607,0.9101344395134013,-73.66683512569809
S19,стратегия без ML (импульс),Альфа-Форекс + выход 168 ч / 4 ATR,S17,выбор,moex,191,-36.981118736254984,36.12565445026178,-0.1936184227029057,2.469591453789091,-1.6998600741614938,0.8216771317385119,-53.839629137872834,-71.58993526690423,-1.0577385734037261,1/5,2016-01,2020-12,не помогло,-76.9689720927172,-0.5030651770765829,0.6938422020834522,-94.60656667863032
S19,стратегия без ML (импульс),Альфа-Форекс + выход 168 ч / 4 ATR,S17,проверка,moex,313,-103.35605004318472,37.06070287539936,-0.3302110225021876,1.836316670955621,-1.6059329130661764,0.6733051574255939,-120.89373106736316,-103.35605004318482,-2.5616908468208366,1/6,2021-01,2026-06,не помогло,-95.98811347912107,-0.42285512545868315,0.7067652671497276,-119.6129140326347
S19,стратегия без ML (импульс),Альфа-Форекс + выход 168 ч / 4 ATR,S17,всё,moex,504,-140.3371687794397,36.7063492063492,-0.2784467634512693,2.0725110494178343,-1.6418548994411881,0.7320540146846081,-158.65171302772427,-151.80045527488738,-2.6303729504836837,2/11,2016-01,2026-06,не помогло,-172.9570855718383,-0.45515022518904813,0.7011515761550958,-196.58188612535193
S19,стратегия без ML (импульс),Альфа-Форекс + выход 168 ч / 4 ATR,S17,выбор,mtss,174,-116.2436326024065,33.90804597701149,-0.668066854036819,1.7744608556323587,-1.9211897659540493,0.4738603054963172,-129.32857426319583,-116.24363260240656,-3.921663440410679,1/5,2016-01,2020-12,не помогло,-157.24255367803428,-1.164759656874328,0.38877991194854744,-172.6221645748986
S19,стратегия без ML (импульс),Альфа-Форекс + выход 168 ч / 4 ATR,S17,проверка,mtss,262,-64.57005257106054,33.969465648854964,-0.24645058233229214,2.156649445765198,-1.482727475399787,0.7482765347705046,-100.08373226438442,-64.720443337963,-1.4275024381938644,1/6,2021-01,2026-03,не помогло,-50.04025404887258,-0.25530741861669687,0.8198651916192309,-88.7908611627264
S19,стратегия без ML (импульс),Альфа-Форекс + выход 168 ч / 4 ATR,S17,всё,mtss,436,-180.8136851734671,33.94495412844037,-0.414710287095108,2.0042904807798094,-1.6578079039197184,0.6212918913845349,-216.32736486679096,-180.96407594036964,-3.336357470729523,2/11,2016-01,2026-03,не помогло,-207.28280772690687,-0.6262320475133138,0.6125942277494886,-246.03341484076068
S19,стратегия без ML (импульс),Альфа-Форекс + выход 168 ч / 4 ATR,S17,выбор,eth,0,,,,,,,,,,,,,не помогло,,,,
S19,стратегия без ML (импульс),Альфа-Форекс + выход 168 ч / 4 ATR,S17,проверка,eth,500,62.62402446423262,43.0,0.12524804892846525,4.221099097783618,-2.9646044966991068,1.0741189657566141,11.048407515986113,-96.44729389019332,0.5611821550401802,4/6,2021-01,2026-05,не помогло,-7.134640182125011,-0.02086152100036553,0.9926331598454661,-65.23528399400882
S19,стратегия без ML (импульс),Альфа-Форекс + выход 168 ч / 4 ATR,S17,всё,eth,500,62.62402446423262,43.0,0.12524804892846525,4.221099097783618,-2.9646044966991068,1.0741189657566141,11.048407515986113,-96.44729389019332,0.5611821550401802,4/6,2021-01,2026-05,не помогло,-7.134640182125011,-0.02086152100036553,0.9926331598454661,-65.23528399400882
S20,стратегия без ML (импульс),Альфа-Форекс + выход 120 ч / 6 ATR,S17,выбор,все,1496,-25.158970455256032,41.44385026737968,-0.1345399489585884,2.050965485456169,-1.6813588637270243,0.8633472649894003,-28.89375470691953,-41.12420389865013,-2.061935446828427,1/5,2016-01,2020-12,не помогло,-37.525723820641794,-0.2510081860912495,0.8052911979619457,-42.26279397184569
S20,стратегия без ML (импульс),Альфа-Форекс + выход 120 ч / 6 ATR,S17,проверка,все,2343,-15.25712797957241,44.21681604780196,-0.05209433369038808,2.8068052173750115,-2.3182151714132297,0.9597159204523337,-24.198677483587062,-34.64862075630395,-0.602034085022012,2/6,2021-01,2026-06,не помогло,-13.166790995263888,-0.054747571705878954,0.9642503809129168,-22.244991663170985
S20,стратегия без ML (импульс),Альфа-Форекс + выход 120 ч / 6 ATR,S17,всё,все,3839,-40.41609843482842,43.13623339411305,-0.08422213792097613,2.5238217428643335,-2.0626557918744686,0.9281934804122369,-49.35764793884307,-58.29930215695988,-1.4369782452027475,3/11,2016-01,2026-06,не помогло,-50.69251481590568,-0.12998080722027097,0.9096443556770041,-59.77071548381278
S20,стратегия без ML (импульс),Альфа-Форекс + выход 120 ч / 6 ATR,S17,выбор,портфель 4,833,-3.7165780328423956,41.17647058823529,-0.017846713242940675,2.46475664886331,-1.7556690667173165,0.9827191735115964,-11.186146536169394,-35.64351408218637,-0.18259704430595855,1/5,2016-01,2020-12,не помогло,-12.296249742413401,-0.07396240446564452,0.9435004259163762,-21.77039004482119
S20,стратегия без ML (импульс),Альфа-Форекс + выход 120 ч / 6 ATR,S17,проверка,портфель 4,1103,-14.502620743210965,43.97098821396192,-0.05259336624917848,2.589448424277169,-2.126040402503674,0.9558483953010619,-29.078961054160004,-38.191993060314246,-0.4287658503019871,3/6,2021-01,2026-06,не помогло,-2.7143722949089355,-0.01211773345941489,0.9911308424412888,-18.121174754289907
S20,стратегия без ML (импульс),Альфа-Форекс + выход 120 ч / 6 ATR,S17,всё,портфель 4,1936,-18.21919877605337,42.768595041322314,-0.03764297267779622,2.537794705718046,-1.96224802476422,0.9664806487508737,-33.02095132486228,-38.191993060314246,-0.46162875075253956,4/11,2016-01,2026-06,не помогло,-15.010622037322332,-0.03846411796879521,0.9713363039011952,-31.649650272334064
S20,стратегия без ML (импульс),Альфа-Форекс + выход 120 ч / 6 ATR,S17,выбор,silver,260,25.942974973250514,40.76923076923077,0.09978067297404045,2.349471244376653,-1.4487076424069785,1.1162835561285414,-0.7739188644542381,-49.31472845121708,0.6135990645823959,3/5,2016-01,2020-12,не помогло,29.886943789445937,0.13709607242865107,1.1366770551037018,-8.009617420185222
S20,стратегия без ML (импульс),Альфа-Форекс + выход 120 ч / 6 ATR,S17,проверка,silver,306,33.02026425564418,47.385620915032675,0.10790936031256268,2.762092773963562,-2.2825042730998284,1.0898551698055452,10.256713994642396,-39.09480470284342,0.5654195536081459,5/6,2021-01,2026-05,не помогло,63.080464569617824,0.259590389175382,1.2019043850574342,26.78159445013066
S20,стратегия без ML (импульс),Альфа-Форекс + выход 120 ч / 6 ATR,S17,всё,silver,566,58.9632392288947,44.34628975265017,0.10417533432666908,2.5878382634607244,-1.8748703647611018,1.0998388421723158,32.24634539118995,-49.31472845121708,0.8185181749507695,8/11,2016-01,2026-05,не помогло,92.96740835906377,0.20166466021488888,1.1750483018959246,50.84144314498312
S20,стратегия без ML (импульс),Альфа-Форекс + выход 120 ч / 6 ATR,S17,выбор,gold,303,-7.52056396494021,43.56435643564357,-0.024820343118614554,1.1176114625424092,-0.9066975264358957,0.951494401445431,-19.361951057607516,-23.76413793589784,-0.3225904097764471,2/5,2016-01,2020-12,не помогло,-16.80926582472928,-0.06917393343509992,0.896633885114878,-32.032162262531
S20,стратегия без ML (импульс),Альфа-Форекс + выход 120 ч / 6 ATR,S17,проверка,gold,335,47.28777860206631,51.34328358208955,0.14115754806586958,1.2279620183201445,-1.005654530975451,1.2884778641596981,35.38532865003581,-31.934755833119617,1.7429457575211735,3/6,2021-01,2026-05,не помогло,58.68616892764331,0.22314132672107723,1.3948069395178386,31.77129715427349
S20,стратегия без ML (импульс),Альфа-Форекс + выход 120 ч / 6 ATR,S17,всё,gold,638,39.76721463712612,47.64890282131661,0.062331057424962574,1.180046645416654,-0.9549909148788523,1.1246750257228648,26.252624508009134,-41.301299864204466,1.110665325291097,5/11,2016-01,2026-05,не помогло,41.87690310291402,0.08276067806900005,1.1345382342174213,14.962031329544203
S20,стратегия без ML (импульс),Альфа-Форекс + выход 120 ч / 6 ATR,S17,выбор,lkoh,171,-5.574784021486909,43.27485380116959,-0.032601076149046254,2.31140921203879,-1.820815110436674,0.9684361141929828,-33.975627118583944,-56.22249241331275,-0.1473108867205565,2/5,2016-06,2020-12,не помогло,-3.9000860345687958,-0.029546106322490877,0.9781842733353527,-30.11638586188232
S20,стратегия без ML (импульс),Альфа-Форекс + выход 120 ч / 6 ATR,S17,проверка,lkoh,265,-95.15759715641911,41.132075471698116,-0.359085272288374,2.085372649933418,-2.067071897430524,0.7049040249084828,-114.12719891343832,-106.99490468709708,-2.1296218180346127,1/6,2021-01,2026-06,не помогло,-61.42355826153603,-0.2870259731847478,0.7926645972268466,-82.97426784491168
S20,стратегия без ML (импульс),Альфа-Форекс + выход 120 ч / 6 ATR,S17,всё,lkoh,436,-100.73238117790603,41.97247706422018,-0.2310375715089588,2.1767754127519843,-1.9726572399664786,0.7981647819023725,-129.13322427500307,-106.99490468709709,-1.719538192863534,3/11,2016-06,2026-06,не помогло,-65.32364429610482,-0.18879665981533184,0.8624841255850414,-91.53994412341834
S20,стратегия без ML (импульс),Альфа-Форекс + выход 120 ч / 6 ATR,S17,выбор,gazp,196,5.013808199272619,41.83673469387755,0.025580654077921525,2.456677237081963,-1.7231028529951609,1.0255241720489179,-19.341838689989352,-33.15422544350784,0.13037284377150699,2/5,2016-01,2020-12,не помогло,-15.730709080365031,-0.10214746156081189,0.9219973638324617,-42.480553273366844
S20,стратегия без ML (импульс),Альфа-Форекс + выход 120 ч / 6 ATR,S17,проверка,gazp,267,-38.425117460824715,43.82022471910113,-0.14391429760608507,3.0578673700964973,-2.6413039984140996,0.9030147798615228,-96.73047870462086,-104.23984446789656,-0.3663878939689553,2/6,2021-01,2026-06,не помогло,-25.50385487928829,-0.11645595835291457,0.9310761702833371,-85.52700798610186
S20,стратегия без ML (импульс),Альфа-Форекс + выход 120 ч / 6 ATR,S17,всё,gazp,463,-33.411309261552134,42.98056155507559,-0.0721626549925532,2.8101407826231717,-2.2448080492559215,0.9436219102702161,-91.71667050534828,-104.23984446789655,-0.2993279490041824,4/11,2016-01,2026-06,не помогло,-41.23456395965327,-0.11054842884625542,0.9278735848996676,-101.25771706646685
S20,стратегия без ML (импульс),Альфа-Форекс + выход 120 ч / 6 ATR,S17,выбор,sber,206,-40.24831128240582,39.32038834951456,-0.19538015185633895,2.7638983151185035,-2.112992598456037,0.8476158929782707,-62.50699402623541,-71.32549534213994,-0.9129405114779151,2/5,2016-01,2020-12,не помогло,-59.44114764416571,-0.36919967480848265,0.7810043709032549,-83.8724742847919
S20,стратегия без ML (импульс),Альфа-Форекс + выход 120 ч / 6 ATR,S17,проверка,sber,265,42.55196738875581,43.0188679245283,0.16057346184436155,2.3710783544357676,-1.508284536535905,1.186835508624933,20.271609673578062,-31.187703671435706,0.9755439632959279,3/6,2021-01,2026-05,не помогло,12.989459391570783,0.05904299723441265,1.0529154332056607,-14.225687481532376
S20,стратегия без ML (импульс),Альфа-Форекс + выход 120 ч / 6 ATR,S17,всё,sber,471,2.3036561063499903,41.40127388535032,0.0048909896100849054,2.5342497227193657,-1.7821559413910373,1.0046834173719703,-22.398210586897846,-76.77401596453662,0.037114938067823816,5/11,2016-01,2026-05,не помогло,-46.45168825259493,-0.1219204416078607,0.9101344395134013,-73.66683512569809
S20,стратегия без ML (импульс),Альфа-Форекс + выход 120 ч / 6 ATR,S17,выбор,moex,188,-64.43972958646046,40.42553191489361,-0.34276451907691735,2.3241897736935626,-2.152483503456886,0.7327019103623693,-78.82797693886846,-84.4948950377574,-1.7036609074118,1/5,2016-01,2020-12,не помогло,-76.9689720927172,-0.5030651770765829,0.6938422020834522,-94.60656667863032
S20,стратегия без ML (импульс),Альфа-Форекс + выход 120 ч / 6 ATR,S17,проверка,moex,276,-106.71492256101155,39.130434782608695,-0.38664827014859254,2.204066352473384,-2.052107670405578,0.6904607484550596,-125.3207966449562,-106.71492256101159,-2.3602364110235357,1/6,2021-01,2026-06,не помогло,-95.98811347912107,-0.42285512545868315,0.7067652671497276,-119.6129140326347
S20,стратегия без ML (импульс),Альфа-Форекс + выход 120 ч / 6 ATR,S17,всё,moex,464,-171.15465214747204,39.6551724137931,-0.3688677848005863,2.253682548194763,-2.092258003626101,0.7078435767706416,-189.7605262314167,-177.4560799066102,-2.9065166953539525,2/11,2016-01,2026-06,не помогло,-172.9570855718383,-0.45515022518904813,0.7011515761550958,-196.58188612535193
S20,стратегия без ML (импульс),Альфа-Форекс + выход 120 ч / 6 ATR,S17,выбор,mtss,172,-114.44515795927795,40.116279069767444,-0.6653788253446392,1.4786077473391428,-2.1016416750065905,0.4713094759904266,-124.62931189907559,-114.445157959278,-3.8800250633022575,1/5,2016-01,2020-12,не помогло,-157.24255367803428,-1.164759656874328,0.38877991194854744,-172.6221645748986
S20,стратегия без ML (импульс),Альфа-Форекс + выход 120 ч / 6 ATR,S17,проверка,mtss,239,-29.845350782095775,40.1673640167364,-0.1248759446949614,2.4867952141385223,-1.8781656737020551,0.8888762851700105,-68.59595789594958,-48.581143656165324,-0.5928808777944939,2/6,2021-01,2026-03,не помогло,-50.04025404887258,-0.25530741861669687,0.8198651916192309,-88.7908611627264
S20,стратегия без ML (импульс),Альфа-Форекс + выход 120 ч / 6 ATR,S17,всё,mtss,411,-144.29050874137374,40.14598540145985,-0.35107179742426703,2.0651895462042362,-1.9717348937604582,0.7025224915592646,-183.04111585522756,-158.63798992081658,-2.4651624068670057,3/11,2016-01,2026-03,не помогло,-207.28280772690687,-0.6262320475133138,0.6125942277494886,-246.03341484076068
S20,стратегия без ML (импульс),Альфа-Форекс + выход 120 ч / 6 ATR,S17,выбор,eth,0,,,,,,,,,,,,,не помогло,,,,
S20,стратегия без ML (импульс),Альфа-Форекс + выход 120 ч / 6 ATR,S17,проверка,eth,390,25.2259538773057,44.871794871794876,0.06468193301873255,5.508495689431982,-4.366329264061818,1.026871546083273,-29.45381692797217,-96.76604722430541,0.1906983444921553,3/6,2021-01,2026-05,не помогло,-7.134640182125011,-0.02086152100036553,0.9926331598454661,-65.23528399400882
S20,стратегия без ML (импульс),Альфа-Форекс + выход 120 ч / 6 ATR,S17,всё,eth,390,25.2259538773057,44.871794871794876,0.06468193301873255,5.508495689431982,-4.366329264061818,1.026871546083273,-29.45381692797217,-96.76604722430541,0.1906983444921553,3/6,2021-01,2026-05,не помогло,-7.134640182125011,-0.02086152100036553,0.9926331598454661,-65.23528399400882
S21,стратегия без ML (импульс),Альфа-Форекс + выход 72 ч / 3 ATR,S17,выбор,все,1934,-25.646307879992793,39.24508790072389,-0.10608607189242107,1.3221471428322122,-1.0286639527230566,0.8302524749975331,-28.580723403692463,-30.943554254703145,-2.79661805349218,1/5,2016-01,2020-12,не помогло,-37.525723820641794,-0.2510081860912495,0.8052911979619457,-42.26279397184569
S21,стратегия без ML (импульс),Альфа-Форекс + выход 72 ч / 3 ATR,S17,проверка,все,3326,-10.777667529015217,39.176187612748045,-0.02592343362360846,1.836106976862454,-1.2252440588650024,0.9652146577108679,-19.662896025202812,-20.55718654853748,-0.6025752579791993,2/6,2021-01,2026-06,не помогло,-13.166790995263888,-0.054747571705878954,0.9642503809129168,-22.244991663170985
S21,стратегия без ML (импульс),Альфа-Форекс + выход 72 ч / 3 ATR,S17,всё,все,5260,-36.42397540900801,39.20152091254753,-0.05539768123043043,1.6469238953741159,-1.1530171593287966,0.9209752553642202,-45.3092039051956,-36.60802957286325,-1.8120105347967104,3/11,2016-01,2026-06,не помогло,-50.69251481590568,-0.12998080722027097,0.9096443556770041,-59.77071548381278
S21,стратегия без ML (импульс),Альфа-Форекс + выход 72 ч / 3 ATR,S17,выбор,портфель 4,1070,-19.460188216268893,39.532710280373834,-0.07274836716362203,1.5635555553291984,-1.1425421217454814,0.8946994772923065,-25.329019263668236,-32.545678810196094,-1.25595096726447,1/5,2016-01,2020-12,не помогло,-12.296249742413401,-0.07396240446564452,0.9435004259163762,-21.77039004482119
S21,стратегия без ML (импульс),Альфа-Форекс + выход 72 ч / 3 ATR,S17,проверка,портфель 4,1529,-1.523620596161134,39.699149771092216,-0.0039859270010755635,1.7042671256034065,-1.1286167327829855,0.9941432131295757,-16.255099402502346,-19.89617368951702,-0.06319340506876239,2/6,2021-01,2026-06,не помогло,-2.7143722949089355,-0.01211773345941489,0.9911308424412888,-18.121174754289907
S21,стратегия без ML (импульс),Альфа-Форекс + выход 72 ч / 3 ATR,S17,всё,портфель 4,2599,-20.983808812430027,39.630627164293955,-0.03229520402066953,1.6464797525684647,-1.1343590697229056,0.9528403231411889,-35.715287618771235,-32.545678810196094,-0.7322121858975605,3/11,2016-01,2026-06,не помогло,-15.010622037322332,-0.03846411796879521,0.9713363039011952,-31.649650272334064
S21,стратегия без ML (импульс),Альфа-Форекс + выход 72 ч / 3 ATR,S17,выбор,silver,349,0.8012968652152495,37.249283667621775,0.002295979556490686,1.3701299173590953,-0.8096602392304435,1.004519043443434,-18.823265714575502,-45.77232305561869,0.027132771718832202,2/5,2016-01,2020-12,не помогло,29.886943789445937,0.13709607242865107,1.1366770551037018,-8.009617420185222
S21,стратегия без ML (импульс),Альфа-Форекс + выход 72 ч / 3 ATR,S17,проверка,silver,442,-3.4425240955196372,38.46153846153847,-0.007788516053211849,1.7498165296009744,-1.1062916695870784,0.9885596728833786,-26.417949351421314,-42.24014447663053,-0.08033288198838008,3/6,2021-01,2026-05,не помогло,63.080464569617824,0.259590389175382,1.2019043850574342,26.78159445013066
S21,стратегия без ML (импульс),Альфа-Форекс + выход 72 ч / 3 ATR,S17,всё,silver,791,-2.641227230304377,37.92667509481669,-0.003339098900511223,1.5852856642961604,-0.9739855937253614,0.994477041998599,-27.333985712800413,-45.77232305561869,-0.050780147104639246,5/11,2016-01,2026-05,не помогло,92.96740835906377,0.20166466021488888,1.1750483018959246,50.84144314498312
S21,стратегия без ML (импульс),Альфа-Форекс + выход 72 ч / 3 ATR,S17,выбор,gold,425,1.5443976171642366,40.705882352941174,0.003633876746268792,0.6273478329759025,-0.4245507043161385,1.0144354064439625,-5.61556098448237,-11.632676416340209,0.10416540978870492,2/5,2016-01,2020-12,не помогло,-16.80926582472928,-0.06917393343509992,0.896633885114878,-32.032162262531
S21,стратегия без ML (импульс),Альфа-Форекс + выход 72 ч / 3 ATR,S17,проверка,gold,475,10.76453949933676,41.26315789473684,0.022662188419656337,0.9301558968215589,-0.6148602733967341,1.0627501572634115,-0.7148122262386245,-19.867062368984335,0.48292818514631797,3/6,2021-01,2026-05,не помогло,58.68616892764331,0.22314132672107723,1.3948069395178386,31.77129715427349
S21,стратегия без ML (импульс),Альфа-Форекс + выход 72 ч / 3 ATR,S17,всё,gold,900,12.308937116500985,41.0,0.013676596796112205,0.7881889725795573,-0.5245438677313666,1.044192057064815,0.829585390925601,-19.86706236898434,0.46001103316741415,5/11,2016-01,2026-05,не помогло,41.87690310291402,0.08276067806900005,1.1345382342174213,14.962031329544203
S21,стратегия без ML (импульс),Альфа-Форекс + выход 72 ч / 3 ATR,S17,выбор,lkoh,215,28.499980602889007,44.18604651162791,0.13255804931576282,1.6457853254156571,-1.0654135442633201,1.222917983008774,8.596167980106522,-31.670632384257978,0.9953037368991969,1/5,2016-06,2020-12,не помогло,-3.9000860345687958,-0.029546106322490877,0.9781842733353527,-30.11638586188232
S21,стратегия без ML (импульс),Альфа-Форекс + выход 72 ч / 3 ATR,S17,проверка,lkoh,357,-23.581064326787363,40.056022408963585,-0.06605340147559485,1.4958875555730247,-1.109780302680981,0.9007083752420978,-40.960247900822615,-42.372696361136505,-0.6925769429580794,2/6,2021-01,2026-06,не помогло,-61.42355826153603,-0.2870259731847478,0.7926645972268466,-82.97426784491168
S21,стратегия без ML (импульс),Альфа-Форекс + выход 72 ч / 3 ATR,S17,всё,lkoh,572,4.918916276101655,41.60839160839161,0.008599503979198697,1.5557206989976051,-1.0938401499560728,1.013463845005522,-14.98489634668083,-42.372696361136484,0.11051892043639651,3/11,2016-06,2026-06,не помогло,-65.32364429610482,-0.18879665981533184,0.8624841255850414,-91.53994412341834
S21,стратегия без ML (импульс),Альфа-Форекс + выход 72 ч / 3 ATR,S17,выбор,gazp,243,-35.473339105798274,41.56378600823045,-0.145980819365425,1.4417549149726407,-1.2752858135072886,0.8041127372562089,-52.312899551119045,-50.16484169766818,-1.1967613933305365,3/5,2016-01,2020-12,не помогло,-15.730709080365031,-0.10214746156081189,0.9219973638324617,-42.480553273366844
S21,стратегия без ML (импульс),Альфа-Форекс + выход 72 ч / 3 ATR,S17,проверка,gazp,353,6.000563235248627,39.94334277620396,0.016998762706086763,2.159986430165481,-1.408290204802284,1.0200985162475564,-46.33212002116913,-57.884500066348146,0.08388990872551326,2/6,2021-01,2026-06,не помогло,-25.50385487928829,-0.11645595835291457,0.9310761702833371,-85.52700798610186
S21,стратегия без ML (импульс),Альфа-Форекс + выход 72 ч / 3 ATR,S17,всё,gazp,596,-29.47277587054964,40.604026845637584,-0.04945096622575443,1.8602286490312794,-1.3549381608364948,0.9385533366619093,-81.8054591269674,-83.74783880480545,-0.38078516598495016,5/11,2016-01,2026-06,не помогло,-41.23456395965327,-0.11054842884625542,0.9278735848996676,-101.25771706646685
S21,стратегия без ML (импульс),Альфа-Форекс + выход 72 ч / 3 ATR,S17,выбор,sber,263,-71.66869122738156,36.88212927756654,-0.2725045293816789,1.8690748280499416,-1.523909334627867,0.7166897702054984,-91.17944958667631,-82.95183427152297,-2.019980684398004,0/5,2016-01,2020-12,не помогло,-59.44114764416571,-0.36919967480848265,0.7810043709032549,-83.8724742847919
S21,стратегия без ML (импульс),Альфа-Форекс + выход 72 ч / 3 ATR,S17,проверка,sber,377,14.928542802413865,40.58355437665783,0.039598256770328556,1.4284400529988688,-0.9090302915464867,1.073314696977302,-12.366785031181003,-32.4930548697968,0.42993345212723105,3/6,2021-01,2026-05,не помогло,12.989459391570783,0.05904299723441265,1.0529154332056607,-14.225687481532376
S21,стратегия без ML (импульс),Альфа-Форекс + выход 72 ч / 3 ATR,S17,всё,sber,640,-56.74014842496771,39.0625,-0.08865648191401204,1.599406345718685,-1.1707480380888178,0.8757311092303685,-86.11617499394535,-85.89486915302142,-1.1404098600726535,3/11,2016-01,2026-05,не помогло,-46.45168825259493,-0.1219204416078607,0.9101344395134013,-73.66683512569809
S21,стратегия без ML (импульс),Альфа-Форекс + выход 72 ч / 3 ATR,S17,выбор,moex,232,-22.194025014576336,40.08620689655172,-0.095663900924898,1.504873408153684,-1.1665269926105681,0.8631242605438054,-32.88380295307514,-46.12565467518205,-0.850192467914553,2/5,2016-01,2020-12,не помогло,-76.9689720927172,-0.5030651770765829,0.6938422020834522,-94.60656667863032
S21,стратегия без ML (импульс),Альфа-Форекс + выход 72 ч / 3 ATR,S17,проверка,moex,387,-94.60647306343546,35.917312661498705,-0.24446117070655157,1.2989160154781831,-1.109499190382673,0.6561712552184094,-109.34253639677908,-94.60647306343543,-2.939573130988793,1/6,2021-01,2026-06,не помогло,-95.98811347912107,-0.42285512545868315,0.7067652671497276,-119.6129140326347
S21,стратегия без ML (импульс),Альфа-Форекс + выход 72 ч / 3 ATR,S17,всё,moex,619,-116.8004980780118,37.47980613893376,-0.18869224245236155,1.381476522024828,-1.1299820444128472,0.7329071961406021,-131.53656141135542,-134.03766900955208,-2.8182592477843165,3/11,2016-01,2026-06,не помогло,-172.9570855718383,-0.45515022518904813,0.7011515761550958,-196.58188612535193
S21,стратегия без ML (импульс),Альфа-Форекс + выход 72 ч / 3 ATR,S17,выбор,mtss,207,-106.68008277745466,33.81642512077295,-0.5153627187316651,1.337732563461063,-1.462199724231599,0.4674552848715201,-117.94925060988838,-106.68008277745464,-4.333816853543753,1/5,2016-01,2020-12,не помогло,-157.24255367803428,-1.164759656874328,0.38877991194854744,-172.6221645748986
S21,стратегия без ML (импульс),Альфа-Форекс + выход 72 ч / 3 ATR,S17,проверка,mtss,321,-32.11158297418517,34.57943925233645,-0.10003608403172949,1.7689265237994545,-1.0879163195996406,0.8594447963301585,-69.01796818113684,-52.41861517841372,-0.7613907756128779,2/6,2021-01,2026-03,не помогло,-50.04025404887258,-0.25530741861669687,0.8198651916192309,-88.7908611627264
S21,стратегия без ML (импульс),Альфа-Форекс + выход 72 ч / 3 ATR,S17,всё,mtss,528,-138.79166575163984,34.28030303030303,-0.2628630033174997,1.6021664286409603,-1.2356881537050537,0.6763131694724748,-175.6980509585915,-138.79166575163984,-2.831630054452649,3/11,2016-01,2026-03,не помогло,-207.28280772690687,-0.6262320475133138,0.6125942277494886,-246.03341484076068
S21,стратегия без ML (импульс),Альфа-Форекс + выход 72 ч / 3 ATR,S17,выбор,eth,0,,,,,,,,,,,,,не помогло,,,,
S21,стратегия без ML (импульс),Альфа-Форекс + выход 72 ч / 3 ATR,S17,проверка,eth,614,35.826658690806696,40.71661237785016,0.05834960698828452,3.1949860781611115,-2.0959336836523934,1.04695992400947,-7.390489622433371,-59.07890490954649,0.404173954809654,4/6,2021-01,2026-05,не помогло,-7.134640182125011,-0.02086152100036553,0.9926331598454661,-65.23528399400882
S21,стратегия без ML (импульс),Альфа-Форекс + выход 72 ч / 3 ATR,S17,всё,eth,614,35.826658690806696,40.71661237785016,0.05834960698828452,3.1949860781611115,-2.0959336836523934,1.04695992400947,-7.390489622433371,-59.07890490954649,0.404173954809654,4/6,2021-01,2026-05,не помогло,-7.134640182125011,-0.02086152100036553,0.9926331598454661,-65.23528399400882
S22,стратегия без ML (импульс),Выход 168 ч / 4 ATR при прежних издержках,S03,выбор,все,1589,33.44778851853962,43.92699811202014,0.16839666969686404,2.1012623414713194,-1.3457899059468732,1.2231528434229666,29.617007300096805,-6.29669361948656,2.7637043903409086,4/5,2016-01,2020-12,без улучшения,26.532215479216305,0.17747301323890505,1.1658214283779937,21.712107235559127
S22,стратегия без ML (импульс),Выход 168 ч / 4 ATR при прежних издержках,S03,проверка,все,2701,65.90562131656814,44.42798963346908,0.19520361737598857,2.513988933076151,-1.6585887735901639,1.2117839440574516,57.177255015452644,-13.541741643027182,3.0228844542440476,6/6,2021-01,2026-06,без улучшения,70.11344439862,0.2915319933414553,1.2140952029790488,60.95624373071291
S22,стратегия без ML (импульс),Выход 168 ч / 4 ATR при прежних издержках,S03,всё,все,4290,99.35340983510775,44.24242424242424,0.18527442393493287,2.362206445752562,-1.5420738107681857,1.2154797320997919,90.62504353399225,-13.541741643027219,3.984682002526713,10/11,2016-01,2026-06,без улучшения,96.64565987783632,0.24780938430214441,1.1982507717739095,87.48845920992923
S22,стратегия без ML (импульс),Выход 168 ч / 4 ATR при прежних издержках,S03,выбор,портфель 4,879,70.74814258123152,45.847554038680315,0.32194831663814116,2.469932255237591,-1.496617917092065,1.3972438120479875,63.086580144345895,-8.312319945463635,3.4497905820836863,5/5,2016-01,2020-12,без улучшения,74.44783264946307,0.44780651217722145,1.4259234279295427,64.80761616214872
S22,стратегия без ML (импульс),Выход 168 ч / 4 ATR при прежних издержках,S03,проверка,портфель 4,1236,87.41820366227836,45.226537216828476,0.2829068079685384,2.445669737034705,-1.5028900566518266,1.343673455482277,73.50505207711915,-16.63337653992309,3.0391598971431892,6/6,2021-01,2026-06,без улучшения,95.26488583263301,0.4252896688956831,1.366787735911695,79.57564953662693
S22,стратегия без ML (импульс),Выход 168 ч / 4 ATR при прежних издержках,S03,всё,портфель 4,2115,158.16634624350985,45.484633569739955,0.2991325697276782,2.455833764930509,-1.5003006911440675,1.3657349440917514,143.84070595212253,-16.63337653992309,4.478223890451865,11/11,2016-01,2026-06,без улучшения,169.71271848209608,0.43488204607840125,1.3905759198152454,152.95739586126868
S22,стратегия без ML (импульс),Выход 168 ч / 4 ATR при прежних издержках,S03,выбор,silver,299,46.37606795779119,41.80602006688963,0.15510390621334846,1.8384503480442802,-1.0541966985502518,1.2528267509855964,24.535639804597537,-21.00518824071518,1.3053301115340743,3/5,2016-01,2020-12,без улучшения,101.52527335695174,0.46571226310528324,1.5628784187208518,62.96440740769433
S22,стратегия без ML (импульс),Выход 168 ч / 4 ATR при прежних издержках,S03,проверка,silver,357,56.20788808680342,41.45658263305322,0.15744506466891714,2.5386980707744917,-1.5288010831953174,1.1759138363580446,30.81634156278934,-35.27522413700073,1.0816358988582448,5/6,2021-01,2026-05,без улучшения,149.0434970797856,0.6133477246081712,1.542686530471381,111.62177733643814
S22,стратегия без ML (импульс),Выход 168 ч / 4 ATR при прежних издержках,S03,всё,silver,656,102.58395604459463,41.61585365853659,0.1563779817752967,2.2180718241031494,-1.313184469805653,1.2039646625657414,76.36908667803252,-35.27522413700075,1.6307986407879016,8/11,2016-01,2026-05,без улучшения,250.56877043673728,0.543533124591621,1.5506907191827615,207.33989233289347
S22,стратегия без ML (импульс),Выход 168 ч / 4 ATR при прежних издержках,S03,выбор,gold,345,1.852489162052379,42.028985507246375,0.005369533803050374,0.9296458266833062,-0.6647307785351351,1.0139341310939047,-7.234294522815443,-13.929752214974393,0.0923096089975519,2/5,2016-01,2020-12,без улучшения,-16.962080993370336,-0.06980280244185323,0.896503422380245,-32.23493343555796
S22,стратегия без ML (импульс),Выход 168 ч / 4 ATR при прежних издержках,S03,проверка,gold,390,49.076234033444436,44.871794871794876,0.1258364975216524,1.3148039052745264,-0.8419276715795242,1.2711177709787,31.299147021694164,-19.875035072988744,1.6697842021011216,4/6,2021-01,2026-05,без улучшения,59.121019568546664,0.22479475121120404,1.3952437320902495,32.134165349369596
S22,стратегия без ML (импульс),Выход 168 ч / 4 ATR при прежних издержках,S03,всё,gold,735,50.928723195496815,43.53741496598639,0.0692907798578188,1.1402791509128796,-0.7565315785460837,1.162213737547814,33.15163618374655,-19.875035072988748,1.4304753095875893,6/11,2016-01,2026-05,без улучшения,42.158938575176336,0.08331806042524968,1.1344905298385717,15.159676278257727
S22,стратегия без ML (импульс),Выход 168 ч / 4 ATR при прежних издержках,S03,выбор,lkoh,173,99.51037432533099,50.28901734104046,0.5752044758689653,2.6877709541257815,-1.5619267288792091,1.740814120458928,78.85197134173016,-15.563531715829537,2.7520855033994054,4/5,2016-06,2020-12,без улучшения,80.1839139654312,0.6074538936775091,1.576046998262457,52.38761413811767
S22,стратегия без ML (импульс),Выход 168 ч / 4 ATR при прежних издержках,S03,проверка,lkoh,301,27.801763756325414,43.521594684385384,0.09236466364227712,2.1086667449264156,-1.461373998994324,1.1119082362998503,4.770424467088347,-32.974547114129464,0.6488497655181229,5/6,2021-01,2026-06,без улучшения,43.17244173846399,0.2017403819554392,1.1778009204868314,20.177732155088325
S22,стратегия без ML (импульс),Выход 168 ч / 4 ATR при прежних издержках,S03,всё,lkoh,474,127.31213808165641,45.9915611814346,0.2685910086110895,2.3397771403408414,-1.4951534316900277,1.3326167260435196,102.59893272264537,-32.974547114129464,2.2640755740356426,9/11,2016-06,2026-06,без улучшения,123.35635570389519,0.3565212592598127,1.322913772969336,95.56005587658166
S22,стратегия без ML (импульс),Выход 168 ч / 4 ATR при прежних издержках,S03,выбор,gazp,199,86.67961513174888,49.74874371859296,0.435575955435924,2.5899797252462986,-1.6972837766763471,1.5106960681700883,56.03336538420638,-15.400753606983955,2.0121334664716404,5/5,2016-01,2020-12,без улучшения,81.72129091963498,0.530657733244383,1.5358316098094276,53.66344672663317
S22,стратегия без ML (импульс),Выход 168 ч / 4 ATR при прежних издержках,S03,проверка,gazp,284,132.61648342608072,50.70422535211267,0.4669594486833828,2.8232332002458222,-1.956636410066555,1.4841270411953316,77.45114737687203,-52.30856641338914,1.5927419150993138,5/6,2021-01,2026-06,без улучшения,77.26214512071172,0.3527951831995969,1.2387945619594087,16.33899201389815
S22,стратегия без ML (импульс),Выход 168 ч / 4 ATR при прежних издержках,S03,всё,gazp,483,219.29609855782954,50.31055900621118,0.4540291895607237,2.7282040067274975,-1.848572812820635,1.4942914542796617,161.9935373922803,-52.308566413389116,2.3412954669598887,10/11,2016-01,2026-06,без улучшения,158.98343604034673,0.426229051046506,1.3339541257652152,98.06028293353316
S22,стратегия без ML (импульс),Выход 168 ч / 4 ATR при прежних издержках,S03,выбор,sber,208,50.426512910055,44.230769230769226,0.24243515822141828,2.992742821161822,-1.9388433330761425,1.224211678568388,22.936704856832762,-42.17885984401072,1.0503192492231257,5/5,2016-01,2020-12,без улучшения,34.36085235583431,0.21342144320393983,1.1513104113965908,8.893525715208106
S22,стратегия без ML (импульс),Выход 168 ч / 4 ATR при прежних издержках,S03,проверка,sber,294,133.04667937990385,46.25850340136054,0.45253972578198587,2.2692731184339436,-1.111230789412104,1.7577792111551778,110.78420636513576,-12.590628359286809,3.164651656996877,5/6,2021-01,2026-05,без улучшения,111.58145939157077,0.5071884517798672,1.5638101858292397,82.99031251846762
S22,стратегия без ML (импульс),Выход 168 ч / 4 ATR при прежних издержках,S03,всё,sber,502,183.47319228995886,45.41832669322709,0.3654844467927467,2.561199489710105,-1.4616069027881202,1.4581328875513224,155.9833842367366,-42.17885984401072,2.8762998614646462,10/11,2016-01,2026-05,без улучшения,145.94231174740509,0.3830506870010632,1.343398070962962,117.35116487430193
S22,стратегия без ML (импульс),Выход 168 ч / 4 ATR при прежних издержках,S03,выбор,moex,191,32.51288126374502,40.83769633507853,0.17022450923426713,2.594168280190594,-1.5029402176205429,1.191441156195169,14.618370862127165,-26.54191609569732,0.9097974009803457,3/5,2016-01,2020-12,без улучшения,7.997027907282812,0.0522681562567504,1.0381499706731732,-11.3565666786303
S22,стратегия без ML (импульс),Выход 168 ч / 4 ATR при прежних издержках,S03,проверка,moex,313,-14.39005004318475,44.08945686900959,-0.04597460077694809,1.8461521876086917,-1.5380517253324812,0.9465370013015317,-32.711823930350356,-34.58437953007498,-0.3504328750521313,3/6,2021-01,2026-06,без улучшения,11.261886520878926,0.04961183489373976,1.0416736777003262,-14.214914032634708
S22,стратегия без ML (импульс),Выход 168 ч / 4 ATR при прежних издержках,S03,всё,moex,504,18.12283122056028,42.857142857142854,0.035957998453492616,2.116269109929934,-1.5242753351538387,1.041282894134911,-1.3637130277242875,-34.58437953007499,0.33295458870965716,6/11,2016-01,2026-06,без улучшения,19.25891442816174,0.05068135375832037,1.0401343925273943,-6.2178861253518924
S22,стратегия без ML (импульс),Выход 168 ч / 4 ATR при прежних издержках,S03,выбор,mtss,174,-49.77563260240652,41.37931034482759,-0.2860668540368191,1.8632589550317524,-1.8032380133793404,0.7293777114046723,-63.964574263195836,-63.657770102185694,-1.6463115742836458,1/5,2016-01,2020-12,без улучшения,-76.56855367803428,-0.5671744716891428,0.6307467426152634,-93.3921645748986
S22,стратегия без ML (импульс),Выход 168 ч / 4 ATR при прежних издержках,S03,проверка,mtss,262,17.62994742893944,40.458015267175576,0.06728987568297495,2.1324028270516933,-1.335927898965,1.084594747670438,-18.641597772458056,-25.537227956938064,0.3864010485227025,2/6,2021-01,2026-03,без улучшения,45.571745951127426,0.23250890791391543,1.2005831441994685,6.465138837273614
S22,стратегия без ML (импульс),Выход 168 ч / 4 ATR при прежних издержках,S03,всё,mtss,436,-32.145685173467065,40.825688073394495,-0.07372863571896116,2.0235356428638522,-1.5206784093148558,0.9180657276359546,-68.41723037486456,-69.21537876149378,-0.5866419783405848,3/11,2016-01,2026-03,без улучшения,-30.99680772690685,-0.09364594479428053,0.9286703006349086,-70.10341484076066
S22,стратегия без ML (импульс),Выход 168 ч / 4 ATR при прежних издержках,S03,выбор,eth,0,,,,,,,,,,,,,без улучшения,,,,
S22,стратегия без ML (импульс),Выход 168 ч / 4 ATR при прежних издержках,S03,проверка,eth,500,125.25602446423264,44.4,0.2505120489284653,4.2286619446327025,-2.9262839109504584,1.15397044606435,73.41240751598612,-84.72729389019331,1.1177923564974743,4/6,2021-01,2026-05,без улучшения,63.89335981787503,0.18682268952595038,1.0684104840896664,5.188716005991225
S22,стратегия без ML (импульс),Выход 168 ч / 4 ATR при прежних издержках,S03,всё,eth,500,125.25602446423264,44.4,0.2505120489284653,4.2286619446327025,-2.9262839109504584,1.15397044606435,73.41240751598612,-84.72729389019331,1.1177923564974743,4/6,2021-01,2026-05,без улучшения,63.89335981787503,0.18682268952595038,1.0684104840896664,5.188716005991225
M01,модель CatBoost,"CatBoost серебра, базовая (3 seed)",,выбор,все,405,10.109439552418479,46.008230452674894,0.02496157914177402,0.7823930614452125,-0.6204716504430157,1.0745113705712015,3.2668910235685606,-23.719723977996864,0.4626664533612481,1/2,2019-01,2020-12,база (преимущество ≈ комиссии),,,,
M01,модель CatBoost,"CatBoost серебра, базовая (3 seed)",,проверка,все,1488,55.42339490010832,45.709164239300925,0.03725525088512771,0.8721966789961834,-0.6657082296541017,1.1030806240816209,39.63577071850741,-28.57310736563847,1.1604965941004888,3/6,2021-01,2026-05,база (преимущество ≈ комиссии),,,,
M01,модель CatBoost,"CatBoost серебра, базовая (3 seed)",,всё,все,1893,65.53283445252679,45.773159563226486,0.03462460432504057,0.852881472297071,-0.6560702965711291,1.0973240432016989,49.745210270925874,-28.573107365638556,1.2485148716035355,4/8,2019-01,2026-05,база (преимущество ≈ комиссии),,,,
M01,модель CatBoost,"CatBoost серебра, базовая (3 seed)",,выбор,silver,405,10.109439552418479,46.008230452674894,0.02496157914177402,0.7823930614452125,-0.6204716504430157,1.0745113705712015,3.2668910235685606,-23.719723977996864,0.4626664533612481,1/2,2019-01,2020-12,база (преимущество ≈ комиссии),,,,
M01,модель CatBoost,"CatBoost серебра, базовая (3 seed)",,проверка,silver,1488,55.42339490010832,45.709164239300925,0.03725525088512771,0.8721966789961834,-0.6657082296541017,1.1030806240816209,39.63577071850741,-28.57310736563847,1.1604965941004888,3/6,2021-01,2026-05,база (преимущество ≈ комиссии),,,,
M01,модель CatBoost,"CatBoost серебра, базовая (3 seed)",,всё,silver,1893,65.53283445252679,45.773159563226486,0.03462460432504057,0.852881472297071,-0.6560702965711291,1.0973240432016989,49.745210270925874,-28.573107365638556,1.2485148716035355,4/8,2019-01,2026-05,база (преимущество ≈ комиссии),,,,
M02,модель CatBoost,Обучение только внутри тренд-гейта,M01,выбор,все,492,6.903507130750695,46.2671406805485,0.014024392342815023,0.6510745899288302,-0.5345131596428748,1.048829884773492,1.771595734113256,-23.3754218651966,0.3348338292303237,1/2,2019-01,2020-12,"на проверке 2021–26 лучше базы (t 1.8 против 1.2), но базы разных прогонов (M01 и M09) расходятся так же — перепроверить",10.109439552418479,0.02496157914177402,1.0745113705712015,3.2668910235685606
M02,модель CatBoost,Обучение только внутри тренд-гейта,M01,проверка,все,1375,83.8600257707423,46.50909090909091,0.06098910965144894,0.9021448022873794,-0.6703760371067803,1.1700802292717143,72.0193076345416,-16.870380023324643,1.7638481656743812,4/6,2021-01,2026-05,"на проверке 2021–26 лучше базы (t 1.8 против 1.2), но базы разных прогонов (M01 и M09) расходятся так же — перепроверить",55.42339490010832,0.03725525088512771,1.1030806240816209,39.63577071850741
M02,модель CatBoost,Обучение только внутри тренд-гейта,M01,всё,все,1867,90.763532901493,46.44530727004954,0.04860813115624207,0.8362108260813725,-0.6344403060175772,1.1430607923875797,78.92281476529232,-23.3754218651966,1.7468782807387588,5/8,2019-01,2026-05,"на проверке 2021–26 лучше базы (t 1.8 против 1.2), но базы разных прогонов (M01 и M09) расходятся так же — перепроверить",65.53283445252679,0.03462460432504057,1.0973240432016989,49.745210270925874
M02,модель CatBoost,Обучение только внутри тренд-гейта,M01,выбор,silver,492,6.903507130750695,46.2671406805485,0.014024392342815023,0.6510745899288302,-0.5345131596428748,1.048829884773492,1.771595734113256,-23.3754218651966,0.3348338292303237,1/2,2019-01,2020-12,"на проверке 2021–26 лучше базы (t 1.8 против 1.2), но базы разных прогонов (M01 и M09) расходятся так же — перепроверить",10.109439552418479,0.02496157914177402,1.0745113705712015,3.2668910235685606
M02,модель CatBoost,Обучение только внутри тренд-гейта,M01,проверка,silver,1375,83.8600257707423,46.50909090909091,0.06098910965144894,0.9021448022873794,-0.6703760371067803,1.1700802292717143,72.0193076345416,-16.870380023324643,1.7638481656743812,4/6,2021-01,2026-05,"на проверке 2021–26 лучше базы (t 1.8 против 1.2), но базы разных прогонов (M01 и M09) расходятся так же — перепроверить",55.42339490010832,0.03725525088512771,1.1030806240816209,39.63577071850741
M02,модель CatBoost,Обучение только внутри тренд-гейта,M01,всё,silver,1867,90.763532901493,46.44530727004954,0.04860813115624207,0.8362108260813725,-0.6344403060175772,1.1430607923875797,78.92281476529232,-23.3754218651966,1.7468782807387588,5/8,2019-01,2026-05,"на проверке 2021–26 лучше базы (t 1.8 против 1.2), но базы разных прогонов (M01 и M09) расходятся так же — перепроверить",65.53283445252679,0.03462460432504057,1.0973240432016989,49.745210270925874
M03,модель CatBoost,Разметка по направлению (h4 / 0.3 ATR),M01,выбор,все,479,-3.405424544165779,44.88517745302714,-0.007109445812454654,0.5146401333589197,-0.43201914097096034,0.9701417502808413,-9.357220345025661,-22.54295453740084,-0.23701295793300342,1/2,2019-01,2020-12,не помогло,10.109439552418479,0.02496157914177402,1.0745113705712015,3.2668910235685606
M03,модель CatBoost,Разметка по направлению (h4 / 0.3 ATR),M01,проверка,все,1300,-12.229225245738306,46.92307692307692,-0.00940709634287562,0.5806743384832236,-0.5310732923485576,0.9666269889594378,-20.896751007036947,-42.601863238841446,-0.4430455249733229,2/6,2021-01,2026-05,не помогло,55.42339490010832,0.03725525088512771,1.1030806240816209,39.63577071850741
M03,модель CatBoost,Разметка по направлению (h4 / 0.3 ATR),M01,всё,все,1779,-15.634649789904074,46.3743676222597,-0.00878844844851269,0.5634654244205263,-0.5036620806465809,0.9674612752833938,-24.302175551202716,-47.05578413436317,-0.5025487105797367,3/8,2019-01,2026-05,не помогло,65.53283445252679,0.03462460432504057,1.0973240432016989,49.745210270925874
M03,модель CatBoost,Разметка по направлению (h4 / 0.3 ATR),M01,выбор,silver,479,-3.405424544165779,44.88517745302714,-0.007109445812454654,0.5146401333589197,-0.43201914097096034,0.9701417502808413,-9.357220345025661,-22.54295453740084,-0.23701295793300342,1/2,2019-01,2020-12,не помогло,10.109439552418479,0.02496157914177402,1.0745113705712015,3.2668910235685606
M03,модель CatBoost,Разметка по направлению (h4 / 0.3 ATR),M01,проверка,silver,1300,-12.229225245738306,46.92307692307692,-0.00940709634287562,0.5806743384832236,-0.5310732923485576,0.9666269889594378,-20.896751007036947,-42.601863238841446,-0.4430455249733229,2/6,2021-01,2026-05,не помогло,55.42339490010832,0.03725525088512771,1.1030806240816209,39.63577071850741
M03,модель CatBoost,Разметка по направлению (h4 / 0.3 ATR),M01,всё,silver,1779,-15.634649789904074,46.3743676222597,-0.00878844844851269,0.5634654244205263,-0.5036620806465809,0.9674612752833938,-24.302175551202716,-47.05578413436317,-0.5025487105797367,3/8,2019-01,2026-05,не помогло,65.53283445252679,0.03462460432504057,1.0973240432016989,49.745210270925874
M04,модель CatBoost,Регрессия величины хода вместо классов,M01,выбор,все,4,-0.8147861333246251,0.0,-0.20369653333115628,,-0.20369653333115628,0.0,-0.6548291282692399,-0.8147861333246251,-2.4474882097823922,0/1,2019-04,2019-07,не помогло,10.109439552418479,0.02496157914177402,1.0745113705712015,3.2668910235685606
M04,модель CatBoost,Регрессия величины хода вместо классов,M01,проверка,все,52,-3.8853240047206716,34.61538461538461,-0.07471776932155137,0.6679335160551093,-0.4678860968739013,0.755764840638642,-7.441006128938355,-7.0918291274059655,-0.7738638081495934,2/4,2022-11,2025-12,не помогло,55.42339490010832,0.03725525088512771,1.1030806240816209,39.63577071850741
M04,модель CatBoost,Регрессия величины хода вместо классов,M01,всё,все,56,-4.700110138045298,32.142857142857146,-0.08393053817938033,0.6679335160551093,-0.44007666913255966,0.7189419081458465,-8.25579226226298,-7.091829127405964,-0.9340715936544604,2/5,2019-04,2025-12,не помогло,65.53283445252679,0.03462460432504057,1.0973240432016989,49.745210270925874
M04,модель CatBoost,Регрессия величины хода вместо классов,M01,выбор,silver,4,-0.8147861333246251,0.0,-0.20369653333115628,,-0.20369653333115628,0.0,-0.6548291282692399,-0.8147861333246251,-2.4474882097823922,0/1,2019-04,2019-07,не помогло,10.109439552418479,0.02496157914177402,1.0745113705712015,3.2668910235685606
M04,модель CatBoost,Регрессия величины хода вместо классов,M01,проверка,silver,52,-3.8853240047206716,34.61538461538461,-0.07471776932155137,0.6679335160551093,-0.4678860968739013,0.755764840638642,-7.441006128938355,-7.0918291274059655,-0.7738638081495934,2/4,2022-11,2025-12,не помогло,55.42339490010832,0.03725525088512771,1.1030806240816209,39.63577071850741
M04,модель CatBoost,Регрессия величины хода вместо классов,M01,всё,silver,56,-4.700110138045298,32.142857142857146,-0.08393053817938033,0.6679335160551093,-0.44007666913255966,0.7189419081458465,-8.25579226226298,-7.091829127405964,-0.9340715936544604,2/5,2019-04,2025-12,не помогло,65.53283445252679,0.03462460432504057,1.0973240432016989,49.745210270925874
M05,модель CatBoost,Сильнее регуляризованная модель,M01,выбор,все,445,-11.56911845690231,42.39700374531835,-0.025998019004274852,0.6780281853794959,-0.544175953570223,0.9170615650758105,-18.411666985752227,-32.23465131842324,-0.5564498347192388,1/2,2019-01,2020-12,"стабильнее, но хуже",10.109439552418479,0.02496157914177402,1.0745113705712015,3.2668910235685606
M05,модель CatBoost,Сильнее регуляризованная модель,M01,проверка,все,1411,57.886046500559345,45.64138908575479,0.04102483805851123,0.8746308835412668,-0.658899925032616,1.1145404980143232,42.098422318958434,-28.736863043995935,1.2518543925284364,4/6,2021-01,2026-05,"стабильнее, но хуже",55.42339490010832,0.03725525088512771,1.1030806240816209,39.63577071850741
M05,модель CatBoost,Сильнее регуляризованная модель,M01,всё,все,1856,46.316928043657036,44.86350574712644,0.024955241402832454,0.8300843954869983,-0.6301628781092999,1.0718240367827925,30.529303862056125,-32.23465131842324,0.9137851254838436,5/8,2019-01,2026-05,"стабильнее, но хуже",65.53283445252679,0.03462460432504057,1.0973240432016989,49.745210270925874
M05,модель CatBoost,Сильнее регуляризованная модель,M01,выбор,silver,445,-11.56911845690231,42.39700374531835,-0.025998019004274852,0.6780281853794959,-0.544175953570223,0.9170615650758105,-18.411666985752227,-32.23465131842324,-0.5564498347192388,1/2,2019-01,2020-12,"стабильнее, но хуже",10.109439552418479,0.02496157914177402,1.0745113705712015,3.2668910235685606
M05,модель CatBoost,Сильнее регуляризованная модель,M01,проверка,silver,1411,57.886046500559345,45.64138908575479,0.04102483805851123,0.8746308835412668,-0.658899925032616,1.1145404980143232,42.098422318958434,-28.736863043995935,1.2518543925284364,4/6,2021-01,2026-05,"стабильнее, но хуже",55.42339490010832,0.03725525088512771,1.1030806240816209,39.63577071850741
M05,модель CatBoost,Сильнее регуляризованная модель,M01,всё,silver,1856,46.316928043657036,44.86350574712644,0.024955241402832454,0.8300843954869983,-0.6301628781092999,1.0718240367827925,30.529303862056125,-32.23465131842324,0.9137851254838436,5/8,2019-01,2026-05,"стабильнее, но хуже",65.53283445252679,0.03462460432504057,1.0973240432016989,49.745210270925874
M06,модель CatBoost,Ансамбль 3 моделей с разными seed,M01,выбор,все,470,-4.66267963596624,44.790928419560586,-0.009913564073634811,0.6594026052762246,-0.5529274524293616,0.9675248458591702,-11.50522816481616,-32.423039985489325,-0.22609495769217047,1/2,2019-01,2020-12,не помогло,10.109439552418479,0.02496157914177402,1.0745113705712015,3.2668910235685606
M06,модель CatBoost,Ансамбль 3 моделей с разными seed,M01,проверка,все,1346,59.95199548654121,45.90042110478078,0.04455189161744455,0.8905811000565511,-0.6732558571177495,1.122318493454175,44.164371304940296,-25.090520207150192,1.2770757360180875,4/6,2021-01,2026-05,не помогло,55.42339490010832,0.03725525088512771,1.1030806240816209,39.63577071850741
M06,модель CatBoost,Ансамбль 3 моделей с разными seed,M01,всё,все,1816,55.28931585057498,45.613069016152714,0.03044565850802587,0.8317864084263029,-0.6416204108631919,1.0872474310421936,39.50169166897407,-32.423039985489325,1.0746753977298582,5/8,2019-01,2026-05,не помогло,65.53283445252679,0.03462460432504057,1.0973240432016989,49.745210270925874
M06,модель CatBoost,Ансамбль 3 моделей с разными seed,M01,выбор,silver,470,-4.66267963596624,44.790928419560586,-0.009913564073634811,0.6594026052762246,-0.5529274524293616,0.9675248458591702,-11.50522816481616,-32.423039985489325,-0.22609495769217047,1/2,2019-01,2020-12,не помогло,10.109439552418479,0.02496157914177402,1.0745113705712015,3.2668910235685606
M06,модель CatBoost,Ансамбль 3 моделей с разными seed,M01,проверка,silver,1346,59.95199548654121,45.90042110478078,0.04455189161744455,0.8905811000565511,-0.6732558571177495,1.122318493454175,44.164371304940296,-25.090520207150192,1.2770757360180875,4/6,2021-01,2026-05,не помогло,55.42339490010832,0.03725525088512771,1.1030806240816209,39.63577071850741
M06,модель CatBoost,Ансамбль 3 моделей с разными seed,M01,всё,silver,1816,55.28931585057498,45.613069016152714,0.03044565850802587,0.8317864084263029,-0.6416204108631919,1.0872474310421936,39.50169166897407,-32.423039985489325,1.0746753977298582,5/8,2019-01,2026-05,не помогло,65.53283445252679,0.03462460432504057,1.0973240432016989,49.745210270925874
M07,модель CatBoost,"CatBoost (прогон для мета-модели, seed 42)",,выбор,все,537,2.5338952644182484,45.06517690875233,0.004718613155341245,0.6607915257113762,-0.533483572738084,1.0161007309531933,-12.496869292050107,-38.51696199430845,0.11585992505873648,1/2,2019-01,2020-12,база,,,,
M07,модель CatBoost,"CatBoost (прогон для мета-модели, seed 42)",,проверка,все,1232,74.77449458065061,46.02272727272727,0.06069358326351511,0.9335882556537639,-0.6835639795113285,1.1644949885654357,42.67461258582062,-19.030865528491553,1.57493229023154,5/6,2021-01,2026-05,база,,,,
M07,модель CatBoost,"CatBoost (прогон для мета-модели, seed 42)",,всё,все,1769,77.30838984506886,45.73205200678349,0.043701746661994834,0.8519852783409605,-0.6374455211799668,1.1263316943637989,43.36313077939261,-38.51696199430845,1.4789372837991932,6/8,2019-01,2026-05,база,,,,
M07,модель CatBoost,"CatBoost (прогон для мета-модели, seed 42)",,выбор,silver,537,2.5338952644182484,45.06517690875233,0.004718613155341245,0.6607915257113762,-0.533483572738084,1.0161007309531933,-12.496869292050107,-38.51696199430845,0.11585992505873648,1/2,2019-01,2020-12,база,,,,
M07,модель CatBoost,"CatBoost (прогон для мета-модели, seed 42)",,проверка,silver,1232,74.77449458065061,46.02272727272727,0.06069358326351511,0.9335882556537639,-0.6835639795113285,1.1644949885654357,42.67461258582062,-19.030865528491553,1.57493229023154,5/6,2021-01,2026-05,база,,,,
M07,модель CatBoost,"CatBoost (прогон для мета-модели, seed 42)",,всё,silver,1769,77.30838984506886,45.73205200678349,0.043701746661994834,0.8519852783409605,-0.6374455211799668,1.1263316943637989,43.36313077939261,-38.51696199430845,1.4789372837991932,6/8,2019-01,2026-05,база,,,,
M08,модель CatBoost,"Мета-модель с контекстом, порог 0.50",M07,выбор,все,365,-3.5791638109120463,45.75342465753425,-0.0098059282490741,0.5697377288278753,-0.4986129521473091,0.9637462588451661,-16.641685302533475,-27.21269163184127,-0.2073022220076053,1/2,2019-01,2020-12,не помогло (AUC ≈ 0.5),2.5338952644182484,0.004718613155341245,1.0161007309531933,-12.496869292050107
M08,модель CatBoost,"Мета-модель с контекстом, порог 0.50",M07,проверка,все,995,73.1084411890475,46.733668341708544,0.0734758202905,0.9115881269441782,-0.6618491279999913,1.208416766356571,45.15354647692472,-18.623265477625658,1.8039334090137091,5/6,2021-01,2026-05,не помогло (AUC ≈ 0.5),74.77449458065061,0.06069358326351511,1.1644949885654357,42.67461258582062
M08,модель CatBoost,"Мета-модель с контекстом, порог 0.50",M07,всё,все,1360,69.52927737813545,46.470588235294116,0.05112446866039371,0.8212574046571172,-0.6174524757763222,1.1546795144447504,38.483298919559246,-27.21269163184127,1.5780259783578592,6/8,2019-01,2026-05,не помогло (AUC ≈ 0.5),77.30838984506886,0.043701746661994834,1.1263316943637989,43.36313077939261
M08,модель CatBoost,"Мета-модель с контекстом, порог 0.50",M07,выбор,silver,365,-3.5791638109120463,45.75342465753425,-0.0098059282490741,0.5697377288278753,-0.4986129521473091,0.9637462588451661,-16.641685302533475,-27.21269163184127,-0.2073022220076053,1/2,2019-01,2020-12,не помогло (AUC ≈ 0.5),2.5338952644182484,0.004718613155341245,1.0161007309531933,-12.496869292050107
M08,модель CatBoost,"Мета-модель с контекстом, порог 0.50",M07,проверка,silver,995,73.1084411890475,46.733668341708544,0.0734758202905,0.9115881269441782,-0.6618491279999913,1.208416766356571,45.15354647692472,-18.623265477625658,1.8039334090137091,5/6,2021-01,2026-05,не помогло (AUC ≈ 0.5),74.77449458065061,0.06069358326351511,1.1644949885654357,42.67461258582062
M08,модель CatBoost,"Мета-модель с контекстом, порог 0.50",M07,всё,silver,1360,69.52927737813545,46.470588235294116,0.05112446866039371,0.8212574046571172,-0.6174524757763222,1.1546795144447504,38.483298919559246,-27.21269163184127,1.5780259783578592,6/8,2019-01,2026-05,не помогло (AUC ≈ 0.5),77.30838984506886,0.043701746661994834,1.1263316943637989,43.36313077939261
M09,модель CatBoost,"CatBoost (прогон для размера позиции, 3 seed)",,выбор,все,494,6.533060581652615,46.15384615384615,0.013224818991199625,0.6500030510660206,-0.5325850942157899,1.0461154065204878,-0.30948794719730355,-24.76041887530352,0.31916574221216165,1/2,2019-01,2020-12,база,,,,
M09,модель CatBoost,"CatBoost (прогон для размера позиции, 3 seed)",,проверка,все,1364,85.74791888604231,46.4809384164223,0.06286504317158528,0.904138102061996,-0.6677748463304974,1.1759019574173726,69.9602947044414,-17.016976653465534,1.7993926327703378,4/6,2021-01,2026-05,база,,,,
M09,модель CatBoost,"CatBoost (прогон для размера позиции, 3 seed)",,всё,все,1858,92.28097946769496,46.39397201291712,0.049666835020287924,0.8369190862533158,-0.631669952693437,1.1466772092227484,76.49335528609404,-24.76041887530352,1.7726652205618174,5/8,2019-01,2026-05,база,,,,
M09,модель CatBoost,"CatBoost (прогон для размера позиции, 3 seed)",,выбор,silver,494,6.533060581652615,46.15384615384615,0.013224818991199625,0.6500030510660206,-0.5325850942157899,1.0461154065204878,-0.30948794719730355,-24.76041887530352,0.31916574221216165,1/2,2019-01,2020-12,база,,,,
M09,модель CatBoost,"CatBoost (прогон для размера позиции, 3 seed)",,проверка,silver,1364,85.74791888604231,46.4809384164223,0.06286504317158528,0.904138102061996,-0.6677748463304974,1.1759019574173726,69.9602947044414,-17.016976653465534,1.7993926327703378,4/6,2021-01,2026-05,база,,,,
M09,модель CatBoost,"CatBoost (прогон для размера позиции, 3 seed)",,всё,silver,1858,92.28097946769496,46.39397201291712,0.049666835020287924,0.8369190862533158,-0.631669952693437,1.1466772092227484,76.49335528609404,-24.76041887530352,1.7726652205618174,5/8,2019-01,2026-05,база,,,,
M10,модель CatBoost,Размер позиции пропорционален ATR,M09,выбор,все,494,12.882860658727953,46.15384615384615,0.02607866530106873,0.9942396948117658,-0.8037736457081002,1.060255529957109,-0.8022363989718855,-35.21603902904761,0.3508157814249399,1/2,2019-01,2020-12,слабый плюс (итог в % выше и за счёт большего среднего размера — сравнивать по t и PF),6.533060581652615,0.013224818991199625,1.0461154065204878,-0.30948794719730355
M10,модель CatBoost,Размер позиции пропорционален ATR,M09,проверка,все,1364,177.42797053940166,46.4809384164223,0.13007915728695138,1.2279405543216053,-0.8234059464390358,1.2951788428158164,145.85272217619982,-23.226515574214243,2.2209962987152436,5/6,2021-01,2026-05,слабый плюс (итог в % выше и за счёт большего среднего размера — сравнивать по t и PF),85.74791888604231,0.06286504317158528,1.1759019574173726,69.9602947044414
M10,модель CatBoost,Размер позиции пропорционален ATR,M09,всё,все,1858,190.31083119812968,46.39397201291712,0.10242778858887495,1.1661264058665664,-0.8181627817859944,1.2335417058545801,158.73558283492784,-35.21603902904761,2.1602402342733664,6/8,2019-01,2026-05,слабый плюс (итог в % выше и за счёт большего среднего размера — сравнивать по t и PF),92.28097946769496,0.049666835020287924,1.1466772092227484,76.49335528609404
M10,модель CatBoost,Размер позиции пропорционален ATR,M09,выбор,silver,494,12.882860658727953,46.15384615384615,0.02607866530106873,0.9942396948117658,-0.8037736457081002,1.060255529957109,-0.8022363989718855,-35.21603902904761,0.3508157814249399,1/2,2019-01,2020-12,слабый плюс (итог в % выше и за счёт большего среднего размера — сравнивать по t и PF),6.533060581652615,0.013224818991199625,1.0461154065204878,-0.30948794719730355
M10,модель CatBoost,Размер позиции пропорционален ATR,M09,проверка,silver,1364,177.42797053940166,46.4809384164223,0.13007915728695138,1.2279405543216053,-0.8234059464390358,1.2951788428158164,145.85272217619982,-23.226515574214243,2.2209962987152436,5/6,2021-01,2026-05,слабый плюс (итог в % выше и за счёт большего среднего размера — сравнивать по t и PF),85.74791888604231,0.06286504317158528,1.1759019574173726,69.9602947044414
M10,модель CatBoost,Размер позиции пропорционален ATR,M09,всё,silver,1858,190.31083119812968,46.39397201291712,0.10242778858887495,1.1661264058665664,-0.8181627817859944,1.2335417058545801,158.73558283492784,-35.21603902904761,2.1602402342733664,6/8,2019-01,2026-05,слабый плюс (итог в % выше и за счёт большего среднего размера — сравнивать по t и PF),92.28097946769496,0.049666835020287924,1.1466772092227484,76.49335528609404
M11,модель CatBoost,Торговать только при ATR ≥ медианы,M09,выбор,все,350,9.086572493342457,47.14285714285715,0.025961635695264166,0.7616846277715775,-0.6302237356160422,1.0779351923711822,2.2440239644925386,-21.515434478106435,0.4518385704233914,1/2,2019-01,2020-12,слабый плюс,6.533060581652615,0.013224818991199625,1.0461154065204878,-0.30948794719730355
M11,модель CatBoost,Торговать только при ATR ≥ медианы,M09,проверка,все,808,97.08885663140053,46.762886597938135,0.12010992572956766,1.1349573583891848,-0.7713207393641623,1.2925023706130185,81.30123244979961,-16.735450376005677,2.186826382712906,5/6,2021-01,2026-05,слабый плюс,85.74791888604231,0.06286504317158528,1.1759019574173726,69.9602947044414
M11,модель CatBoost,Торговать только при ATR ≥ медианы,M09,всё,все,1158,106.175429124743,46.87769784172662,0.09166224097100116,1.0215319430081438,-0.7288999175438989,1.2367258484952008,90.38780494314209,-21.51543447810644,2.1750062176363074,6/8,2019-01,2026-05,слабый плюс,92.28097946769496,0.049666835020287924,1.1466772092227484,76.49335528609404
M11,модель CatBoost,Торговать только при ATR ≥ медианы,M09,выбор,silver,350,9.086572493342457,47.14285714285715,0.025961635695264166,0.7616846277715775,-0.6302237356160422,1.0779351923711822,2.2440239644925386,-21.515434478106435,0.4518385704233914,1/2,2019-01,2020-12,слабый плюс,6.533060581652615,0.013224818991199625,1.0461154065204878,-0.30948794719730355
M11,модель CatBoost,Торговать только при ATR ≥ медианы,M09,проверка,silver,808,97.08885663140053,46.762886597938135,0.12010992572956766,1.1349573583891848,-0.7713207393641623,1.2925023706130185,81.30123244979961,-16.735450376005677,2.186826382712906,5/6,2021-01,2026-05,слабый плюс,85.74791888604231,0.06286504317158528,1.1759019574173726,69.9602947044414
M11,модель CatBoost,Торговать только при ATR ≥ медианы,M09,всё,silver,1158,106.175429124743,46.87769784172662,0.09166224097100116,1.0215319430081438,-0.7288999175438989,1.2367258484952008,90.38780494314209,-21.51543447810644,2.1750062176363074,6/8,2019-01,2026-05,слабый плюс,92.28097946769496,0.049666835020287924,1.1466772092227484,76.49335528609404
M12,модель CatBoost,Размер по прогнозу волатильности моделью,M09,выбор,все,494,12.246477206216294,46.15384615384615,0.02479043968869695,1.0475175277376205,-0.8518327786389518,1.0540474482173081,-1.4386198514835442,-37.99731028016914,0.33156462924008534,1/2,2019-01,2020-12,хуже наивного ATR (итог в % завышен размером позиции),6.533060581652615,0.013224818991199625,1.0461154065204878,-0.30948794719730355
M12,модель CatBoost,Размер по прогнозу волатильности моделью,M09,проверка,все,1364,167.08705334411587,46.4809384164223,0.12249783969509963,1.3283665054126612,-0.9247908371061803,1.2475006944924072,135.51180498091404,-27.59543935107636,2.0337656446551655,4/6,2021-01,2026-05,хуже наивного ATR (итог в % завышен размером позиции),85.74791888604231,0.06286504317158528,1.1759019574173726,69.9602947044414
M12,модель CatBoost,Размер по прогнозу волатильности моделью,M09,всё,все,1858,179.33353055033214,46.39397201291712,0.09651966122192257,1.254081625006734,-0.9053060544231651,1.1988871549601943,147.7582821871303,-37.99731028016914,1.9878884476445153,5/8,2019-01,2026-05,хуже наивного ATR (итог в % завышен размером позиции),92.28097946769496,0.049666835020287924,1.1466772092227484,76.49335528609404
M12,модель CatBoost,Размер по прогнозу волатильности моделью,M09,выбор,silver,494,12.246477206216294,46.15384615384615,0.02479043968869695,1.0475175277376205,-0.8518327786389518,1.0540474482173081,-1.4386198514835442,-37.99731028016914,0.33156462924008534,1/2,2019-01,2020-12,хуже наивного ATR (итог в % завышен размером позиции),6.533060581652615,0.013224818991199625,1.0461154065204878,-0.30948794719730355
M12,модель CatBoost,Размер по прогнозу волатильности моделью,M09,проверка,silver,1364,167.08705334411587,46.4809384164223,0.12249783969509963,1.3283665054126612,-0.9247908371061803,1.2475006944924072,135.51180498091404,-27.59543935107636,2.0337656446551655,4/6,2021-01,2026-05,хуже наивного ATR (итог в % завышен размером позиции),85.74791888604231,0.06286504317158528,1.1759019574173726,69.9602947044414
M12,модель CatBoost,Размер по прогнозу волатильности моделью,M09,всё,silver,1858,179.33353055033214,46.39397201291712,0.09651966122192257,1.254081625006734,-0.9053060544231651,1.1988871549601943,147.7582821871303,-37.99731028016914,1.9878884476445153,5/8,2019-01,2026-05,хуже наивного ATR (итог в % завышен размером позиции),92.28097946769496,0.049666835020287924,1.1466772092227484,76.49335528609404
M13,модель CatBoost,"CatBoost (прогон вариантов тренд-гейта, 3 seed)",,выбор,все,494,6.533060581652615,46.15384615384615,0.013224818991199625,0.6500030510660206,-0.5325850942157899,1.0461154065204878,-0.30948794719730355,-24.76041887530352,0.31916574221216165,1/2,2019-01,2020-12,база,,,,
M13,модель CatBoost,"CatBoost (прогон вариантов тренд-гейта, 3 seed)",,проверка,все,1364,85.74791888604231,46.4809384164223,0.06286504317158528,0.904138102061996,-0.6677748463304974,1.1759019574173726,69.9602947044414,-17.016976653465534,1.7993926327703378,4/6,2021-01,2026-05,база,,,,
M13,модель CatBoost,"CatBoost (прогон вариантов тренд-гейта, 3 seed)",,всё,все,1858,92.28097946769496,46.39397201291712,0.049666835020287924,0.8369190862533158,-0.631669952693437,1.1466772092227484,76.49335528609404,-24.76041887530352,1.7726652205618174,5/8,2019-01,2026-05,база,,,,
M13,модель CatBoost,"CatBoost (прогон вариантов тренд-гейта, 3 seed)",,выбор,silver,494,6.533060581652615,46.15384615384615,0.013224818991199625,0.6500030510660206,-0.5325850942157899,1.0461154065204878,-0.30948794719730355,-24.76041887530352,0.31916574221216165,1/2,2019-01,2020-12,база,,,,
M13,модель CatBoost,"CatBoost (прогон вариантов тренд-гейта, 3 seed)",,проверка,silver,1364,85.74791888604231,46.4809384164223,0.06286504317158528,0.904138102061996,-0.6677748463304974,1.1759019574173726,69.9602947044414,-17.016976653465534,1.7993926327703378,4/6,2021-01,2026-05,база,,,,
M13,модель CatBoost,"CatBoost (прогон вариантов тренд-гейта, 3 seed)",,всё,silver,1858,92.28097946769496,46.39397201291712,0.049666835020287924,0.8369190862533158,-0.631669952693437,1.1466772092227484,76.49335528609404,-24.76041887530352,1.7726652205618174,5/8,2019-01,2026-05,база,,,,
M14,модель CatBoost,Сброс тренда по EMA5 4-часовых свечей,M13,выбор,все,387,-6.951686949539967,43.20137693631669,-0.017947556668347592,0.7214169461289746,-0.5803126784929773,0.9455490493066216,-13.794235478389886,-30.49217703908531,-0.3354247030707123,1/2,2019-01,2020-12,не помогло,6.533060581652615,0.013224818991199625,1.0461154065204878,-0.30948794719730355
M14,модель CatBoost,Сброс тренда по EMA5 4-часовых свечей,M13,проверка,все,1050,67.15332741361114,46.666666666666664,0.0639555499177249,0.9246558153936063,-0.6891571823736715,1.17400479769028,51.365703232010226,-13.84853016026711,1.526970264731114,5/6,2021-01,2026-05,не помогло,85.74791888604231,0.06286504317158528,1.1759019574173726,69.9602947044414
M14,модель CatBoost,Сброс тренда по EMA5 4-часовых свечей,M13,всё,все,1437,60.20164046407116,45.73283858998145,0.041884258207841724,0.8729185373150845,-0.6584574505098859,1.1172157597712442,44.41401628247025,-30.49217703908531,1.2400483031237386,6/8,2019-01,2026-05,не помогло,92.28097946769496,0.049666835020287924,1.1466772092227484,76.49335528609404
M14,модель CatBoost,Сброс тренда по EMA5 4-часовых свечей,M13,выбор,silver,387,-6.951686949539967,43.20137693631669,-0.017947556668347592,0.7214169461289746,-0.5803126784929773,0.9455490493066216,-13.794235478389886,-30.49217703908531,-0.3354247030707123,1/2,2019-01,2020-12,не помогло,6.533060581652615,0.013224818991199625,1.0461154065204878,-0.30948794719730355
M14,модель CatBoost,Сброс тренда по EMA5 4-часовых свечей,M13,проверка,silver,1050,67.15332741361114,46.666666666666664,0.0639555499177249,0.9246558153936063,-0.6891571823736715,1.17400479769028,51.365703232010226,-13.84853016026711,1.526970264731114,5/6,2021-01,2026-05,не помогло,85.74791888604231,0.06286504317158528,1.1759019574173726,69.9602947044414
M14,модель CatBoost,Сброс тренда по EMA5 4-часовых свечей,M13,всё,silver,1437,60.20164046407116,45.73283858998145,0.041884258207841724,0.8729185373150845,-0.6584574505098859,1.1172157597712442,44.41401628247025,-30.49217703908531,1.2400483031237386,6/8,2019-01,2026-05,не помогло,92.28097946769496,0.049666835020287924,1.1466772092227484,76.49335528609404
M15,модель CatBoost,Сброс тренда по EMA5 часовых свечей,M13,выбор,все,304,-9.585003057121193,41.84008762322016,-0.03149508123917151,0.7224761655798927,-0.5739000083293458,0.9056411241352068,-16.427551585971113,-27.346998363363664,-0.5122282585897641,1/2,2019-01,2020-12,не помогло,6.533060581652615,0.013224818991199625,1.0461154065204878,-0.30948794719730355
M15,модель CatBoost,Сброс тренда по EMA5 часовых свечей,M13,проверка,все,757,53.411692005598475,46.390845070422536,0.07052600176795575,0.9653677241783163,-0.7038280010403528,1.1869148306758863,37.624067823997564,-11.150353435183602,1.3408285687701609,4/6,2021-01,2026-05,не помогло,85.74791888604231,0.06286504317158528,1.1759019574173726,69.9602947044414
M15,модель CatBoost,Сброс тренда по EMA5 часовых свечей,M13,всё,все,1062,43.826688948477276,45.086342229199374,0.041281025697152855,0.9007545101221897,-0.6643815950200299,1.1131494673328926,28.039064766876365,-27.346998363363664,0.9979974147500209,5/8,2019-01,2026-05,не помогло,92.28097946769496,0.049666835020287924,1.1466772092227484,76.49335528609404
M15,модель CatBoost,Сброс тренда по EMA5 часовых свечей,M13,выбор,silver,304,-9.585003057121193,41.84008762322016,-0.03149508123917151,0.7224761655798927,-0.5739000083293458,0.9056411241352068,-16.427551585971113,-27.346998363363664,-0.5122282585897641,1/2,2019-01,2020-12,не помогло,6.533060581652615,0.013224818991199625,1.0461154065204878,-0.30948794719730355
M15,модель CatBoost,Сброс тренда по EMA5 часовых свечей,M13,проверка,silver,757,53.411692005598475,46.390845070422536,0.07052600176795575,0.9653677241783163,-0.7038280010403528,1.1869148306758863,37.624067823997564,-11.150353435183602,1.3408285687701609,4/6,2021-01,2026-05,не помогло,85.74791888604231,0.06286504317158528,1.1759019574173726,69.9602947044414
M15,модель CatBoost,Сброс тренда по EMA5 часовых свечей,M13,всё,silver,1062,43.826688948477276,45.086342229199374,0.041281025697152855,0.9007545101221897,-0.6643815950200299,1.1131494673328926,28.039064766876365,-27.346998363363664,0.9979974147500209,5/8,2019-01,2026-05,не помогло,92.28097946769496,0.049666835020287924,1.1466772092227484,76.49335528609404
M16,модель CatBoost,Тренд-фильтр «плато» из нового подбора,M13,выбор,все,386,13.73892048802472,47.063903281519856,0.0355930582591314,0.8142686619422506,-0.6567041750317331,1.1023867158878087,6.430437162833417,-17.008888647226637,0.5787648606965495,1/2,2019-01,2020-12,хуже как гейт входа,6.533060581652615,0.013224818991199625,1.0461154065204878,-0.30948794719730355
M16,модель CatBoost,Тренд-фильтр «плато» из нового подбора,M13,проверка,все,1087,1.695839893018725,45.89209074187615,0.0015596320291404585,0.8920956675174063,-0.7537562009034001,1.0038241110411767,-14.091784288582188,-30.04186765449714,0.03777723861141854,2/6,2021-01,2026-05,хуже как гейт входа,85.74791888604231,0.06286504317158528,1.1759019574173726,69.9602947044414
M16,модель CatBoost,Тренд-фильтр «плато» из нового подбора,M13,всё,все,1473,15.434760381043436,46.199095022624434,0.010476081706590567,0.8713240132380432,-0.7287381639566666,1.0267200817150453,-0.35286380055747735,-41.4020539141719,0.30173002437170815,3/8,2019-01,2026-05,хуже как гейт входа,92.28097946769496,0.049666835020287924,1.1466772092227484,76.49335528609404
M16,модель CatBoost,Тренд-фильтр «плато» из нового подбора,M13,выбор,silver,386,13.73892048802472,47.063903281519856,0.0355930582591314,0.8142686619422506,-0.6567041750317331,1.1023867158878087,6.430437162833417,-17.008888647226637,0.5787648606965495,1/2,2019-01,2020-12,хуже как гейт входа,6.533060581652615,0.013224818991199625,1.0461154065204878,-0.30948794719730355
M16,модель CatBoost,Тренд-фильтр «плато» из нового подбора,M13,проверка,silver,1087,1.695839893018725,45.89209074187615,0.0015596320291404585,0.8920956675174063,-0.7537562009034001,1.0038241110411767,-14.091784288582188,-30.04186765449714,0.03777723861141854,2/6,2021-01,2026-05,хуже как гейт входа,85.74791888604231,0.06286504317158528,1.1759019574173726,69.9602947044414
M16,модель CatBoost,Тренд-фильтр «плато» из нового подбора,M13,всё,silver,1473,15.434760381043436,46.199095022624434,0.010476081706590567,0.8713240132380432,-0.7287381639566666,1.0267200817150453,-0.35286380055747735,-41.4020539141719,0.30173002437170815,3/8,2019-01,2026-05,хуже как гейт входа,92.28097946769496,0.049666835020287924,1.1466772092227484,76.49335528609404
M17,модель CatBoost,Признаки «слабой зоны» по EMA5,M13,выбор,все,424,-5.504757409727272,43.98111723052714,-0.012993133146484512,0.7056312958649958,-0.5771940542383629,0.959815589923771,-12.34730593857719,-32.91920289800162,-0.26905109809967015,1/2,2019-01,2020-12,не помогло,6.533060581652615,0.013224818991199625,1.0461154065204878,-0.30948794719730355
M17,модель CatBoost,Признаки «слабой зоны» по EMA5,M13,проверка,все,1361,52.52216895874846,45.29872673849169,0.038581416962841675,0.8978175036373175,-0.6729614480093069,1.1048070634700085,36.73454477714755,-27.643607598379717,1.1106093776759585,3/6,2021-01,2026-05,не помогло,85.74791888604231,0.06286504317158528,1.1759019574173726,69.9602947044414
M17,модель CatBoost,Признаки «слабой зоны» по EMA5,M13,всё,все,1785,47.0174115490212,44.98599439775911,0.026340286582084704,0.8532213682513778,-0.649816035801258,1.0736812192868135,31.229787367420286,-32.91920289800163,0.9111263555812933,4/8,2019-01,2026-05,не помогло,92.28097946769496,0.049666835020287924,1.1466772092227484,76.49335528609404
M17,модель CatBoost,Признаки «слабой зоны» по EMA5,M13,выбор,silver,424,-5.504757409727272,43.98111723052714,-0.012993133146484512,0.7056312958649958,-0.5771940542383629,0.959815589923771,-12.34730593857719,-32.91920289800162,-0.26905109809967015,1/2,2019-01,2020-12,не помогло,6.533060581652615,0.013224818991199625,1.0461154065204878,-0.30948794719730355
M17,модель CatBoost,Признаки «слабой зоны» по EMA5,M13,проверка,silver,1361,52.52216895874846,45.29872673849169,0.038581416962841675,0.8978175036373175,-0.6729614480093069,1.1048070634700085,36.73454477714755,-27.643607598379717,1.1106093776759585,3/6,2021-01,2026-05,не помогло,85.74791888604231,0.06286504317158528,1.1759019574173726,69.9602947044414
M17,модель CatBoost,Признаки «слабой зоны» по EMA5,M13,всё,silver,1785,47.0174115490212,44.98599439775911,0.026340286582084704,0.8532213682513778,-0.649816035801258,1.0736812192868135,31.229787367420286,-32.91920289800163,0.9111263555812933,4/8,2019-01,2026-05,не помогло,92.28097946769496,0.049666835020287924,1.1466772092227484,76.49335528609404
L01,модель CatBoost,"CatBoost LKOH без ленты (2024–2026, 3 seed)",,выбор,все,0,,,,,,,,,,,,,база (в минусе после комиссии),,,,
L01,модель CatBoost,"CatBoost LKOH без ленты (2024–2026, 3 seed)",,проверка,все,1383,-30.037268316779855,38.45226615236258,-0.02172415741329305,0.48587566533516424,-0.3388497811045541,0.8958345571598929,-32.99791477947418,-55.33729935464756,-1.4592726324044847,1/3,2024-07,2026-03,база (в минусе после комиссии),,,,
L01,модель CatBoost,"CatBoost LKOH без ленты (2024–2026, 3 seed)",,всё,все,1383,-30.037268316779855,38.45226615236258,-0.02172415741329305,0.48587566533516424,-0.3388497811045541,0.8958345571598929,-32.99791477947418,-55.33729935464756,-1.4592726324044847,1/3,2024-07,2026-03,база (в минусе после комиссии),,,,
L01,модель CatBoost,"CatBoost LKOH без ленты (2024–2026, 3 seed)",,выбор,lkoh,0,,,,,,,,,,,,,база (в минусе после комиссии),,,,
L01,модель CatBoost,"CatBoost LKOH без ленты (2024–2026, 3 seed)",,проверка,lkoh,1383,-30.037268316779855,38.45226615236258,-0.02172415741329305,0.48587566533516424,-0.3388497811045541,0.8958345571598929,-32.99791477947418,-55.33729935464756,-1.4592726324044847,1/3,2024-07,2026-03,база (в минусе после комиссии),,,,
L01,модель CatBoost,"CatBoost LKOH без ленты (2024–2026, 3 seed)",,всё,lkoh,1383,-30.037268316779855,38.45226615236258,-0.02172415741329305,0.48587566533516424,-0.3388497811045541,0.8958345571598929,-32.99791477947418,-55.33729935464756,-1.4592726324044847,1/3,2024-07,2026-03,база (в минусе после комиссии),,,,
L02,модель CatBoost,CatBoost LKOH с признаками ленты сделок,L01,выбор,все,0,,,,,,,,,,,,,не помогло,,,,
L02,модель CatBoost,CatBoost LKOH с признаками ленты сделок,L01,проверка,все,1369,-52.0605297048627,38.26679649464461,-0.03801888732098056,0.4490682645555474,-0.3399514593832447,0.8188394300886935,-54.634823025614935,-66.00704649898773,-2.702592626529409,0/3,2024-07,2026-03,не помогло,-30.037268316779855,-0.02172415741329305,0.8958345571598929,-32.99791477947418
L02,модель CatBoost,CatBoost LKOH с признаками ленты сделок,L01,всё,все,1369,-52.0605297048627,38.26679649464461,-0.03801888732098056,0.4490682645555474,-0.3399514593832447,0.8188394300886935,-54.634823025614935,-66.00704649898773,-2.702592626529409,0/3,2024-07,2026-03,не помогло,-30.037268316779855,-0.02172415741329305,0.8958345571598929,-32.99791477947418
L02,модель CatBoost,CatBoost LKOH с признаками ленты сделок,L01,выбор,lkoh,0,,,,,,,,,,,,,не помогло,,,,
L02,модель CatBoost,CatBoost LKOH с признаками ленты сделок,L01,проверка,lkoh,1369,-52.0605297048627,38.26679649464461,-0.03801888732098056,0.4490682645555474,-0.3399514593832447,0.8188394300886935,-54.634823025614935,-66.00704649898773,-2.702592626529409,0/3,2024-07,2026-03,не помогло,-30.037268316779855,-0.02172415741329305,0.8958345571598929,-32.99791477947418
L02,модель CatBoost,CatBoost LKOH с признаками ленты сделок,L01,всё,lkoh,1369,-52.0605297048627,38.26679649464461,-0.03801888732098056,0.4490682645555474,-0.3399514593832447,0.8188394300886935,-54.634823025614935,-66.00704649898773,-2.702592626529409,0/3,2024-07,2026-03,не помогло,-30.037268316779855,-0.02172415741329305,0.8958345571598929,-32.99791477947418
L03,модель CatBoost,Лента + история с 2016 года,L01,выбор,все,0,,,,,,,,,,,,,не помогло,,,,
L03,модель CatBoost,Лента + история с 2016 года,L01,проверка,все,1242,-32.94206259892924,38.26133619533137,-0.026516283283280855,0.4525587148885889,-0.32341369631808586,0.867200323775331,-35.42128138478376,-51.804297758400864,-1.8496001533325017,1/3,2024-07,2026-03,не помогло,-30.037268316779855,-0.02172415741329305,0.8958345571598929,-32.99791477947418
L03,модель CatBoost,Лента + история с 2016 года,L01,всё,все,1242,-32.94206259892924,38.26133619533137,-0.026516283283280855,0.4525587148885889,-0.32341369631808586,0.867200323775331,-35.42128138478376,-51.804297758400864,-1.8496001533325017,1/3,2024-07,2026-03,не помогло,-30.037268316779855,-0.02172415741329305,0.8958345571598929,-32.99791477947418
L03,модель CatBoost,Лента + история с 2016 года,L01,выбор,lkoh,0,,,,,,,,,,,,,не помогло,,,,
L03,модель CatBoost,Лента + история с 2016 года,L01,проверка,lkoh,1242,-32.94206259892924,38.26133619533137,-0.026516283283280855,0.4525587148885889,-0.32341369631808586,0.867200323775331,-35.42128138478376,-51.804297758400864,-1.8496001533325017,1/3,2024-07,2026-03,не помогло,-30.037268316779855,-0.02172415741329305,0.8958345571598929,-32.99791477947418
L03,модель CatBoost,Лента + история с 2016 года,L01,всё,lkoh,1242,-32.94206259892924,38.26133619533137,-0.026516283283280855,0.4525587148885889,-0.32341369631808586,0.867200323775331,-35.42128138478376,-51.804297758400864,-1.8496001533325017,1/3,2024-07,2026-03,не помогло,-30.037268316779855,-0.02172415741329305,0.8958345571598929,-32.99791477947418
L04,модель CatBoost,Правило ленты без модели (z_6 ≥ 1.5),L01,выбор,все,0,,,,,,,,,,,,,не помогло (−17% на 9 кварталах),,,,
L04,модель CatBoost,Правило ленты без модели (z_6 ≥ 1.5),L01,проверка,все,830,-17.432199902209774,40.36144578313253,-0.021002650484590088,0.4857044473610448,-0.36392563589527227,0.9032314242650826,-24.36299393814124,-32.64708897468629,-1.0692887011884313,1/3,2024-01,2026-03,не помогло (−17% на 9 кварталах),-30.037268316779855,-0.02172415741329305,0.8958345571598929,-32.99791477947418
L04,модель CatBoost,Правило ленты без модели (z_6 ≥ 1.5),L01,всё,все,830,-17.432199902209774,40.36144578313253,-0.021002650484590088,0.4857044473610448,-0.36392563589527227,0.9032314242650826,-24.36299393814124,-32.64708897468629,-1.0692887011884313,1/3,2024-01,2026-03,не помогло (−17% на 9 кварталах),-30.037268316779855,-0.02172415741329305,0.8958345571598929,-32.99791477947418
L04,модель CatBoost,Правило ленты без модели (z_6 ≥ 1.5),L01,выбор,lkoh,0,,,,,,,,,,,,,не помогло (−17% на 9 кварталах),,,,
L04,модель CatBoost,Правило ленты без модели (z_6 ≥ 1.5),L01,проверка,lkoh,830,-17.432199902209774,40.36144578313253,-0.021002650484590088,0.4857044473610448,-0.36392563589527227,0.9032314242650826,-24.36299393814124,-32.64708897468629,-1.0692887011884313,1/3,2024-01,2026-03,не помогло (−17% на 9 кварталах),-30.037268316779855,-0.02172415741329305,0.8958345571598929,-32.99791477947418
L04,модель CatBoost,Правило ленты без модели (z_6 ≥ 1.5),L01,всё,lkoh,830,-17.432199902209774,40.36144578313253,-0.021002650484590088,0.4857044473610448,-0.36392563589527227,0.9032314242650826,-24.36299393814124,-32.64708897468629,-1.0692887011884313,1/3,2024-01,2026-03,не помогло (−17% на 9 кварталах),-30.037268316779855,-0.02172415741329305,0.8958345571598929,-32.99791477947418
L05,модель CatBoost,"CatBoost LKOH (прогон для размера позиции, 3 seed)",,выбор,все,0,,,,,,,,,,,,,база,,,,
L05,модель CatBoost,"CatBoost LKOH (прогон для размера позиции, 3 seed)",,проверка,все,1383,-30.037268316779855,38.45226615236258,-0.02172415741329305,0.48587566533516424,-0.3388497811045541,0.8958345571598929,-32.99791477947418,-55.33729935464756,-1.4592726324044847,1/3,2024-07,2026-03,база,,,,
L05,модель CatBoost,"CatBoost LKOH (прогон для размера позиции, 3 seed)",,всё,все,1383,-30.037268316779855,38.45226615236258,-0.02172415741329305,0.48587566533516424,-0.3388497811045541,0.8958345571598929,-32.99791477947418,-55.33729935464756,-1.4592726324044847,1/3,2024-07,2026-03,база,,,,
L05,модель CatBoost,"CatBoost LKOH (прогон для размера позиции, 3 seed)",,выбор,lkoh,0,,,,,,,,,,,,,база,,,,
L05,модель CatBoost,"CatBoost LKOH (прогон для размера позиции, 3 seed)",,проверка,lkoh,1383,-30.037268316779855,38.45226615236258,-0.02172415741329305,0.48587566533516424,-0.3388497811045541,0.8958345571598929,-32.99791477947418,-55.33729935464756,-1.4592726324044847,1/3,2024-07,2026-03,база,,,,
L05,модель CatBoost,"CatBoost LKOH (прогон для размера позиции, 3 seed)",,всё,lkoh,1383,-30.037268316779855,38.45226615236258,-0.02172415741329305,0.48587566533516424,-0.3388497811045541,0.8958345571598929,-32.99791477947418,-55.33729935464756,-1.4592726324044847,1/3,2024-07,2026-03,база,,,,
L06,модель CatBoost,LKOH — торговать только при ATR ≥ медианы,L05,выбор,все,0,,,,,,,,,,,,,слабый плюс,,,,
L06,модель CatBoost,LKOH — торговать только при ATR ≥ медианы,L05,проверка,все,586,3.477330430220123,42.287990893568576,0.005937388327069078,0.6081082597862505,-0.43529826995120685,1.0236342769151725,-0.17865298447926836,-20.5929211542499,0.19808763263229845,1/3,2024-07,2026-03,слабый плюс,-30.037268316779855,-0.02172415741329305,0.8958345571598929,-32.99791477947418
L06,модель CatBoost,LKOH — торговать только при ATR ≥ медианы,L05,всё,все,586,3.477330430220123,42.287990893568576,0.005937388327069078,0.6081082597862505,-0.43529826995120685,1.0236342769151725,-0.17865298447926836,-20.5929211542499,0.19808763263229845,1/3,2024-07,2026-03,слабый плюс,-30.037268316779855,-0.02172415741329305,0.8958345571598929,-32.99791477947418
L06,модель CatBoost,LKOH — торговать только при ATR ≥ медианы,L05,выбор,lkoh,0,,,,,,,,,,,,,слабый плюс,,,,
L06,модель CatBoost,LKOH — торговать только при ATR ≥ медианы,L05,проверка,lkoh,586,3.477330430220123,42.287990893568576,0.005937388327069078,0.6081082597862505,-0.43529826995120685,1.0236342769151725,-0.17865298447926836,-20.5929211542499,0.19808763263229845,1/3,2024-07,2026-03,слабый плюс,-30.037268316779855,-0.02172415741329305,0.8958345571598929,-32.99791477947418
L06,модель CatBoost,LKOH — торговать только при ATR ≥ медианы,L05,всё,lkoh,586,3.477330430220123,42.287990893568576,0.005937388327069078,0.6081082597862505,-0.43529826995120685,1.0236342769151725,-0.17865298447926836,-20.5929211542499,0.19808763263229845,1/3,2024-07,2026-03,слабый плюс,-30.037268316779855,-0.02172415741329305,0.8958345571598929,-32.99791477947418
L07,модель CatBoost,LKOH годовой walk-forward с гейтом C,,выбор,все,302,20.48356554882523,45.6953642384106,0.06782637598948751,0.7542738943725283,-0.5097940967962419,1.2450004633572327,13.064705973146221,-8.178441036298093,1.3797750296887639,2/3,2018-01,2020-12,база,,,,
L07,модель CatBoost,LKOH годовой walk-forward с гейтом C,,проверка,все,377,-6.5013922439045775,40.05305039787798,-0.01724507226499888,0.5278894000353048,-0.3814720869435203,0.9245889193396712,-14.115613270815604,-14.613771981725197,-0.4830249343574959,1/5,2022-01,2026-06,база,,,,
L07,модель CatBoost,LKOH годовой walk-forward с гейтом C,,всё,все,679,13.982173304920652,42.56259204712813,0.02059230236365339,0.6359899544247056,-0.4354331372405622,1.0823357786917045,5.711080972726743,-16.67222321819197,0.6972360082222148,3/8,2018-01,2026-06,база,,,,
L07,модель CatBoost,LKOH годовой walk-forward с гейтом C,,выбор,lkoh,302,20.48356554882523,45.6953642384106,0.06782637598948751,0.7542738943725283,-0.5097940967962419,1.2450004633572327,13.064705973146221,-8.178441036298093,1.3797750296887639,2/3,2018-01,2020-12,база,,,,
L07,модель CatBoost,LKOH годовой walk-forward с гейтом C,,проверка,lkoh,377,-6.5013922439045775,40.05305039787798,-0.01724507226499888,0.5278894000353048,-0.3814720869435203,0.9245889193396712,-14.115613270815604,-14.613771981725197,-0.4830249343574959,1/5,2022-01,2026-06,база,,,,
L07,модель CatBoost,LKOH годовой walk-forward с гейтом C,,всё,lkoh,679,13.982173304920652,42.56259204712813,0.02059230236365339,0.6359899544247056,-0.4354331372405622,1.0823357786917045,5.711080972726743,-16.67222321819197,0.6972360082222148,3/8,2018-01,2026-06,база,,,,
L08,модель CatBoost,LKOH — обучение только внутри гейта,L07,выбор,все,208,10.986655817488751,41.34615384615385,0.05282046066100361,0.756574121561977,-0.4432681855478793,1.2031604315787923,5.444942690930225,-9.13182751114584,0.9940675280558495,2/3,2018-01,2020-12,"кандидат, не подтверждён",20.48356554882523,0.06782637598948751,1.2450004633572327,13.064705973146221
L08,модель CatBoost,LKOH — обучение только внутри гейта,L07,проверка,все,538,-9.187932470245228,39.96282527881041,-0.01707794139450786,0.5749615848392188,-0.41115997898042494,0.9308161960861892,-22.483447888052623,-26.579942144382173,-0.48175653864751267,4/6,2021-02,2026-05,"кандидат, не подтверждён",-6.5013922439045775,-0.01724507226499888,0.9245889193396712,-14.115613270815604
L08,модель CatBoost,LKOH — обучение только внутри гейта,L07,всё,все,746,1.7987233472435307,40.3485254691689,0.002411157301935028,0.6268508810457211,-0.41996267830903045,1.0096248432215482,-11.496792070563867,-26.579942144382162,0.08159143851298027,6/9,2018-01,2026-05,"кандидат, не подтверждён",13.982173304920652,0.02059230236365339,1.0823357786917045,5.711080972726743
L08,модель CatBoost,LKOH — обучение только внутри гейта,L07,выбор,lkoh,208,10.986655817488751,41.34615384615385,0.05282046066100361,0.756574121561977,-0.4432681855478793,1.2031604315787923,5.444942690930225,-9.13182751114584,0.9940675280558495,2/3,2018-01,2020-12,"кандидат, не подтверждён",20.48356554882523,0.06782637598948751,1.2450004633572327,13.064705973146221
L08,модель CatBoost,LKOH — обучение только внутри гейта,L07,проверка,lkoh,538,-9.187932470245228,39.96282527881041,-0.01707794139450786,0.5749615848392188,-0.41115997898042494,0.9308161960861892,-22.483447888052623,-26.579942144382173,-0.48175653864751267,4/6,2021-02,2026-05,"кандидат, не подтверждён",-6.5013922439045775,-0.01724507226499888,0.9245889193396712,-14.115613270815604
L08,модель CatBoost,LKOH — обучение только внутри гейта,L07,всё,lkoh,746,1.7987233472435307,40.3485254691689,0.002411157301935028,0.6268508810457211,-0.41996267830903045,1.0096248432215482,-11.496792070563867,-26.579942144382162,0.08159143851298027,6/9,2018-01,2026-05,"кандидат, не подтверждён",13.982173304920652,0.02059230236365339,1.0823357786917045,5.711080972726743
