p_mode,p_timeframe,p_update_every_bar,p_hold_bars,p_slope_period,p_adx_period,p_ema_period,p_adx_threshold,p_require_slope_agreement,p_hysteresis,p_shock_atr,p_ema_reset_period,sel_median,sel_mean,sel_pos,val_median,val_mean,val_pos,sel_следование,sel_в_крупных_по_ходу,sel_в_крупных_против,sel_доля_тренда,sel_смен_на_100,sel_нарушений_EMA,val_следование,val_в_крупных_по_ходу,val_в_крупных_против,val_доля_тренда,val_смен_на_100,val_нарушений_EMA,sel_neigh_median,p_max_ffill_bars,p_shock_window,p_shock_mode,p_ema_reset_tf,p_ema_reset_confirm_bars,p_adx_min,p_adx_max,p_require_adx_rising
confirm,6h,False,4,6,5,21.0,10.0,True,True,0.0,0,7.8967478011285825,4.5930419529915145,0.6190476190476191,9.635038369085837,9.28006924202612,0.7916666666666666,6.195563688586294,0.7235018048151851,0.23979019864513146,0.9539804382366652,2.9302352914058165,0.43352794223606483,8.996691097850995,0.7244425256574631,0.22570248111053642,0.9433869156797307,2.480964583553299,0.43650826214213734,4.297502134812673,,,,,,,,
confirm,4h,True,3,8,5,14.0,15.0,True,False,2.0,0,6.714080684557345,2.51517177159297,0.5714285714285714,3.789839161709968,4.776518933925774,0.6041666666666666,4.594643773286435,0.7013771350553839,0.2337514854150246,0.9347392121688849,8.268367453982457,0.3790651784424632,5.136869098963032,0.6932364145672821,0.23615293166659979,0.9283025750443203,8.298444300397543,0.3780859718075469,4.673550907816354,0.0,2.0,neutral,,,,,
confirm,6h,True,4,8,5,21.0,10.0,True,True,0.0,0,6.191402659635925,3.7105321966179607,0.6666666666666666,8.135406415182192,9.577408525994459,0.7291666666666666,5.359674409267516,0.746006280236466,0.23566277674874253,0.9782169593337255,4.106211535494003,0.43040796350392796,9.54709372841059,0.7491134181865033,0.22745388657479293,0.9730260319265908,3.7569853579600543,0.42871897102886036,-2.238859143577879,,,,,,,,
confirm,6h,True,4,8,5,14.0,15.0,True,False,3.0,0,5.928861681191439,3.7926785612420835,0.6666666666666666,7.364336630483389,8.101518161863483,0.6875,6.28154100585699,0.7265137013626253,0.23394314669913863,0.9568761351834101,5.2743543510364805,0.4087195101592721,8.465044770270051,0.7201139598463668,0.2302166282657805,0.9489687323667291,5.080641092769805,0.40944514889280775,2.6120397547984395,0.0,2.0,flip,,,,,
confirm,4h,True,4,8,5,14.0,15.0,True,False,2.0,0,5.737797033020241,2.4284300678440665,0.5714285714285714,3.577148755666301,4.310907185046308,0.6041666666666666,4.691246474017129,0.7049449541715979,0.23688734709779485,0.9418079014352642,8.446051523407206,0.38094407791798635,4.603683400308297,0.6976336538515631,0.2402694327937479,0.9369024449499386,8.505088428506483,0.38105524628910165,4.653820154832727,0.0,3.0,neutral,,,,,
confirm,4h,True,3,12,7,21.0,20.0,False,False,2.0,0,5.502795605529625,0.527234417417426,0.6428571428571429,5.448192491581051,3.3957277123256886,0.6041666666666666,3.2649073481822755,0.7417893755389365,0.2161734758832501,0.9538840047274244,10.036176187772782,0.3615379263543791,3.8101530540510797,0.7439414805740812,0.21510320035743152,0.9542013121443272,9.71854858167477,0.3627040468678585,4.232344046213309,0.0,6.0,neutral,,,,,
confirm,6h,False,0,4,9,21.0,25.0,True,True,3.0,13,5.253254549165531,3.1781793419848237,0.5952380952380952,5.0447027129542565,5.819370100065949,0.7291666666666666,4.6112816317415755,0.5310191979154306,0.10765613388004519,0.578224946118487,4.849506278874297,0.22658879324563566,5.902195307038869,0.5403881582354557,0.11106374130120032,0.6063294392235787,4.248385735879507,0.24545157684691804,5.071344419724913,,2.0,neutral,htf,3.0,,,
confirm,2h,False,1,3,5,21.0,20.0,True,False,3.0,0,5.198265795632722,1.8193613045356614,0.5476190476190477,4.809949633894954,4.543189435433265,0.5625,5.041830927059011,0.735274311294459,0.25464206210823004,0.9901400700498861,6.892141676944576,0.3759165873352831,4.362602195559097,0.7331821354814773,0.2563333650038912,0.988796036015543,6.429958568007013,0.37983736002775315,4.577088237576826,5.0,6.0,neutral,,,,,
confirm,4h,True,4,8,5,10.0,15.0,True,False,2.0,0,5.164248264611343,1.8668209899743522,0.5714285714285714,2.503409277555513,3.4637103736171384,0.5625,3.718827404404843,0.7101973958206058,0.2654527637923088,0.9756874861172246,7.539558457630431,0.3899332836482447,3.7897792756079194,0.704617387896689,0.2696729676751023,0.9737855070326722,7.347474865816175,0.39049331393568965,3.09652228787235,0.0,2.0,flip,,,,,
confirm,4h,True,4,8,5,21.0,15.0,True,False,2.0,0,5.131450933950796,1.5614193956150966,0.5714285714285714,6.2071430296800525,4.432658505536751,0.5625,3.6887420507177877,0.7118105877923799,0.22525950781143325,0.9379148171200673,6.904120229520014,0.38275396962774344,4.827647507044544,0.7059072477405967,0.22393540332194944,0.929588495067833,7.001892639502858,0.37922947580237965,4.974418110124997,0.0,2.0,flip,,,,,
early,4h,False,1,6,7,,,,,0.0,0,5.107944977312602,4.099071546989417,0.6666666666666666,0.38052512884096534,1.0098021528853456,0.5208333333333334,4.496092151243882,0.21433061711610785,0.0726341225048259,0.3011584695449301,5.326926917808449,0.11963934451107561,1.1535224139396039,0.21121287895181273,0.06798402736441563,0.28864971974284276,4.827404487402305,0.11642423468525148,,,,,,,10.0,40.0,True
early,4h,False,1,6,7,,,,,0.0,0,5.039239203449176,3.8073021099072912,0.6904761904761905,0.4991849050284203,1.0054564367408263,0.5416666666666666,4.20307790135401,0.2117661459079586,0.07150592553867391,0.29694584498331134,5.268960161508378,0.11801479585779387,1.1772753155898776,0.2095294775383081,0.06664842344114653,0.28529525399313027,4.776423734282931,0.11505965152376725,,,,,,,15.0,40.0,True
confirm,4h,True,4,8,5,14.0,15.0,True,False,3.0,0,4.9271777133398595,3.6639596528234,0.5952380952380952,4.961786892241641,5.728813251698526,0.6458333333333334,5.6413599069326335,0.7144782698265763,0.24767847444550622,0.9633418008274379,5.715996065212476,0.4012376531562455,6.130820844253431,0.7081886286187918,0.2510734071164875,0.9596193624756533,5.55055607268584,0.4020137679638091,,0.0,2.0,flip,,,,,
confirm,2h,False,0,3,5,21.0,25.0,True,False,3.0,0,4.878373874636756,2.310597820372126,0.5714285714285714,1.730600180764681,2.8899841956717833,0.5416666666666666,5.000913378461928,0.7187520465655766,0.24566454484672012,0.9626456104802941,6.971119280333953,0.36920510743778095,2.906475913187379,0.7131772387173205,0.24942029491526396,0.961406381682911,6.514884241870182,0.37213473504954897,,5.0,6.0,neutral,,,,,
confirm,6h,False,0,4,9,21.0,25.0,True,False,3.0,13,4.643122095162223,2.9394856308413444,0.5714285714285714,4.5572630163394905,5.302883824526256,0.6666666666666666,4.623706940870102,0.5398082369528042,0.11611309609425022,0.6007647211395366,5.904516869402581,0.22949810091941933,5.480167964870062,0.5521588963650024,0.11983354890338604,0.633563117077363,5.204237445723425,0.25182248633210524,,5.0,3.0,neutral,htf,3.0,,,
confirm,4h,True,3,12,7,21.0,20.0,False,False,2.0,0,4.621133749576051,-1.2142828155340897,0.5714285714285714,1.372447560910876,0.7535076587718444,0.6041666666666666,1.9798557516972402,0.7545766437511361,0.23117822477044753,0.9848907810403909,8.722011950485864,0.36154494232272305,1.135577677217913,0.7563766156943997,0.23054488896460815,0.9841900956947751,8.442038254866349,0.3627358715576895,,0.0,6.0,flip,,,,,
early,4h,False,1,4,7,,,,,0.0,0,4.6038895550856775,3.803899258824829,0.6666666666666666,1.3852021243300017,1.4047376357859906,0.6666666666666666,4.463737441742552,0.21064129342272175,0.07085032839204573,0.2938213804161556,5.568570940639129,0.11382101846094864,1.6845139533688311,0.2076346770054269,0.06742691749983695,0.28327327486026077,5.077718279726774,0.11179936631549098,,,,,,,10.0,40.0,True
confirm,6h,True,4,6,5,21.0,10.0,True,True,0.0,0,4.5799153497447405,2.3827709730911812,0.5952380952380952,8.779412472731268,9.915930120291693,0.7708333333333334,4.496900818174851,0.7529679007144241,0.2380484938023719,0.9891897576650875,4.277098860048382,0.4283000518411146,9.721379245720549,0.7575118185072715,0.2283255851994443,0.983453179419109,3.863477276656317,0.42665143253008286,,,,,,,,,
confirm,2h,False,0,3,5,21.0,20.0,True,False,3.0,0,4.560772610069499,1.7916780630064797,0.5476190476190477,4.49201767765381,4.38139154158364,0.5833333333333334,5.050860588573462,0.7339395096859006,0.2539874718560016,0.988151614993332,6.91231490081368,0.3747324712832772,4.241405892277395,0.7315555655022761,0.25587258634131127,0.9866316700795796,6.448819341598856,0.3785143628455504,,5.0,6.0,neutral,,,,,
early,6h,True,4,4,9,,,,,0.0,0,4.526575015882106,3.9044884917141345,0.5952380952380952,2.412042364037115,4.224235304581207,0.625,4.65249809714821,0.4642309665929606,0.19016776347724873,0.6894103423328446,7.374126214278215,0.283333772253978,4.46997296789329,0.466756610121273,0.17994321670493013,0.6682882898704172,7.258196646421848,0.27493379181278904,,,,,,,15.0,35.0,False
early,4h,False,1,6,9,,,,,0.0,0,4.460213122669384,3.8962458718898736,0.6428571428571429,2.3194488032971714,3.1110051195024346,0.5833333333333334,4.203427184355126,0.26210908365733987,0.07245731494324706,0.3398772854523369,4.991921485570461,0.13872680044624125,2.9199006654541284,0.2576246787707289,0.07089881626119623,0.3309427638668415,4.5893064080868395,0.13578862386140372,,,,,,,10.0,40.0,True
confirm,6h,True,4,6,5,21.0,15.0,True,True,0.0,0,4.413308532952951,2.343563661102275,0.5952380952380952,8.779412472731268,9.965895837829258,0.7708333333333334,4.399284803189665,0.7529421979798536,0.2378331430322636,0.9888678395688034,4.268914303416971,0.42824834319732596,9.769295981424467,0.7574058742846275,0.22818096657967493,0.9831836702713707,3.8563827098591115,0.4265809678154685,,,,,,,,,
early,6h,True,4,4,9,,,,,0.0,0,4.286141806278367,3.8574549909477645,0.6428571428571429,5.174564823704073,4.761598779439169,0.5833333333333334,4.712633375423479,0.46997253696335467,0.19571016228105365,0.7017925467083028,7.276741459014238,0.2872496203592809,4.898679278026661,0.47063786649090594,0.1834518076689455,0.6775986208458318,7.1898449944200244,0.2775677381965255,,,,,,,10.0,35.0,False
confirm,4h,True,4,8,5,14.0,15.0,True,False,2.0,0,4.222425533780299,0.7812213355189871,0.5476190476190477,2.8521609854854737,3.3921493840872166,0.5833333333333334,3.0507760406514484,0.7160436460435518,0.24701641696086973,0.9641592484372896,7.1890114062843455,0.3888658241731332,3.595613858983448,0.7093799904558078,0.25101502712853796,0.9607312723365148,7.11977456385851,0.3885290034189217,,0.0,2.0,flip,,,,,
confirm,4h,True,3,12,9,21.0,20.0,False,False,2.0,0,4.201304622525177,-1.1971981293850622,0.5952380952380952,0.4023893046318987,0.19110146376198353,0.5208333333333334,1.7024361665967012,0.7405906242803142,0.22305962983430397,0.9583931206897149,9.118541745542078,0.3525142150992337,0.5090897481619966,0.7438079667308296,0.22390267593453894,0.9599662782569013,8.757137696273686,0.35464282601650926,,0.0,6.0,flip,,,,,
confirm,4h,True,3,12,9,21.0,20.0,False,False,2.0,0,4.201304622525177,-1.1971981293850622,0.5952380952380952,0.4023893046318987,0.19110146376198353,0.5208333333333334,1.7024361665967012,0.7405906242803142,0.22305962983430397,0.9583931206897149,9.118541745542078,0.3525142150992337,0.5090897481619966,0.7438079667308296,0.22390267593453894,0.9599662782569013,8.757137696273686,0.35464282601650926,,0.0,6.0,flip,,,,,
confirm,6h,False,0,4,9,21.0,25.0,True,False,3.0,13,4.191763905078442,3.079424026565523,0.6666666666666666,4.009566033024557,5.577744983573375,0.7083333333333334,4.733545153179439,0.5381439418157512,0.1158175960854631,0.5986911175209384,5.610476908201815,0.22960978247931974,5.696352865461657,0.5504836910134412,0.11958878405772469,0.6315725778382539,4.888352817153857,0.25207954013128764,,5.0,2.0,neutral,htf,3.0,,,
confirm,6h,False,1,4,7,21.0,25.0,True,False,3.0,13,4.180704082441114,3.179161123439125,0.5952380952380952,6.373714399822381,5.858287985896772,0.6875,4.876471473824409,0.6011101336721154,0.1348424106710761,0.6908188171700795,6.3776875781716225,0.26257081606073107,6.080501434161362,0.6130233930979048,0.13529220742424442,0.7134774333289994,5.4391490424753375,0.28242227400887887,,5.0,2.0,neutral,htf,3.0,,,
early,6h,True,4,6,9,,,,,0.0,0,4.02589896053301,3.0782170210851376,0.5714285714285714,5.086526874902599,5.736613636165234,0.625,4.338984137175611,0.48036492959509913,0.20002078687303293,0.7151277038592823,6.536664671826988,0.3101489461126644,5.868980685473064,0.47710649699199875,0.18689524529179588,0.6882493095279528,6.301753699960308,0.29815159395030233,,,,,,,10.0,35.0,False
confirm,6h,True,4,8,5,14.0,15.0,True,False,2.0,0,3.923413937482999,1.4388575954113374,0.5714285714285714,3.7678720411773465,5.290235954676011,0.5625,4.0472799513331275,0.7280070293693074,0.23355669769607995,0.9579737857659936,6.862480986471223,0.395970778169427,5.503701223976317,0.7210752505959557,0.23058515253405037,0.9503060819408838,6.865145288563714,0.3954678741067066,,0.0,2.0,flip,,,,,
confirm,6h,True,3,6,5,10.0,15.0,True,False,3.0,8,3.718469498303151,2.0853394886816887,0.5476190476190477,2.6839478921395994,1.273101624717232,0.5833333333333334,4.601346167636617,0.6374599698976501,0.1694914614152071,0.7933340152444386,12.651448941322279,0.24724881480271993,1.7403323569464177,0.6331594808749244,0.17085617797460245,0.7950388783858469,11.780399672541481,0.2573327464034277,,0.0,2.0,flip,htf,2.0,,,
confirm,2h,False,0,3,5,21.0,20.0,True,False,2.0,0,3.664373093995936,0.817346237959252,0.5476190476190477,4.047811356363555,2.731504919033668,0.5416666666666666,4.337084533060719,0.7249464725067356,0.24667883141628405,0.9703009449212956,8.96435323106188,0.35640013465467824,2.59861279504394,0.7218627682056374,0.24812565590462124,0.9688291663626531,8.65976272891006,0.3601654957163106,,5.0,6.0,neutral,,,,,
confirm,2h,False,0,3,5,21.0,20.0,True,False,2.0,0,3.664373093995936,0.817346237959252,0.5476190476190477,4.047811356363555,2.731504919033668,0.5416666666666666,4.337084533060719,0.7249464725067356,0.24667883141628405,0.9703009449212956,8.96435323106188,0.35640013465467824,2.59861279504394,0.7218627682056374,0.24812565590462124,0.9688291663626531,8.65976272891006,0.3601654957163106,,5.0,6.0,neutral,,,,,
confirm,6h,True,2,6,5,3.0,15.0,False,True,0.0,13,3.5562259635359688,1.8016396619308714,0.5238095238095238,4.448746906048799,3.2404802931414856,0.5833333333333334,4.67482254677437,0.6194464758660099,0.15003876074338118,0.7532322703934484,12.27027699288316,0.24534483338687915,3.618281490834639,0.6139369257747298,0.14626274876573994,0.7474567986420565,11.480941149743439,0.2492883649617752,,,,,htf,3.0,,,
early,2h,True,1,6,20,,,,,0.0,0,3.538787977685913,3.0832817630653904,0.6428571428571429,2.2675991468973824,2.558048414214054,0.625,4.401196469074112,0.4088924749159338,0.08432830357202223,0.46270451201924623,9.082059750618289,0.15924538024895724,2.6402393749688553,0.40271798905249934,0.08382328890485544,0.4615032125464788,8.809921079771982,0.15962493686557355,,,,,,,10.0,100.0,True
confirm,6h,True,3,6,5,3.0,15.0,False,True,0.0,13,3.538382852676772,2.242990101682255,0.5476190476190477,3.905232264356299,3.6204582780253474,0.5833333333333334,4.869438806022108,0.6317853636548814,0.15416353508300987,0.76955702041269,11.376484744093357,0.2568774099284693,3.8464014581450816,0.6272339132521163,0.150803671066377,0.7654100573517391,10.655747175853948,0.26101747884700505,,,,,htf,3.0,,,
early,6h,False,4,3,9,,,,,0.0,0,3.415600500701599,0.72736035761558,0.5476190476190477,2.551971631023756,2.458164927657078,0.6458333333333334,1.9135037814738032,0.3645059164995498,0.15935404339625092,0.5611722318730024,6.004530268855653,0.2405444942960839,2.559299679178033,0.3577330674205663,0.13621316330059435,0.5133540191701776,5.010249228071386,0.22372498724798293,,,,,,,10.0,35.0,False
early,4h,False,1,4,5,,,,,0.0,0,3.364829647009741,3.9173452268539832,0.5952380952380952,3.5423070701688757,4.479991803256873,0.6041666666666666,5.18925336822797,0.41590863846225723,0.11154201619962929,0.509359400421914,7.962365595066103,0.20240750757806297,4.692686410100106,0.4081020243247524,0.11389029109770961,0.5093911470948722,7.4624064676060184,0.2043568639162045,,,,,,,15.0,100.0,True
confirm,6h,True,4,6,5,14.0,10.0,False,True,0.0,0,3.351221995863649,3.4052112395975147,0.6666666666666666,7.1998516321789525,8.683760111747945,0.6875,5.900881968373003,0.7572105868266223,0.2388572781036818,0.9961854034683673,5.368521340098793,0.4091309724416441,9.009976996378278,0.7604437698596191,0.23416070912951537,0.9934680664582933,4.793151290353368,0.4111268662589124,,,,,,,,,
confirm,2h,False,0,4,5,21.0,20.0,True,False,3.0,0,3.285227872054615,2.0118917686629794,0.5714285714285714,4.51096297786248,5.144869206711426,0.5833333333333334,4.9986396996559,0.7292569077448514,0.2570777724661514,0.9864060220038537,6.594415070759912,0.3780219809840414,5.309703163248603,0.7260120294761927,0.25891186320539483,0.9839721635857198,6.131604524264446,0.38051208855660806,,5.0,6.0,neutral,,,,,
confirm,6h,True,2,6,5,3.0,10.0,False,True,0.0,13,3.2427556313967134,1.681178953832314,0.5238095238095238,4.0886807403928405,3.252318625762991,0.5833333333333334,4.509515010801581,0.6199518520339327,0.15032420251181658,0.753946716033357,12.304994809595295,0.2454754274402126,3.664014809565026,0.6143214500536588,0.14651012608619296,0.748116943055054,11.489847974613202,0.24941901678715123,,,,,htf,3.0,,,
confirm,2h,False,0,3,7,21.0,20.0,True,False,3.0,0,3.23055872335229,2.467578706507345,0.5952380952380952,4.156446654624602,3.279663222794587,0.5625,5.439784702227208,0.7208897293213099,0.24535263473639612,0.9628769491212865,6.946950137879821,0.3682066353955502,3.4229749608151296,0.7159706853664234,0.24778684574966525,0.9622102080875871,6.494930131541902,0.37147336129592007,,5.0,6.0,neutral,,,,,
confirm,2h,False,0,3,7,21.0,20.0,True,False,3.0,0,3.23055872335229,2.467578706507345,0.5952380952380952,4.156446654624602,3.279663222794587,0.5625,5.439784702227208,0.7208897293213099,0.24535263473639612,0.9628769491212865,6.946950137879821,0.3682066353955502,3.4229749608151296,0.7159706853664234,0.24778684574966525,0.9622102080875871,6.494930131541902,0.37147336129592007,,5.0,6.0,neutral,,,,,
confirm,6h,True,3,6,5,14.0,15.0,True,False,3.0,5,3.227496988670879,0.6606618011257733,0.5476190476190477,1.6494378766608189,-0.1925830310117934,0.5416666666666666,3.1381599367133943,0.5660248944544577,0.13573983014737212,0.6855278062205719,14.305012091153442,0.17844689832229468,0.5684094273498481,0.565015110935213,0.13465619899232856,0.6874563485248799,13.370403707978179,0.1885943321469174,,0.0,2.0,flip,htf,2.0,,,
confirm,2h,True,4,3,9,7.0,20.0,True,True,3.0,0,3.0883012783409574,3.371235601718569,0.5952380952380952,2.3963628253594758,1.540469979983495,0.5833333333333334,6.229064767727249,0.6657994230902785,0.2462661814033254,0.9012307965738539,8.272404912870211,0.33821912442613267,2.5805340483733525,0.6533299495340856,0.2504904738117308,0.9011749293556771,8.20131217016996,0.3386013045317334,,,6.0,neutral,,,,,
confirm,4h,False,0,4,7,7.0,10.0,True,True,0.0,0,3.061705810869787,4.755382482727783,0.5714285714285714,6.166021484973141,8.149810020727697,0.6875,6.853382958619139,0.6189593715716555,0.1845619389321599,0.7901589464615695,6.8709271798710505,0.31752889738919765,8.279209125796198,0.617464553710135,0.18975762548096187,0.7944824012850794,6.3438675518512655,0.3220156485909871,,,,,,,,,
confirm,4h,True,3,12,7,14.0,20.0,False,False,2.0,0,3.0335227716518243,-0.9672802838409431,0.5952380952380952,0.5314390935855564,-0.7168855757370292,0.5,2.0560747060063513,0.7458914868670243,0.23986338165455928,0.9848907810403909,9.306736603602367,0.3499181538949881,-0.4211750230211999,0.7428028717393411,0.24411863291966676,0.9841900956947751,9.074435107405979,0.35167848910293265,,0.0,6.0,flip,,,,,
confirm,4h,True,0,6,7,14.0,15.0,False,True,0.0,0,3.0027186720669627,1.1926454305244896,0.5476190476190477,3.6145672954866974,2.6708090643235742,0.5416666666666666,3.724718139691243,0.7075854000567068,0.2056266704151481,0.9027177446369414,13.736384561488652,0.3453252641772694,3.0126650277725213,0.7042905541593512,0.20634159995591944,0.9023714829619754,13.397450937058515,0.34934905378093434,,,,,,,,,
confirm,6h,True,3,6,5,10.0,15.0,True,True,3.0,8,2.9801418828731627,1.5299973072583135,0.5238095238095238,3.7985518258884725,2.256947703216847,0.5625,4.021586465983382,0.6449020675707051,0.1631395655994425,0.7904921345398368,12.197661556380073,0.2502578167406009,2.6086928017598328,0.6451095029541286,0.1643144216267694,0.7953939300228366,11.380090127417535,0.2611675207144295,,,2.0,flip,htf,2.0,,,
early,2h,False,3,8,7,,,,,0.0,0,2.8857549434820524,2.0012669061451294,0.6190476190476191,1.3940614120854982,1.9135066298401167,0.5625,3.451987797664245,0.34561042302618994,0.14026516423236252,0.49756066980689095,9.171581723588968,0.1889790072980927,2.2838986265173884,0.3398273962501501,0.13869166592107446,0.4862666619047554,8.663387988511579,0.18648754809160503,,,,,,,15.0,50.0,True
early,4h,False,0,6,14,,,,,0.0,8,2.799229379264566,2.872837324466155,0.5476190476190477,2.4712823590561683,3.1246226694220596,0.625,3.2505154266336227,0.28679964761756616,0.04599933827529591,0.306613251075681,4.518685136999949,0.10536773302730998,3.2068392115789415,0.2839042881663331,0.04583435493231039,0.3065283238139899,4.412874222456992,0.10374084369166053,,,,,htf,3.0,10.0,40.0,True
confirm,6h,False,4,8,5,21.0,10.0,True,True,1.5,13,2.7907518226684624,-3.1319307132170158,0.5476190476190477,-2.5883621151265586,-2.9052516079218798,0.4791666666666667,-0.07925485392213272,0.6766138918428488,0.17466280177601182,0.8312882033537197,17.494317407735288,0.2661633292105364,-2.487607730503406,0.6797092182193054,0.1646051351373711,0.8255706998179285,16.772643386012703,0.2786992770415012,,,6.0,flip,htf,1.0,,,
confirm,6h,True,2,4,5,3.0,15.0,False,True,0.0,13,2.749422072250448,1.1770290951379663,0.5476190476190477,3.946445633906359,3.185906945365717,0.5833333333333334,4.135812177884645,0.6253723907239588,0.15526825482335976,0.7659490065874142,12.971449286767704,0.2472171231295933,3.6512743290652647,0.6197663949527064,0.15125726768108377,0.7593686170456478,12.0788969348766,0.2508738895070204,,,,,htf,2.0,,,
confirm,2h,False,2,4,20,21.0,25.0,True,True,0.0,0,2.731870804683947,1.677137356776878,0.6428571428571429,1.5212123424782642,2.5912018988491674,0.6458333333333334,2.9253746611285667,0.3429534547094778,0.06877411982383633,0.3556062059188885,2.4025478173884194,0.15612621310220953,2.620107211660783,0.32027366074814784,0.06722503029308291,0.3530872704786161,2.2501970702512155,0.15714661603564622,,,,,,,,,
confirm,6h,False,0,4,5,7.0,10.0,True,True,0.0,8,2.714088981106586,2.193087197984704,0.5952380952380952,4.813613133555528,5.39594082359622,0.5833333333333334,4.523916970971977,0.5827140809926545,0.14497009488366447,0.7046268804615197,9.008058835928423,0.23387921500259612,5.531385783133133,0.5924092844059707,0.1393527057975013,0.7152208519654064,7.394715150434779,0.2585782450061547,,,,,htf,2.0,,,
confirm,4h,True,2,8,9,5.0,10.0,False,True,0.0,13,2.6966021560382103,1.5447746464430263,0.5714285714285714,2.3145596051315485,3.6631784981850024,0.5833333333333334,3.8495443054927567,0.63270453666806,0.15804479617407965,0.7747709320968502,12.24021160223026,0.2473710556809386,3.793763746608686,0.6288883984035445,0.1575146559987291,0.772125520852565,11.519794682240297,0.2514850443465796,,,,,htf,3.0,,,
early,4h,False,2,8,9,,,,,0.0,13,2.667473404347149,2.0931220494689193,0.5476190476190477,2.310602203732983,3.1655976946712343,0.5833333333333334,2.8390286579256174,0.2559081912198609,0.05757300154678803,0.31414009887217637,4.885019349725547,0.11602988836360803,2.68232968822628,0.25054261952889023,0.05387911907466183,0.30267592162382734,4.559562901239083,0.11083870831941353,,,,,htf,3.0,15.0,40.0,True
confirm,6h,False,0,6,9,21.0,25.0,True,False,3.0,13,2.5988038783747567,3.134438055423282,0.6190476190476191,4.200192592816719,4.776440293677092,0.7083333333333334,4.977896683873631,0.5358295382330478,0.11397259013277779,0.5971936851808033,5.525981576636074,0.2298084747028492,5.031034754417531,0.546938908028135,0.1162502249727002,0.6254788125049802,4.82826034938626,0.25183440569843263,,5.0,2.0,neutral,htf,3.0,,,
early,4h,False,2,6,14,,,,,0.0,0,2.5634614757520318,3.564119145965272,0.6428571428571429,3.647089699899805,4.75308626517593,0.5833333333333334,4.061734196266479,0.3922407684049978,0.08217849862296175,0.4379947460449557,4.691975733509128,0.1909354262861964,4.6326910952035405,0.3873615254282352,0.08225574684137199,0.4391650831861192,4.379877080807152,0.18931517787076685,,,,,,,10.0,50.0,True
confirm,6h,True,3,6,5,10.0,20.0,True,False,3.0,8,2.545134348457348,1.4370152061514798,0.5476190476190477,2.3553737863947988,1.446705553664466,0.5833333333333334,4.115282605048874,0.6336355462314551,0.1671759217827945,0.7864118010455847,12.655644789146228,0.24587520373433452,1.8783295310841213,0.6302048649849296,0.1689735580930582,0.7893174144429456,11.749615423028512,0.25633439126264246,,0.0,2.0,flip,htf,2.0,,,
early,2h,False,2,12,9,,,,,0.0,13,2.43294851751353,0.7859949190161065,0.5952380952380952,0.6489321549350617,0.6308875611289051,0.5833333333333334,1.6769552106674264,0.2835507365342884,0.04744634881894245,0.3064462136562458,7.259442537234693,0.07232079792837923,0.9588297332390553,0.27856099076447427,0.04849345824651874,0.3073886571226965,6.962611459489281,0.07177193019352615,,,,,base,3.0,25.0,100.0,True
confirm,2h,True,4,6,9,14.0,25.0,False,True,0.0,0,2.422639465626752,3.3614014686562244,0.5476190476190477,3.7158922415438487,3.9282862349681373,0.6458333333333334,5.647574984624345,0.6373778211730037,0.21066763052855952,0.8260680785107668,5.533212733561514,0.3330864910744873,4.024737139476395,0.6268812745151198,0.2166195073363995,0.8351592415238788,5.421191258907463,0.33717664346694703,,,,,,,,,
confirm,6h,True,2,6,5,10.0,15.0,True,False,3.0,8,2.3816161224535928,1.9206580386769836,0.5238095238095238,2.6726477121071146,1.1744707300598332,0.5625,4.489410474186684,0.6300283909990809,0.1672501934654801,0.7837972360786252,13.280654158917361,0.24456121284125049,1.6393619111323863,0.6271034857829476,0.1687083577821111,0.7868879125354702,12.07369393798137,0.2545243605296335,,0.0,2.0,flip,htf,2.0,,,
early,6h,True,4,6,9,,,,,0.0,0,2.3285011538824167,2.322556554093038,0.5714285714285714,4.3417452497829405,6.600840146931337,0.7083333333333334,3.93514068513581,0.47269137373547065,0.13257923722284665,0.5891209648207433,6.190680427581347,0.25743066528750164,6.548674064754756,0.4745398127293107,0.1208967643083701,0.576413703245247,5.840725671149868,0.2499974232010161,,,,,,,15.0,50.0,True
early,2h,True,1,6,20,,,,,0.0,0,2.261809450314111,2.9662189581155674,0.6904761904761905,1.6937789868178115,1.72635222625078,0.6041666666666666,4.108330816201736,0.3627635666088451,0.06327066669662061,0.38427539176492725,7.613339357165771,0.13362041747144754,1.7913234323089284,0.36147016929608256,0.0645144172098277,0.39528887218814934,7.636647664569851,0.13777053410484053,,,,,,,15.0,100.0,True
early,2h,True,3,6,9,,,,,0.0,13,2.10086028790211,0.04228080215007276,0.5238095238095238,-2.9261139065114716,-3.619679631824534,0.4791666666666667,1.3149608644038844,0.49101607314927476,0.14734482348082786,0.6268218825052247,15.13595835436227,0.12498017372624842,-2.7138946256080905,0.4792042072090953,0.14899506379799718,0.6221608927219092,14.990746890761775,0.1251029665724847,,,,,base,3.0,15.0,100.0,False
confirm,4h,False,1,3,14,14.0,10.0,False,True,3.0,8,2.0895234368369673,1.2133306131892636,0.5714285714285714,0.7626692018038865,2.587587088643179,0.5,3.0887572872743916,0.5807499859696,0.12094836770177787,0.6666785248220628,9.837376160331946,0.2078059911271243,3.1746463204074207,0.5755208258158334,0.1219017222130757,0.6687916424466873,9.602119409754888,0.21202063219371303,,,2.0,flip,htf,2.0,,,
confirm,4h,True,3,12,7,21.0,15.0,False,False,2.0,0,2.0651958635465784,-1.4381431323057696,0.5238095238095238,2.4634579537016865,0.8178499507684113,0.5625,1.7338952557095157,0.7629989619460806,0.23645915155443664,0.9994823324810342,8.774229234223215,0.3638406208594429,1.1302938665928597,0.7640081123506015,0.23534787819568334,0.9989130244490112,8.415010082718382,0.36598108665241647,,0.0,6.0,flip,,,,,
early,2h,True,1,6,14,,,,,0.0,0,2.0116802785182335,3.3085234081511317,0.5714285714285714,3.2359387383594846,3.0465142975588386,0.6458333333333334,4.6930244832034544,0.423931637917616,0.10136755188471187,0.5050432101104405,10.272007671745026,0.17073258256787965,3.1731962279399104,0.4163293183728736,0.0995319148695096,0.5002398626300132,9.880248538103125,0.16982355984587955,,,,,,,10.0,100.0,True
confirm,6h,True,2,6,5,3.0,20.0,False,True,0.0,8,2.008802594495541,0.7731159356726793,0.5476190476190477,2.2882752699579583,2.048429907839844,0.5833333333333334,3.531079624072512,0.6057142231540775,0.15744818316106035,0.7482158085420987,13.343376213148346,0.2250275385735055,2.5216047615210098,0.6035986241494862,0.15583272089623007,0.7475237839908183,12.450211741574138,0.23286934318431393,,,,,htf,3.0,,,
early,2h,False,3,6,7,,,,,2.0,0,1.919231299467877,0.40346878604787506,0.5952380952380952,-0.3136804801168839,-0.09097773429789013,0.4791666666666667,2.015839738186469,0.47248671877124726,0.15279153398138645,0.6163997070293756,12.198415991345627,0.2226015987047065,0.16931642408101766,0.4617557086779356,0.1537577254939923,0.6076141248609351,11.945351010181668,0.2190582608580427,,,2.0,flip,,,20.0,100.0,True
confirm,2h,False,4,8,20,14.0,15.0,True,True,2.0,0,1.89698383622411,-2.0104389177187345,0.5238095238095238,-3.924232473861063,-3.950513878973526,0.4166666666666667,1.5158207579940197,0.6000610068405366,0.1679295840713616,0.7422677114502235,11.764393810743869,0.27066626482257283,-3.690960411977142,0.598021924676243,0.1728563611534676,0.7493946361224393,11.572583429798797,0.27861433244494993,,,6.0,flip,,,,,
early,2h,False,3,8,9,,,,,0.0,13,1.8486072631576103,0.08385482257295869,0.5476190476190477,2.308334173775827,2.3963955364787677,0.625,1.922045320692488,0.4079571283981154,0.09227138074644073,0.4829772521405771,9.905760987323408,0.14242902492182363,2.7029750858609294,0.40196740259320285,0.09412911292637455,0.48177675034010436,9.413212449655362,0.1461589563022808,,,,,htf,2.0,15.0,100.0,True
confirm,2h,True,1,3,7,14.0,20.0,True,True,1.5,0,1.7664514233957829,1.281649670024364,0.5238095238095238,-0.0722710392171227,-1.676915104554806,0.5,3.6758668460461723,0.6742169375807925,0.23409944764781415,0.9016852460054797,13.631025861370544,0.2981916180577844,-0.952636938792266,0.6636977501516764,0.23900063382804387,0.9005006281267398,13.34714398074215,0.30081619686283056,,,6.0,neutral,,,,,
early,4h,True,4,4,9,,,,,3.0,0,1.6024769992997614,1.0948256719522145,0.5,2.92455625395948,3.408736217419809,0.5625,3.302970311778173,0.5032728076102166,0.1916805435676852,0.7146693565789188,9.249382581100875,0.27884505490780165,4.278876920921111,0.5072278808718014,0.18884805411392713,0.706754946596553,9.070369706540278,0.2748827081278228,,,6.0,neutral,,,20.0,40.0,False
early,4h,False,4,4,9,,,,,2.0,0,1.593075817923216,-1.0431747940147875,0.5238095238095238,-0.4425609464915244,-2.104150637495825,0.5,1.102213449768232,0.39141788761591656,0.15410221404264546,0.5796784893485318,10.621972052237346,0.2164154667153818,-2.389898698257571,0.39312141859675104,0.15524406485038048,0.567834506486185,10.819061879542744,0.21181907739622055,,,3.0,flip,,,15.0,35.0,False
early,6h,False,1,6,14,,,,,3.0,13,1.5620211133934585,0.4893349101493106,0.5714285714285714,2.309466653003641,3.167567279228638,0.6041666666666666,2.2012769766518656,0.3812712255382403,0.06934263610300306,0.4067298824296908,7.540367730129542,0.14923553726147396,3.4928923330737183,0.3903696506497602,0.06453730973228747,0.41480213323412785,6.8579531188304275,0.15947216611799522,,,6.0,neutral,htf,2.0,10.0,50.0,True
confirm,6h,True,2,6,5,3.0,15.0,False,True,0.0,8,1.5440632000032513,0.9736647754479106,0.5238095238095238,2.538503277908303,1.7597927072037012,0.5833333333333334,3.7064192396042075,0.6100611051660432,0.16006976810578383,0.7558513213134435,13.403227378929243,0.2263823793419893,2.1921738181598727,0.6071799583654808,0.15835884547145662,0.7542214526133684,12.53595640194919,0.23381317094641413,,,,,htf,3.0,,,
early,2h,True,2,6,20,,,,,0.0,0,1.5385393904423044,2.4574729082670976,0.5952380952380952,3.6516647677617735,3.301523567551049,0.625,3.92928469901422,0.39051462829550565,0.07407973090529024,0.42224823312240783,6.994289973393535,0.1590487286947868,3.467033333298308,0.38933585905237467,0.07479314640245978,0.4333491587709304,6.851623109789929,0.1633439111070386,,,,,,,15.0,100.0,True
confirm,6h,True,2,6,5,3.0,15.0,False,True,0.0,8,1.532474498388102,0.5141130156733167,0.5238095238095238,1.9338800967086924,1.3498335812782323,0.5625,3.498400146940865,0.6176663113766847,0.16551403324888886,0.7697267765841316,14.19969331474331,0.22947015498732126,1.8385021861470645,0.6144059076920012,0.16418511898392352,0.7676384876905191,13.336090421558982,0.23663233818895896,,,,,htf,2.0,,,
early,6h,False,0,4,7,,,,,0.0,13,1.4277658331105239,0.4441168078438554,0.5714285714285714,0.8883600682310032,1.75083068594179,0.625,1.0302698885500006,0.21061330386115784,0.06208062131944461,0.2770919756273552,6.02566054765256,0.09531668754551739,1.5964560972264692,0.21654566281046134,0.05322836555406389,0.2714798165473944,4.738609107029534,0.09976110540161888,,,,,htf,1.0,25.0,40.0,False
early,6h,False,1,6,5,,,,,0.0,0,1.4170911570585383,0.489511932015712,0.5952380952380952,2.0851999795594702,3.0325984431433657,0.6458333333333334,1.6192463425891879,0.21588011751220648,0.07769474934857114,0.3029621069123014,5.237169508551439,0.12402402143054758,3.217742255134996,0.22124073486551332,0.06470541452850331,0.2915034868933014,3.9807689711822034,0.12544182889818917,,,,,,,25.0,50.0,True
confirm,6h,False,3,4,9,5.0,20.0,False,False,0.0,0,1.4068971589296742,1.9833125992923593,0.5714285714285714,3.3574905904933923,2.6314013321531604,0.5625,5.3259434237753185,0.6397112561694214,0.2754551395687165,0.9015029611642442,5.55468262568221,0.37128753407588777,3.4460946366946974,0.6491362324406776,0.26899678005860556,0.9057343136928169,4.331680479240585,0.38661825349676926,,3.0,,,,,,,
early,6h,True,2,3,14,,,,,0.0,0,1.380898051845002,2.0712724864776786,0.5238095238095238,4.773888619362145,5.268777678458844,0.6458333333333334,3.4454155435986706,0.41649853250294755,0.088145722636916,0.46503023812026656,9.487269008086416,0.17934076752811168,5.415993347785697,0.4217043166105966,0.08294868772876973,0.4690267849199742,8.506010631046568,0.1821830558188548,,,,,,,10.0,50.0,True
early,6h,True,3,12,7,,,,,0.0,13,1.326106917958133,1.616429914167838,0.5714285714285714,-0.4093504239978256,-0.21493212407111684,0.4791666666666667,2.250903926900902,0.22533883280002448,0.043739406182443846,0.26861850639783513,8.466460870428,0.0573430133205885,0.15714700474989518,0.2194799929119226,0.03993124391154453,0.2550640254085262,8.175469437399476,0.053519128440446,,,,,base,2.0,20.0,40.0,True
confirm,6h,True,1,4,7,7.0,10.0,True,True,0.0,8,1.2926041930674548,1.8942686531983473,0.5238095238095238,2.379826409787411,3.0420711925141073,0.5625,4.551605138431805,0.6267765645272647,0.15599926835597464,0.7627041003446013,12.98001470705716,0.24249729462070402,3.0606088157228823,0.6300639586739218,0.15623875323615333,0.7703755687641771,12.22071045036689,0.25353403100750205,,,,,htf,2.0,,,
early,6h,True,1,4,7,,,,,0.0,0,1.288158477700246,0.37793224472986353,0.5238095238095238,-4.349356239059281,-4.263780626837947,0.3333333333333333,1.1675656476538938,0.2192885465923185,0.08504669004367248,0.32250253088607217,14.649325856984309,0.12177801051199519,-3.9703808114475585,0.2224070411038248,0.08538041595925666,0.318291438383085,14.223112528973624,0.12187472041097694,,,,,,,25.0,35.0,False
early,2h,False,4,3,9,,,,,0.0,5,1.1837127680648332,-0.9324506070936431,0.5238095238095238,-0.34393631783604495,-1.200190758768575,0.4791666666666667,0.5157674233400851,0.2856104542501214,0.06809232676838678,0.34782510850017934,11.395817988342014,0.04975510243221243,-0.9523059681943757,0.2827614270104596,0.0677314210821801,0.3454793276248866,10.718278858987318,0.05363175807822747,,,,,htf,2.0,15.0,50.0,True
confirm,2h,True,1,12,7,21.0,15.0,True,False,2.0,0,1.1564674191247741,-0.8936297568586331,0.5238095238095238,1.0335685569969957,1.8168165492278867,0.5208333333333334,2.2955618105638225,0.7121208376556442,0.27234599441339163,0.9850711029430766,8.893971109535178,0.4032073326823279,1.6999830963040665,0.7072457341286373,0.2741482010166362,0.9819298586972822,8.165889182119981,0.3980693239888255,,3.0,2.0,flip,,,,,
early,6h,False,1,4,7,,,,,3.0,8,1.1047105501818624,0.17642005340963982,0.5238095238095238,0.37615579550520317,-0.3235775320032204,0.5208333333333334,0.5939605247108222,0.15325070224748044,0.04196274059302639,0.20490243158368576,5.867275205819732,0.06145924710658364,-0.26838886432052994,0.160002704525509,0.03598344233436657,0.19936736782567896,5.397059606110097,0.06523031045225977,,,3.0,neutral,htf,3.0,15.0,35.0,True
early,2h,False,1,3,9,,,,,0.0,13,1.1015854203764621,-0.545038743667894,0.5238095238095238,-0.30759205093508335,-0.31524830903510725,0.4791666666666667,0.7405793812775218,0.2067324131842885,0.042717938041288026,0.24154088588614145,8.744199068252325,0.061469233958355934,-0.3955447610007782,0.2095594696009102,0.043923950849377544,0.24745912279138638,8.743083513005992,0.06431427326245316,,,,,htf,2.0,25.0,50.0,True
early,2h,False,4,4,14,,,,,3.0,0,1.0681695347837792,1.794845956568274,0.5476190476190477,1.2970702808545038,0.5179916581553408,0.5625,3.412211449309982,0.4134591201803862,0.11042522295870473,0.5084371290721297,7.723859952207324,0.2002447498731684,0.8827122123699113,0.4106340094637653,0.10788954983230045,0.5035495855925546,7.766583249278923,0.19697768009179611,,,3.0,flip,,,15.0,50.0,True
early,6h,True,3,6,14,,,,,0.0,5,1.0020634772552313,-0.5742503664734502,0.5476190476190477,0.8877269497849579,1.4337899476565517,0.5416666666666666,-0.0027977765819339195,0.3354124029194912,0.046602359930950896,0.327071289242411,9.098409892044579,0.09844209994307657,1.4865056303912727,0.34363307209106353,0.04691719400720127,0.3437110700841083,9.079259428430793,0.10673240201862659,,,,,htf,1.0,20.0,50.0,True
early,4h,False,1,3,20,,,,,0.0,13,0.977143329882783,0.8971585179247211,0.5238095238095238,0.577038686689894,1.0376725532871671,0.5625,1.3934460219354934,0.21955500050842364,0.022127344274710616,0.19767456776893308,5.06759342815878,0.04526058001860407,0.9152515272533579,0.21715376428691213,0.022470281438296106,0.20210959593790911,5.067326721172172,0.04498661436279161,,,,,base,3.0,15.0,100.0,True
confirm,6h,False,1,4,9,7.0,10.0,False,False,1.5,0,0.9278581096193361,1.4078876534171065,0.5238095238095238,-3.164467876800876,-1.009803785006284,0.4583333333333333,3.9607714357645865,0.6957551504211666,0.2509808935329344,0.9445463762926016,11.865413710017831,0.3575215664520722,-0.40199699101581055,0.6989121801509979,0.24623030744235055,0.9426859125699716,11.239081632848887,0.3722745398709894,,1.0,3.0,neutral,,,,,
early,6h,False,1,6,7,,,,,0.0,0,0.8951673201543654,0.7276378418396102,0.5,2.5200585651106175,3.143582163481158,0.625,1.1675001608701265,0.2115734704681395,0.07467898866527287,0.2976072539091092,4.5711091093217,0.12332071013997516,3.569354736178482,0.21550720022282788,0.062451855033778245,0.2829608149359223,3.413735130859971,0.12297357641699488,,,,,,,10.0,40.0,True
confirm,6h,True,3,6,5,7.0,20.0,True,False,3.0,8,0.8731961156324517,1.166703006245091,0.5714285714285714,2.7965555544819782,1.21100665101356,0.5833333333333334,3.8637071393649967,0.6307701447021625,0.17145597638587706,0.7888748852654259,12.810171802869386,0.24439704525466593,1.6909891214506723,0.628830081763072,0.17367643559216497,0.792802607247518,11.916257399234464,0.2547646120371431,,0.0,2.0,flip,htf,2.0,,,
early,6h,False,3,8,5,,,,,0.0,8,0.758533129843549,-0.6221480727353994,0.5238095238095238,1.08181910423006,2.314124811517869,0.5625,0.8503861296817529,0.22796318844717406,0.06266322220216292,0.29720613063446,5.904143777180488,0.09943361891101143,2.4327311384026764,0.23011932248690406,0.04989764979065821,0.2832217333216979,4.583363207732529,0.10223925583392418,,,,,htf,3.0,20.0,50.0,True
confirm,4h,True,4,6,5,14.0,15.0,True,True,2.0,0,0.7357103872856952,0.9726243355568426,0.5238095238095238,3.484263689389637,4.646275929588888,0.5833333333333334,4.151894399901677,0.7401738236678326,0.24594609159434444,0.9842726792240153,6.704565974541243,0.3895274193799693,4.647897750134823,0.7399547539879745,0.2454284724503329,0.9847352217923887,6.597701473317043,0.3903466923593078,,,2.0,flip,,,,,
confirm,4h,True,1,8,14,3.0,20.0,True,True,0.0,0,0.5405084183706181,-1.7251373818484634,0.5238095238095238,1.3265508051630137,1.0322512512911353,0.5416666666666666,0.04210559554923088,0.42942697497033055,0.08725220123324706,0.47200309208146585,13.862521241684359,0.16447785538302306,1.4674378422776138,0.4304990614572524,0.08807528722135562,0.48403294228284016,13.394990886411076,0.16964111531280163,,,,,,,,,
early,6h,False,1,8,5,,,,,0.0,0,0.54049221364124,-1.3722164780107613,0.5476190476190477,-0.18678220090543257,-0.09171750365971458,0.5,0.10300721978979277,0.12585993226499453,0.0643396838772705,0.21240304456717157,4.642928420456791,0.09178975633286898,0.1558711622405559,0.12539623500196784,0.06169702231085053,0.19929642231194378,3.4295593840353686,0.09078397580735237,,,,,,,25.0,35.0,False
confirm,6h,False,2,8,9,5.0,20.0,True,True,0.0,8,0.5118122346238767,0.3195799799722973,0.5,2.828471739172527,4.704220651822765,0.5416666666666666,2.3465768725405427,0.47705819047132525,0.09431101048379403,0.5277219024636268,7.033038519961832,0.1886885460426045,5.138419889718807,0.4877257478161423,0.09057205565497117,0.5394274809873026,5.775528104651574,0.20562029059287928,,,,,htf,2.0,,,
confirm,6h,True,3,8,20,5.0,15.0,True,False,0.0,0,0.4859692693939913,2.6008822888996384,0.5,4.573811829335211,6.407334193848307,0.5625,4.588571993634549,0.6172479308193883,0.20701662603048637,0.7998084658807803,8.365586919355305,0.33075791110751473,6.371333664066727,0.620457623503315,0.21824611692088408,0.8198791174921193,8.35769232709418,0.34284786290464087,,0.0,,,,,,,
early,2h,False,4,8,9,,,,,3.0,13,0.4632492235313221,0.12153757059554496,0.5476190476190477,-1.1575013531566776,-2.1085921227914617,0.4375,1.3350242677362802,0.1978631118624034,0.04358387610788803,0.23864600057934343,8.120417223299398,0.04880631818391852,-1.873650016063202,0.1994265595197332,0.04404593397560891,0.24154080073677303,8.339852924366522,0.049911211656328267,,,3.0,flip,base,2.0,25.0,40.0,True
early,4h,True,3,3,5,,,,,0.0,13,0.4025665113606234,0.8889658373387809,0.5238095238095238,-1.177473878252214,-0.9741351730725106,0.4791666666666667,1.522231412710043,0.1316756420807963,0.0469115494470511,0.19412291852381502,7.277847156077383,0.036604142889760785,-0.6735160654916768,0.12656036078744407,0.045459871139368294,0.18117639153191561,6.668133574474982,0.03328073114931219,,,,,base,3.0,20.0,35.0,True
confirm,6h,False,0,8,14,14.0,20.0,True,True,3.0,3,0.39240623901138605,-0.47867138433936174,0.5238095238095238,-0.2459669672241474,0.5231212270104557,0.4375,0.05445732723638169,0.2976465201687032,0.038430328722262236,0.2891674485137242,7.36945568549444,0.06043990130521868,0.9204733544341561,0.31100070840353633,0.04071295520727547,0.31091470037821767,6.878680216674924,0.07477005868296298,,,2.0,neutral,htf,3.0,,,
confirm,6h,False,1,4,9,5.0,10.0,True,False,0.0,5,0.29501944533405167,-1.4192983647192259,0.5,-0.4024778070127679,-1.300980914262171,0.5,0.6781639757182596,0.5730083389080672,0.18191025145951342,0.744503791165424,15.829579109227897,0.19743280731537804,-0.8087592089992626,0.5842651056495685,0.1782187517788585,0.7561735642974501,13.817019328876954,0.22558697515040618,,1.0,,,htf,1.0,,,
confirm,6h,True,2,6,5,3.0,15.0,False,True,0.0,13,0.29085810994554384,-0.3305775984931237,0.5,-1.8211870011021434,-3.409226563985189,0.4375,1.3340343612449164,0.5021089360250715,0.13672469435877593,0.627317232077796,15.912390027481166,0.12300403269970976,-2.813574601140857,0.49364536995077524,0.1356865129941341,0.6188772214980376,15.460486615538287,0.12250820747770853,,,,,base,3.0,,,
early,4h,False,2,4,5,,,,,0.0,0,0.2844611619291381,0.41463377713078975,0.5,-0.3435628624202664,-1.0074537222854598,0.4791666666666667,1.844285521611728,0.21844890543563658,0.11295495905779668,0.3579920757711056,6.733789844778081,0.14343860134451714,-0.9220839701288037,0.21856436969731036,0.114969025692412,0.35000857698097454,6.350394468244698,0.1428765977991781,,,,,,,25.0,40.0,False
early,4h,False,1,12,7,,,,,0.0,3,0.2730922044041023,0.7028828844484063,0.5,-1.068328293103467,-1.2730615569156238,0.4375,1.3465708533085725,0.10622935756718255,0.025113367468133266,0.13873979441364484,4.970620475132404,0.023939169590376126,-1.0821509942421421,0.10327873881741165,0.023469008754734684,0.1313954142212603,4.601349234745918,0.024627429173864165,,,,,htf,2.0,15.0,35.0,True
early,2h,False,3,6,20,,,,,0.0,0,0.2551080981864509,0.27519157556708196,0.5,1.0830652407416006,2.8684178759859473,0.5833333333333334,1.1311926366483067,0.2907635605158846,0.0791338026843641,0.3493906014103868,4.9969832945309385,0.1451865711256692,2.794798671397991,0.29256412773037455,0.07987233232554222,0.3559751209845081,4.828058120932629,0.14686791668494467,,,,,,,20.0,35.0,False
confirm,2h,False,0,3,20,14.0,15.0,False,True,2.0,0,0.21092244584220143,1.1500622586246654,0.5,-0.33279088715186567,0.35605336256631154,0.5,3.3248585637267722,0.5570456131767023,0.132441255442399,0.6566316918076298,10.470766073548834,0.2355227433854526,0.45423727358093435,0.5559524847547235,0.1384470972776099,0.6670061475656279,10.291282140664643,0.2420244114842484,,,2.0,neutral,,,,,
early,6h,True,2,3,20,,,,,0.0,8,0.20051458107374687,-1.1571342830459184,0.5,2.539150144091206,0.28895913391426786,0.5625,0.17964774787979665,0.5485681284671579,0.12380834272382787,0.6340980347151937,15.697131205903775,0.19124817302133895,0.7552435879184063,0.5497702325043539,0.11774401734397852,0.6337692500975656,14.209021495748239,0.19546686501130173,,,,,htf,1.0,10.0,100.0,False
early,4h,False,4,12,9,,,,,0.0,0,0.196298851586002,1.4193937626733824,0.5476190476190477,1.1938093724392536,2.0402840833480074,0.5416666666666666,2.375764309139245,0.2367049805810239,0.07346509813035212,0.3242548483194687,3.716675122413382,0.14177944144439694,1.9238412832054896,0.23316570055819497,0.07373700788503118,0.31352831791595964,3.449412104470759,0.13778632644236263,,,,,,,15.0,35.0,True
early,4h,False,4,6,20,,,,,0.0,13,0.16576182803212924,0.2544934911877869,0.5,5.640234528462283,4.744523570191965,0.6666666666666666,1.183042843357462,0.4483055612300779,0.08673474149072011,0.4857579395178825,5.926306615195628,0.18501784960435783,4.641150610882098,0.45593494023025716,0.08705421081862211,0.5009771830705617,5.690187217684061,0.18923808421193977,,,,,htf,2.0,15.0,50.0,False
early,6h,False,0,3,7,,,,,2.0,0,0.163357350855815,-1.7813010220234493,0.5238095238095238,-0.8177027988086636,-1.5379077703542705,0.4583333333333333,0.17392506653441764,0.28849259010426787,0.0760875898240477,0.3607369678694412,12.166426077175553,0.11318704024380666,-1.5662873503502233,0.29853461828761074,0.06873979665409899,0.35664030071381014,11.599049908197282,0.1182549285886978,,,3.0,neutral,,,15.0,50.0,True
early,2h,False,1,12,7,,,,,0.0,13,0.14927549622315037,-0.4862211870608184,0.5238095238095238,-0.724716232827425,-0.5670009868762339,0.4583333333333333,0.8700456856377428,0.22449716369200823,0.06253722862557368,0.2886351539270791,9.783510731022439,0.058177518081604235,-0.3096106112656998,0.2202062938463976,0.061462843890035805,0.2847487378468093,9.268835042583898,0.058349255645593,,,,,base,2.0,20.0,50.0,True
early,6h,False,1,6,20,,,,,0.0,0,0.1265063385784805,-0.05161641393036581,0.5,1.0748522946327528,1.7992984724869132,0.6041666666666666,0.19174030237964476,0.11759958040693835,0.026554744597301793,0.12624984461226496,1.299727218081631,0.05773359290943644,1.5968271520435393,0.13478960373866927,0.03051535349833328,0.15405042518374729,1.2230682269441702,0.07173278504677034,,,,,,,25.0,35.0,False
early,6h,True,1,4,9,,,,,0.0,8,0.09239151459466771,-0.16150062186152764,0.5,0.21454143990799016,-2.1286938642012814,0.5208333333333334,0.7240545866164896,0.30053542142656514,0.08603999486842537,0.3976667741639246,15.649918519038879,0.12326958148295566,-1.7637143459232494,0.30133231989592046,0.08417047973113545,0.3898459450941144,15.19728363190278,0.12226729800375569,,,,,htf,1.0,20.0,35.0,False
early,4h,True,1,6,7,,,,,0.0,0,0.05752362019354639,0.6206347177600674,0.5,-0.7814829397808525,-0.31857696536685626,0.4583333333333333,1.6346273055598597,0.2463255930314225,0.08602276156876751,0.3507899189291912,12.930813524898086,0.12435709447689879,-0.16075960369942743,0.24944953383514884,0.08202669301386131,0.3438982905436883,12.150644366184132,0.12362881788783994,,,,,,,10.0,40.0,True
confirm,2h,True,1,12,14,10.0,25.0,True,True,0.0,13,0.033424181058408456,0.5463463699684232,0.5,-0.4795850774964521,1.2435259438092203,0.5,1.413874384933584,0.38631094991183024,0.06682813408427657,0.40932181376023746,6.638439813264142,0.13109419207839385,1.3870324116519488,0.38086516637773904,0.07492049141492182,0.42301072717114685,6.5746707177673125,0.13519057374242444,,,,,htf,2.0,,,
early,6h,False,4,4,14,,,,,0.0,0,0.01705405578045875,0.9035186851955398,0.5,5.605857678638344,5.667090314989643,0.6666666666666666,1.5186337308240323,0.47283637310070026,0.15248838998237518,0.6160622980589505,5.427638885195881,0.27642898637628704,5.488945751566361,0.4664152314959812,0.13712845863463669,0.587617104408175,4.553003598611133,0.26491191353887733,,,,,,,15.0,40.0,False
confirm,6h,True,2,6,7,7.0,15.0,False,False,3.0,5,-0.03205767708799534,-0.917747313067848,0.5,-2.72487322193567,-3.3591114163986986,0.4583333333333333,1.2123166676369765,0.6068701642106149,0.1847169828711837,0.7819877164840763,17.346754672935155,0.18492711263532896,-2.870061789915478,0.6096221536189237,0.18736928627574642,0.7904977097625464,16.43280667512112,0.19758779532807955,,1.0,6.0,flip,htf,3.0,,,
confirm,2h,True,1,8,5,21.0,10.0,False,False,1.5,0,-0.054851822767518654,-3.6431774391415095,0.5,-5.507370119157786,-4.004978160840104,0.3333333333333333,-0.2873283849821342,0.7456478000453796,0.25435219995462044,1.0,11.484656138875458,0.33200877062811246,-4.062472690884231,0.7393605493820161,0.26063945061798377,0.999990249880041,11.001103986256341,0.3328988079060311,,1.0,2.0,flip,,,,,
early,2h,False,3,4,20,,,,,0.0,13,-0.061454387697958024,-0.4365313115446713,0.5,-3.44175900888505,-0.8642694655720784,0.4583333333333333,1.1121781775198194,0.4622784733954085,0.11066346319413872,0.5631207158027951,12.282049127017794,0.15324649352920922,-0.45246838994991556,0.45910655336908535,0.1139243172830069,0.5620388616615559,11.952753595402243,0.1574290898040826,,,,,htf,3.0,10.0,40.0,False
early,4h,False,0,12,5,,,,,0.0,8,-0.11072049169623753,0.8547617495594512,0.5,0.3450855902178369,0.28172462291338257,0.5208333333333334,1.4830857018743613,0.18190065569355074,0.046558885318873776,0.23783923517175481,6.017461874246685,0.07271541239596323,0.4068269437619053,0.17629985191115277,0.04484035956648619,0.2259285443266574,5.56297078611493,0.07007860558650686,,,,,htf,3.0,10.0,50.0,True
early,4h,True,4,3,5,,,,,3.0,0,-0.12403388459111941,1.0228962982490108,0.47619047619047616,0.3966227829866711,-1.5083365857744422,0.5208333333333334,2.2659991077553117,0.20402344693033464,0.09842361968479837,0.32841744216771446,8.236457931991534,0.12021244260291243,-0.9838494931673238,0.19906243718655764,0.09390021485470376,0.3078463892759654,8.03420274889219,0.10998572741021431,,,3.0,neutral,,,10.0,35.0,True
early,6h,False,3,8,7,,,,,3.0,0,-0.18524797639922075,-0.1374402544938817,0.5,-0.29536006309633245,-0.1569524528351308,0.4791666666666667,0.7722907086681693,0.29652795236355955,0.1343673567431574,0.4707843923593087,6.157934620523461,0.2066218779359223,0.3402515622661565,0.29686634787576716,0.12217347656294439,0.4428023282856091,5.585578143334865,0.19827179651776564,,,3.0,neutral,,,15.0,35.0,False
early,6h,False,1,4,5,,,,,0.0,0,-0.2639479174791085,1.1295879790277061,0.47619047619047616,3.657314921286276,4.97743666201501,0.625,3.9409787485163355,0.5388464854903756,0.18236463487539734,0.6998516276873739,7.326009157401115,0.2927014891919188,4.812592916238685,0.5439002664345902,0.1713287030842777,0.6959532268367671,5.888406564482238,0.3036292650139729,,,,,,,25.0,100.0,False
early,4h,False,3,3,14,,,,,0.0,8,-0.29802865772315146,0.3640749278843349,0.5,1.8465069142045647,1.6006982975282575,0.5208333333333334,1.7977183823982694,0.43769839083674633,0.08481984417881337,0.49058782950422414,9.212139420664673,0.1549685729348485,2.102923700793378,0.4361497517877715,0.08771112390505895,0.4955269798874107,9.394440904602838,0.1582448313985258,,,,,htf,3.0,15.0,50.0,False
early,4h,False,1,3,9,,,,,0.0,5,-0.31812397584702456,0.18863074738531707,0.5,-1.213624474660426,-1.4324781582951445,0.4166666666666667,1.1015032167581846,0.1043071281385812,0.017869957340262976,0.12323794458490663,5.767573628871695,0.0,-1.4301184758144083,0.1007712856238718,0.01720986150246769,0.11697159225108092,5.488518798905865,0.0,,,,,base,3.0,10.0,35.0,True
confirm,2h,True,0,4,7,21.0,15.0,True,True,0.0,8,-0.35359785402044897,-1.7716905589713545,0.5,-2.448187893981279,-3.9191596308816643,0.4583333333333333,0.1736622104900789,0.5213093547698633,0.13955574822267175,0.6514485756746575,18.542277123062295,0.13509266107270856,-3.3488235116720837,0.5147648018390119,0.1434615143570379,0.6506127087314395,17.97027291700062,0.13835688565209378,,,,,htf,3.0,,,
early,6h,False,4,6,14,,,,,0.0,0,-0.3581575345557014,0.20854835832678473,0.47619047619047616,2.984079194626096,5.01037702373839,0.625,0.2027509840641124,0.3163502893713894,0.10125985794401048,0.3992904187624401,3.1647818849331113,0.18641552398609684,4.813072752782047,0.3108268185413666,0.08678685285927258,0.38058169983716117,2.546782247989951,0.17708917821712994,,,,,,,20.0,35.0,False
early,6h,False,4,3,9,,,,,0.0,5,-0.3750963194932351,-0.6905083166925788,0.47619047619047616,0.5541151353687903,1.6247470712310381,0.5416666666666666,0.5305760120172647,0.33340999218596523,0.05162587197962187,0.33841359981057517,7.651860716741314,0.10291396465626075,1.6534572768589404,0.33615211553756164,0.048567320821890254,0.3438335976676473,6.456747018295182,0.11470575718654237,,,,,htf,1.0,20.0,100.0,True
early,4h,False,2,8,5,,,,,2.0,8,-0.43777682029328313,-0.5311006952219661,0.5,-0.3567338640783966,0.4492366049356609,0.5,1.2739574064996027,0.5263115933524849,0.11756841107908395,0.6195628770681062,11.618171535857536,0.19530815862103373,0.509456684980407,0.5202782508349286,0.1256994418781708,0.6280031619691134,11.43883442765473,0.20184689548048662,,,6.0,neutral,htf,3.0,25.0,100.0,False
early,4h,True,4,6,20,,,,,0.0,8,-0.4807068041471637,0.2661376373419771,0.4523809523809524,0.9098471131081018,1.8720208373285887,0.6041666666666666,0.7019793365311028,0.1954780255609599,0.02209200768229215,0.17474988649179737,3.679292211002048,0.05724079623088349,1.9043619887079015,0.20240083354568067,0.024339091076565324,0.195971169497344,3.785183937929541,0.06643710575324412,,,,,htf,1.0,25.0,40.0,True
confirm,4h,True,3,8,14,14.0,20.0,False,False,0.0,13,-0.5146205196553035,-3.8642082808835956,0.47619047619047616,-5.458057509223291,-4.9898176238695555,0.3541666666666667,-2.5187751728852232,0.48346788300366794,0.11608610964567757,0.5785220606786865,18.163099102574417,0.1094688868286117,-4.544196476999861,0.47728060016774143,0.1202367097135525,0.5792329478412209,17.59989182116691,0.11010563929627157,,5.0,,,base,2.0,,,
confirm,6h,True,1,4,20,14.0,10.0,True,True,0.0,8,-0.5196887275220675,-1.209597138581462,0.4523809523809524,-2.4437631639645234,-3.4945417703549317,0.4375,-0.5611301356502385,0.3676670788419609,0.06655432822818308,0.40341905280299006,14.843300865140765,0.044507482521452715,-3.2274769613751455,0.3630506726006981,0.06281861616431003,0.3980256430095537,14.396543409175129,0.043099754575975896,,,,,base,3.0,,,
confirm,2h,False,4,4,14,21.0,20.0,True,False,0.0,13,-0.5209208411854999,-1.3588380522230363,0.5,-1.6479060928548819,-1.8654550288577598,0.4583333333333333,0.3457324398798576,0.5316273591887488,0.1390991950030217,0.6389979086172561,12.378148494205547,0.1804901091427868,-1.6861520875538034,0.5319315300124048,0.14526536133526569,0.6546660020346333,12.029060180981558,0.19028806261987039,,5.0,,,htf,1.0,,,
early,4h,False,3,3,7,,,,,2.0,0,-0.5292574352801283,-0.923761177433567,0.47619047619047616,-1.1673471789782943,-3.6356810311294105,0.3958333333333333,0.7985447296788448,0.274094978445931,0.08955360023648451,0.3740808464234938,11.909977662494933,0.1274026780624189,-3.144813153458605,0.2702131598869482,0.08468492890893631,0.3607121594795324,12.188674329507322,0.12179704896653643,,,3.0,neutral,,,10.0,40.0,True
early,2h,False,3,3,5,,,,,0.0,13,-0.535823006524925,-0.9824008850981869,0.47619047619047616,-1.3554517771380359,-1.8615205064771432,0.4166666666666667,-0.1938047200787354,0.16096627926164095,0.06369990883345789,0.23434048727354473,8.892778947815506,0.04828220303099391,-1.4039766780427667,0.15192607079298798,0.06366275339948835,0.21969928889139456,8.116349376340104,0.04804980592488458,,,,,htf,3.0,15.0,40.0,True
early,2h,True,2,3,20,,,,,0.0,3,-0.5676497710903807,-1.512222147028977,0.47619047619047616,-1.9604376028762163,-1.3526540601157688,0.4166666666666667,-1.22670663316085,0.16442667036601333,0.020354440862324213,0.15163707957163147,7.28589188300164,0.0032360614183759833,-1.4745773302419232,0.15625747318116612,0.020856257966937894,0.15472203202712131,7.3020172958890175,0.003486920792741464,,,,,htf,3.0,25.0,100.0,False
early,2h,False,1,6,20,,,,,0.0,8,-0.5840673183291344,-1.3497367951551928,0.42857142857142855,-0.4096625930418257,-1.3693315402323305,0.4583333333333333,-0.5452258671658566,0.174024347747832,0.020233578272571197,0.15951916682129952,6.635919307817159,0.0188950914676992,-1.49841082339015,0.15871349520693206,0.020966843461579537,0.1556256545021092,6.3602755212831195,0.018737432086379104,,,,,base,1.0,25.0,50.0,False
early,2h,False,1,6,20,,,,,0.0,0,-0.5858205225695017,2.32739252191758,0.47619047619047616,3.14517258502332,3.1116705570451626,0.5416666666666666,4.307902525058228,0.5535800420295577,0.16341674840221213,0.7048232199815487,11.781973916657956,0.26647911649693506,3.2370110985579768,0.5437193753749965,0.16876015213278603,0.6986181774543394,11.242794855938376,0.267333527678378,,,,,,,10.0,100.0,False
confirm,6h,True,2,3,7,3.0,20.0,True,True,3.0,13,-0.5908240753473168,-1.2107499300848887,0.5,-3.4299115160150278,-2.423846077280451,0.4375,0.5919370843494256,0.49159458350247687,0.11465096391413859,0.5862762412508318,15.816041674197495,0.11682535604119149,-1.893546583925309,0.48673396481801134,0.11432523284822886,0.583103530958526,15.296108082166395,0.11652707606384963,,,2.0,neutral,base,2.0,,,
early,2h,True,0,6,20,,,,,0.0,0,-0.5916813854714473,-1.52889126940665,0.4523809523809524,-3.721433965068118,-3.6987961659783255,0.3958333333333333,-0.09510100671141686,0.3454628985248538,0.06173637797389464,0.3757336080311178,17.43003329848569,0.11339567710939366,-3.458517324202665,0.3404373178663098,0.062186897903845156,0.3759924982542893,17.132285054304425,0.11383111111727286,,,,,,,10.0,100.0,True
early,2h,False,1,6,20,,,,,3.0,0,-0.6191730334099095,-0.4739971380609025,0.47619047619047616,-0.4601604434626178,-1.4967347150326082,0.4583333333333333,0.698091177369502,0.24500746620792166,0.04042873031376047,0.24392060314652328,6.073019691750547,0.08853608006905982,-1.1001699807902146,0.2288205217047268,0.042187999204197364,0.24295908962041812,6.27475081056711,0.08757142720031619,,,3.0,flip,,,25.0,50.0,False
confirm,2h,False,4,4,5,10.0,15.0,False,True,0.0,13,-0.644350771922044,-0.5082044522579668,0.47619047619047616,-1.9333729063446392,-4.3545836835886735,0.4375,1.3274175826380055,0.51181225234793,0.16879652258004346,0.6725203378960631,16.039214858180195,0.13094795455676295,-3.7535190860105834,0.4975287591726457,0.17057275531415905,0.6636419410934424,15.583685027956276,0.13163564897960944,,,,,base,3.0,,,
early,6h,True,4,6,5,,,,,2.0,0,-0.6496228019270393,0.11566775092240392,0.47619047619047616,-1.798218573060821,0.32692967607268986,0.4583333333333333,2.2950950934245054,0.5429526107302821,0.22787715602347547,0.7967191364528086,13.435953388258909,0.30966540820970534,0.8253384501344505,0.5367924563553435,0.22197710349878613,0.7775957941176626,13.420325936100003,0.3041699648172258,,,6.0,neutral,,,15.0,50.0,False
early,4h,True,1,6,20,,,,,0.0,0,-0.6996750722354611,-0.7915285605788791,0.42857142857142855,1.6154410861801334,1.3766183153979021,0.5416666666666666,0.19623286343049529,0.2567664921410062,0.048591138552623175,0.2641977419331667,8.122774218216191,0.10884600062767055,1.4060180489717928,0.26596693243783043,0.04971260725343185,0.2862494252913973,8.334712562526498,0.11667529174538223,,,,,,,25.0,100.0,False
early,4h,True,3,3,5,,,,,2.0,8,-0.7911011410309895,0.7713850506758753,0.5,-0.1510919025529866,-1.0681889985328994,0.5,2.1969024410502107,0.3331531363067708,0.09805430829119312,0.4423469521139073,13.707783098652834,0.1092262396585541,-0.9268736885537224,0.3290038827515501,0.09828847074838343,0.433006099836197,13.337324270531983,0.10776243159380001,,,3.0,neutral,htf,2.0,10.0,50.0,True
early,6h,False,0,8,7,,,,,0.0,13,-0.7957312006135153,0.033225158763327954,0.42857142857142855,-0.32533974728690684,-1.192846475889881,0.4791666666666667,1.2890981990559431,0.281287952724783,0.06000026911292483,0.3370771026101915,8.53628599839665,0.07395427449644663,-1.1732596260903088,0.27151640265908494,0.04966702638755491,0.3114217916937557,7.66250687521776,0.06880519035739321,,,,,base,3.0,20.0,50.0,False
confirm,6h,False,1,3,14,21.0,25.0,True,True,3.0,0,-0.8533635557408905,0.6272655292441474,0.47619047619047616,2.8458291719931776,2.554512559275439,0.6875,0.9756330873801748,0.41340833618945916,0.10213526504141893,0.46714248092737776,2.5067286829174558,0.2138035365805016,2.5435978287452325,0.42167589622522195,0.11297388871455327,0.5067465231543922,2.530698689573307,0.23112914396707274,,,2.0,flip,,,,,
confirm,4h,False,3,6,20,3.0,20.0,False,True,3.0,5,-0.8636644829025526,-0.7315419292962787,0.47619047619047616,0.5564840827913323,-0.8456637489809534,0.5208333333333334,0.06135285391750278,0.27224723747069035,0.04270060487260615,0.2704715706234136,7.004171544136025,0.06830774018253762,-0.3945126778041814,0.2834681405173486,0.041366786859681884,0.29127523967135416,7.372444224801548,0.07342074935805543,,,3.0,neutral,htf,3.0,,,
confirm,4h,True,4,3,14,5.0,15.0,True,True,0.0,5,-0.9930647185998086,-3.9463224118121323,0.47619047619047616,-1.7340987990163095,-2.9576905062203025,0.4375,-1.7829155096447589,0.5488776857051623,0.12843829027513026,0.6521653666102589,18.719083625623377,0.15054048865270048,-1.913546300320442,0.5513972825169446,0.12880007810900015,0.6554891097185855,17.905245243396834,0.15637140520676684,,,,,htf,1.0,,,
early,2h,True,0,6,20,,,,,0.0,0,-1.0643062803260759,-1.537822041623982,0.42857142857142855,-5.372986434895866,-3.800447793396607,0.3958333333333333,-0.2831655748352264,0.30053181075410784,0.04512061507536695,0.3053489630705838,15.794369894584353,0.09374942258261296,-3.8329903849476374,0.2991299291926665,0.046629198555788995,0.31479785725971104,16.11245685810113,0.09675560462410185,,,,,,,15.0,100.0,True
confirm,4h,True,3,12,7,21.0,15.0,False,False,1.5,0,-1.0882012519537092,-3.772085768374996,0.47619047619047616,-2.5155880125333185,-3.675642480619583,0.4583333333333333,-1.2014947688189832,0.7558943563929239,0.24360082620621323,0.9995103839646131,11.162159615133895,0.3351264833741575,-3.2015473162855326,0.7566325232816853,0.24280875104462454,0.9990163367864509,10.889585299234689,0.3382637345125543,,0.0,6.0,flip,,,,,
early,2h,False,0,6,20,,,,,0.0,5,-1.0919137050753536,-0.967689693444794,0.4523809523809524,-3.160711595659058,-2.9081675451305578,0.4583333333333333,0.4431652158351451,0.36350592295914974,0.07819588140855202,0.42530758099585453,12.940933504546944,0.06079468414687786,-2.533821731392392,0.36332367217866923,0.08147056804013722,0.42839679293454014,12.481305926143397,0.06616049358016843,,,,,htf,3.0,10.0,50.0,False
early,2h,False,2,12,20,,,,,2.0,0,-1.1034463885677974,-0.7399461278763366,0.42857142857142855,-2.4287415377629573,-0.5439066884025648,0.4375,0.6018358623343103,0.374952306460543,0.07500578788234114,0.4141603895233609,9.141890169335246,0.15226047533771214,-0.3449238243255466,0.37524503795223835,0.07876855668861928,0.42346334952128006,9.244657885378416,0.15515334239255607,,,2.0,flip,,,15.0,50.0,True
early,4h,True,2,12,7,,,,,3.0,8,-1.1077496111439715,0.05201322478094764,0.4523809523809524,-2.0866557475521743,-2.622045143883892,0.4791666666666667,1.1974068555855353,0.25189406584166096,0.04679473571163996,0.29035302981839445,11.709725338581238,0.03395848967303981,-2.1514599536889465,0.24884674680465407,0.045590167037630136,0.2857810138954757,11.530349352614108,0.03233647987778179,,,2.0,neutral,base,2.0,20.0,50.0,True
confirm,6h,False,0,3,14,3.0,15.0,False,False,2.0,0,-1.1152644170771147,-3.8959143444468602,0.5,-3.171614721858442,-2.60212181477053,0.4375,-0.025734522775250568,0.6019257785743228,0.29301110109340833,0.8804114543278134,10.070864828688816,0.3377429861072567,-2.3584877624379375,0.6077042497625659,0.2895612768243058,0.8879639679586481,8.776144604834698,0.35274319218642236,,1.0,2.0,neutral,,,,,
early,2h,False,0,6,14,,,,,2.0,8,-1.1437297556917572,-1.6877829658200496,0.42857142857142855,-3.304755063626301,-3.5410094120962867,0.4375,-0.2339050720416831,0.2742692701462966,0.06269543418192819,0.33190438584683435,12.357817734566932,0.06668373352756231,-3.2691022137284187,0.2802406795660487,0.06356883992578499,0.33849878829146707,12.261059089289999,0.07055648901558366,,,2.0,flip,htf,1.0,10.0,40.0,True
early,4h,True,1,3,20,,,,,0.0,8,-1.2200681928093982,-1.8310516686335256,0.38095238095238093,-0.6367015872177781,-1.5711069971074794,0.4166666666666667,-1.6355029497666917,0.1575286792156682,0.02235383155715793,0.1515463008039173,7.983186686519399,0.015836261990165024,-1.4691303395816346,0.1687290986648032,0.024570907233146585,0.17034486719415584,8.544599090300945,0.017986070251613757,,,,,base,3.0,25.0,50.0,False
early,4h,True,1,4,20,,,,,0.0,13,-1.2205740405846373,-0.973230014193593,0.47619047619047616,1.8100187341352105,0.579087006075108,0.5208333333333334,0.3557277533637284,0.4742003076368039,0.11360976098926096,0.5725102146245642,16.30547018287986,0.17646272683172254,1.0654874399242567,0.48492397512336,0.1117127961545362,0.5788686199861921,15.935356195611735,0.17985492599294714,,,,,htf,1.0,10.0,35.0,False
confirm,4h,False,4,6,9,3.0,25.0,False,True,3.0,13,-1.2207062227094068,0.19009018993061405,0.4523809523809524,1.6984502658262,3.211789684909396,0.5416666666666666,1.4794370252113076,0.48205257643572474,0.09139492664094943,0.5247018545862188,7.288433358274772,0.1944601176177559,3.5771591191418417,0.4792722689162949,0.09784176415757315,0.538826827869574,7.258455900975559,0.19774923449129997,,,3.0,neutral,htf,2.0,,,
early,2h,False,1,4,7,,,,,0.0,0,-1.245582548443952,-2.899688613700962,0.5,-3.6756005674939147,-4.099909676450872,0.3333333333333333,-1.010723866541141,0.42462532811273634,0.21479165139822784,0.6536842629127594,15.643528711866436,0.2219359040725035,-3.5119089647534047,0.4139254195715638,0.21119540574307097,0.6386519666825925,15.272688833994525,0.21911294174346202,,,,,,,15.0,50.0,False
confirm,4h,True,1,8,14,3.0,25.0,False,True,0.0,0,-1.2727300048014616,-1.6124558177060873,0.47619047619047616,-1.0702525160320926,-0.8776691848749328,0.4375,-0.6076155025090872,0.37361332975811945,0.07640487142454973,0.3986499281801251,12.990307784995691,0.1376870689989102,-0.2512498063638732,0.3775186615279628,0.0751287825333449,0.41794323494784535,12.987747604486552,0.14508759563623813,,,,,,,,,
early,4h,True,4,4,9,,,,,0.0,0,-1.332029913489812,1.7371536167859725,0.47619047619047616,3.3717629036247327,2.683680192865038,0.5625,4.320849004297196,0.46036699138085824,0.20251298213401775,0.7031941680384293,7.5367946750148,0.2748358638767019,3.5565450408677424,0.45932774991304304,0.19748534769920806,0.6846990015507799,7.136174748143278,0.2694369188147365,,,,,,,10.0,35.0,False
early,4h,True,4,4,9,,,,,0.0,0,-1.332029913489812,1.7371536167859725,0.47619047619047616,3.3717629036247327,2.683680192865038,0.5625,4.320849004297196,0.46036699138085824,0.20251298213401775,0.7031941680384293,7.5367946750148,0.2748358638767019,3.5565450408677424,0.45932774991304304,0.19748534769920806,0.6846990015507799,7.136174748143278,0.2694369188147365,,,,,,,10.0,35.0,False
early,6h,False,2,8,14,,,,,3.0,8,-1.365369368438769,-1.053989582671812,0.40476190476190477,-0.7893613503309501,-0.44252493250179387,0.4583333333333333,-0.6526802674984878,0.13259902597458623,0.016735839155840752,0.12535881269019705,3.7453865089936684,0.04161831216461734,-0.09013677963785705,0.13633551738230254,0.018739695016973316,0.1336795871397276,3.9118042946824363,0.04501004824141306,,,3.0,neutral,htf,3.0,25.0,35.0,True
early,6h,True,2,4,14,,,,,0.0,8,-1.4066921590471648,-0.9801771971375393,0.35714285714285715,0.5196978983109448,0.5207053424882422,0.5,-0.3802759775569856,0.23664033783891308,0.046621998644005,0.25325861222381696,9.152193346578796,0.08409764700189754,0.6828698463257963,0.24930634124235623,0.04535270856739054,0.27257995533216717,9.366826785057292,0.09122186218371892,,,,,htf,1.0,25.0,35.0,False
confirm,6h,True,0,8,20,5.0,10.0,False,False,0.0,0,-1.4221924083860313,-2.3227655312536317,0.47619047619047616,-1.122168240722966,-4.056532129474347,0.4166666666666667,0.9673270881398406,0.7029220603003036,0.28256715049646763,0.9834575356475235,14.195207209454583,0.3338702521502366,-3.2613517959670886,0.7041169781536293,0.2850875628449585,0.987233533698765,13.017968507582001,0.3390475444946213,,5.0,,,,,,,
confirm,2h,False,2,3,9,5.0,20.0,False,False,0.0,0,-1.4309451831498967,-1.5872782344219303,0.47619047619047616,-5.017282603300579,-5.164069410445138,0.4583333333333333,0.06654191001282816,0.6122980888694274,0.3344150908081585,0.9405986507957662,12.78546627551317,0.3115165935751504,-4.883903401900227,0.6096658729831578,0.337871144275225,0.9445052945259309,11.863170219177306,0.31473479050693,,5.0,,,,,,,
confirm,2h,True,0,8,9,14.0,10.0,True,False,0.0,13,-1.4551316625038346,-1.3675046382540823,0.47619047619047616,-1.4881677539781546,-2.427612222468625,0.5,1.7299153285514133,0.583746817418479,0.18290174573719406,0.7584339799799773,17.14227120395406,0.20230364222786726,-1.6590726728033012,0.5773478598528236,0.18858088351216787,0.7615905563680073,16.539543433061592,0.20459570454903575,,1.0,,,htf,2.0,,,
confirm,4h,False,2,4,5,7.0,15.0,False,True,2.0,5,-1.4865607027366567,-2.8255080065203964,0.5,-1.6184767199231094,-3.762048131442373,0.4791666666666667,-0.25323691516718094,0.5582539691412078,0.15335845950481308,0.698720388582762,16.812228363457407,0.1660422162424318,-2.9055149285707023,0.5529517597299106,0.15844630004915836,0.7008422731378321,16.3991758818775,0.1722565802110281,,,6.0,flip,htf,2.0,,,
early,6h,False,0,6,7,,,,,2.0,5,-1.52847645917362,-1.4823000367766608,0.47619047619047616,0.1682965824209932,-1.179924451386101,0.5208333333333334,-0.0406095099665047,0.3365428881434437,0.05574661927478987,0.3511657283703171,10.877515967416588,0.09608590891268279,-0.48961914943974916,0.3500426011751342,0.05452948753760237,0.3674008842898975,10.43836733245848,0.11025627271647573,,,3.0,neutral,htf,2.0,25.0,100.0,True
early,6h,True,1,3,5,,,,,0.0,5,-1.5516194276230115,-1.3329687388218967,0.42857142857142855,-2.0422888499154688,-2.6991424368533177,0.3958333333333333,-0.3467558515862489,0.10604794407531631,0.02894277943333814,0.1457841785491945,9.271667387846598,0.0,-2.6307409594369986,0.10173575985517064,0.026427934348058853,0.1340637051342486,8.632089133140543,0.0,,,,,base,3.0,15.0,40.0,True
early,2h,False,3,6,7,,,,,2.0,8,-1.5696663771509947,-1.4777386677493543,0.42857142857142855,-1.5629025165357304,-3.1649446472868217,0.4166666666666667,0.3338394748770568,0.29903705706699923,0.08750474725351605,0.38827965419630783,13.442956970898571,0.07724072732342119,-2.826294559140825,0.2975638956448515,0.08828505588486404,0.3873195846435557,13.212618033676119,0.0804817761992619,,,2.0,flip,htf,2.0,20.0,50.0,True
early,6h,False,1,12,7,,,,,2.0,13,-1.5822364966369047,-2.2053804358573674,0.42857142857142855,-1.5693270282714957,0.31965312634807597,0.4583333333333333,-0.8700966188442845,0.31248742875275487,0.08497116098207483,0.4139130496032109,9.351613448589813,0.1402057026583903,0.6730114652966919,0.3188538571873412,0.07906568496348146,0.4051380816841258,8.458685404518828,0.14358680711162275,,,2.0,flip,htf,3.0,15.0,40.0,False
early,4h,True,0,6,20,,,,,0.0,0,-1.5921628103123218,-0.48500164841610577,0.40476190476190477,-0.6659428360604629,-2.1019769513422903,0.5,0.8438195113434988,0.4613967233376235,0.13038805983720517,0.5817766030811427,19.81114511697958,0.22480994608134183,-1.7413068554398954,0.4703325853489088,0.12528652139673382,0.5812412381057717,21.160849226631786,0.2226346869164148,,,,,,,10.0,35.0,False
confirm,2h,False,3,3,9,14.0,20.0,True,False,3.0,13,-1.680737007337013,-1.7429929587162558,0.47619047619047616,-2.7580669649942404,-3.4418907385706334,0.4583333333333333,0.4208655280636193,0.583118130667153,0.175175721639253,0.7420774647388257,15.867230169502522,0.19536273007606675,-3.0637467474776368,0.5760562907091603,0.18251803718780413,0.748818981259086,15.498847025310262,0.20402573614255184,,1.0,3.0,neutral,htf,1.0,,,
early,6h,True,1,12,5,,,,,3.0,13,-1.6896622753788226,-2.6879567517839966,0.40476190476190477,-4.696839853841061,-4.85579859064,0.25,-1.962247417856649,0.13525170576352197,0.03392845082107736,0.1802247650175362,12.06518141502155,0.042455208050639154,-4.802207631582428,0.129051209945788,0.03327278153015274,0.16836859181290745,11.479628885211472,0.039451819457198736,,,6.0,neutral,htf,1.0,10.0,35.0,True
early,4h,False,2,8,9,,,,,3.0,13,-1.6912101295874669,0.9120170459886471,0.4523809523809524,2.489400422311732,2.6157395614991326,0.5625,2.3410769337012547,0.35474814875813254,0.07513370725883962,0.4140943767768722,7.408564778395046,0.15307909128856392,2.2929325689659636,0.34862088109541217,0.0731460798599295,0.4076935140522353,7.3099547792534505,0.14814501930041057,,,3.0,neutral,htf,1.0,10.0,50.0,True
early,4h,False,0,6,7,,,,,2.0,0,-1.7590675903049875,-1.5858365593951644,0.42857142857142855,0.35218410902719827,-0.5792695074321651,0.5,0.7945384157710252,0.520535607634518,0.13712425867669434,0.6285970340621807,10.755852812873632,0.23912703265780405,-0.6514580253513413,0.5221367151086524,0.14822251077739879,0.6442235338079676,10.81994734706942,0.24407272944109237,,,3.0,flip,,,25.0,100.0,False
early,2h,False,4,3,9,,,,,2.0,5,-1.7914708815163576,-3.2143639508764656,0.4523809523809524,-3.465465432823946,-5.2603430690110855,0.4375,-1.5296380499199833,0.3268611452561815,0.08229941022607526,0.4024159054192242,16.750846503746832,0.04980268740633089,-4.846199299636457,0.32230393856331596,0.08188266507272961,0.3976586881132198,15.921860200202229,0.05369858263690193,,,6.0,neutral,htf,2.0,15.0,50.0,True
confirm,2h,False,2,6,9,10.0,20.0,False,False,2.0,13,-1.8117282938231034,-1.9506235999357426,0.42857142857142855,-3.524981382860693,-6.975662092197088,0.375,-0.4765869646227776,0.5095318441410542,0.1700670538386289,0.6668002661950556,18.213561508363668,0.123646343811001,-6.70789479522242,0.49810828450907696,0.1730081434451905,0.6634947713317085,17.85884925861281,0.12465649025508083,,0.0,6.0,neutral,base,3.0,,,
early,4h,True,4,12,14,,,,,0.0,8,-1.8712493293775072,-1.7080289369486028,0.47619047619047616,-1.6151231406296143,-1.1483393661018981,0.4583333333333333,0.1474168969338583,0.567330654556807,0.1208192264523984,0.6545842992308579,14.053213423068948,0.19842217210860746,-0.5729377503474193,0.5636128769600228,0.12213177500028072,0.6557956654945941,13.435309742933452,0.20413996031998072,,,,,htf,1.0,15.0,100.0,False
early,6h,False,4,4,7,,,,,3.0,8,-1.8729487710366315,-3.5064580231130527,0.35714285714285715,-3.5994161252108805,-4.07117949361549,0.2916666666666667,-2.6277769935133617,0.15238031924864387,0.03749889634302628,0.19602395353084054,9.657656875936787,0.02138450383549905,-3.7661820256379275,0.14893587655963497,0.028658891142449898,0.17745634493448237,9.023830586074293,0.018388900053445408,,,3.0,neutral,base,1.0,10.0,35.0,True
early,6h,True,2,12,5,,,,,0.0,13,-1.8965055861995568,-1.7313301954266467,0.40476190476190477,-3.266269364550656,-3.056300123369246,0.3125,-0.9818435664974523,0.2021398552642437,0.06548096811546149,0.2930071096634961,11.727253161236213,0.09617513312975985,-2.721519917256022,0.18938611539847583,0.06319945265123836,0.2699892180719311,10.37907203014754,0.09114660920610909,,,,,htf,1.0,20.0,35.0,False
confirm,2h,False,0,6,9,21.0,10.0,True,True,0.0,8,-1.954793685699617,-3.5096754488562945,0.40476190476190477,-3.2561124355123567,-4.311368835281043,0.4166666666666667,-1.290358053878374,0.4416843300332119,0.10547389674428209,0.5329902826397617,17.693195537786814,0.05892983597138751,-4.147420863684758,0.42960177712268877,0.10500347762952175,0.524024636261393,17.259609598662024,0.05794520602484474,,,,,base,2.0,,,
early,4h,True,3,3,5,,,,,2.0,13,-1.9548322448405062,-1.5458072120926958,0.4523809523809524,-2.2560023875262614,-4.614034129498724,0.3958333333333333,-0.12184155117001239,0.3021699713641989,0.08787106701859827,0.39661287702590386,15.049209860586927,0.07549889117969752,-4.216172917676733,0.2984080236753163,0.08910340712669423,0.38990093135168324,14.904080594408663,0.07338601538445771,,,2.0,flip,base,1.0,25.0,50.0,True
early,4h,True,0,12,5,,,,,0.0,5,-1.9677407505270677,-3.182054465778395,0.35714285714285715,-3.376425562453573,-4.735015451324108,0.2708333333333333,-2.2729199469023538,0.08719015989696902,0.02669875123595178,0.1244574111179049,11.749257078660612,0.024896156181473644,-4.214188024922019,0.08503009010525395,0.027003100521320968,0.1182563953430279,11.13994347693831,0.024680372665726744,,,,,htf,3.0,20.0,40.0,True
confirm,2h,True,3,3,7,3.0,10.0,True,True,0.0,13,-2.093031904280012,-2.865025489149085,0.42857142857142855,-3.6390170428247517,-7.1597006789997275,0.4583333333333333,-0.957892499649083,0.5349052873213782,0.1784763799908107,0.7050602574109053,19.179897175228163,0.12906553442583157,-6.388306383416436,0.5220653487400424,0.1814942389740535,0.6988847218127003,19.004507659587667,0.12864949661677563,,,,,base,2.0,,,
confirm,4h,False,0,8,7,3.0,25.0,False,True,0.0,8,-2.1593411496756496,0.40703772583097025,0.42857142857142855,1.2186146291706736,2.7706485501571656,0.625,1.8623724255606127,0.43371289687180736,0.08827545259563416,0.4872812770150253,9.201764047607208,0.1485947376689456,2.808486416978989,0.43678533026196653,0.09541944308845268,0.5041262384753502,8.959242503188293,0.1554348533714135,,,,,htf,2.0,,,
early,4h,True,3,4,20,,,,,0.0,8,-2.1679916598748594,-0.7355652445658647,0.4523809523809524,-1.1395106990856405,-1.1384053031026244,0.4583333333333333,0.3898698779490444,0.2736963596308326,0.04042805067737683,0.28151731217434983,9.631363069864484,0.03286484845083387,-1.251396473172616,0.27159173029706796,0.03640972301691554,0.2783534945288272,9.342223990346666,0.03184964817095539,,,,,base,2.0,10.0,35.0,True
confirm,4h,False,3,8,7,7.0,20.0,False,True,0.0,13,-2.188137975515928,-4.920915334221071,0.42857142857142855,-0.5446705481726104,-2.6197145613259765,0.4791666666666667,-3.1807474084620693,0.5062987581825588,0.11015539452438129,0.5927607434999465,16.982950177433267,0.12088849504146776,-2.2628444215626002,0.500217395635081,0.11642426298314201,0.5962626358754581,16.980270326717076,0.12269651557930841,,,,,base,1.0,,,
early,2h,False,0,3,20,,,,,3.0,0,-2.2964293987435305,-0.9236878809216992,0.42857142857142855,-4.153623657877816,-4.114868164951536,0.3958333333333333,0.3745359508390316,0.25366583728394254,0.03965498625014163,0.2620323532381773,10.654958629598541,0.0693543997390327,-4.09034925894881,0.2533253444107925,0.04108881435583324,0.26896626654727884,10.633837764141857,0.07339618469749767,,,2.0,flip,,,15.0,100.0,True
early,6h,True,1,3,9,,,,,0.0,8,-2.3283164847207405,-0.97730640077961,0.40476190476190477,-5.0574855097703,-5.6837499882761975,0.25,-0.4779498122334642,0.21516722025000656,0.05418772083948172,0.2753713279282422,14.089353626492933,0.031012708292328182,-5.397508999806998,0.21384083129897352,0.054629117234507404,0.26876871567063554,13.860257214813979,0.02897895734845419,,,,,base,3.0,20.0,35.0,False
early,4h,False,1,6,7,,,,,1.5,0,-2.3287944902687836,-3.334538035199635,0.3333333333333333,-7.552543812845714,-8.263251522403174,0.22916666666666666,-2.152049672115475,0.2799173855957861,0.09058773896659286,0.3793139637075844,18.13029270080513,0.10188895507306474,-8.007188583505663,0.27645420089641887,0.08798585952129467,0.3690267892776705,17.974126716827065,0.09978867377414664,,,,,,,10.0,40.0,True
early,2h,True,4,6,14,,,,,0.0,5,-2.3713395461749998,-2.198871955673385,0.35714285714285715,-1.1461945557747426,-1.098111208538434,0.4583333333333333,-1.5873573118903104,0.25779740987845934,0.030045851480078184,0.24451781838924092,9.58931997303499,0.037936878441968726,-1.0925460848785886,0.2543107826113831,0.031009888428579394,0.2534458468769156,9.728045244530602,0.03976885853885098,,,,,htf,1.0,25.0,100.0,True
confirm,2h,True,2,6,9,10.0,20.0,True,False,0.0,13,-2.3720030575755757,-3.0336583649045226,0.5,-3.4447878627138007,-4.720422481216399,0.4166666666666667,-0.6339299335776858,0.5993048449482937,0.19788155844236718,0.7846376611702262,20.000570355577764,0.2019210136604272,-3.6041383000979756,0.5921161210090942,0.2043614718211384,0.7913088348964683,19.49059870560376,0.20604159233592734,,5.0,,,htf,1.0,,,
early,4h,False,3,4,9,,,,,0.0,3,-2.4171167731109446,-2.4695091764612336,0.38095238095238093,-1.995632101859582,-2.033888905216116,0.375,-1.6298275914444806,0.0955525661360269,0.008487033371676746,0.08877585528699378,5.7883515277450766,0.00015160032581792014,-2.125143773854191,0.09287714251537105,0.009197680137033516,0.089206694689378,5.921666311231686,0.00024106195766663457,,,,,base,3.0,25.0,50.0,True
early,6h,False,4,4,20,,,,,0.0,13,-2.4360508442795266,-1.9770077602428324,0.35714285714285715,-0.2139406046805189,-1.4956140129624842,0.5,-1.010067191655231,0.3747342477133865,0.07204634602364607,0.4172494285539994,11.154079199732806,0.08722900720452481,-1.328397611892377,0.36397200172514216,0.06120012573039609,0.39687480256198726,10.435596876248457,0.08319776688688815,,,,,base,2.0,10.0,40.0,False
early,4h,True,1,8,5,,,,,1.5,0,-2.468978997152314,-5.950692443405875,0.5,-4.5913523149311555,-7.3377235745010365,0.4375,-3.8630476496772617,0.6655164732345837,0.24515824287003624,0.9068232720353984,17.09575740302346,0.3075539510116241,-6.620861060259491,0.6585215359679667,0.2490436372576471,0.9041563618117994,16.672941132307898,0.3106710830294554,,,6.0,flip,,,15.0,100.0,False
early,6h,True,3,4,7,,,,,0.0,5,-2.5065941536634524,-3.273236796940521,0.42857142857142855,-2.175939661689436,-4.546277767051518,0.4166666666666667,-1.9812958727507226,0.21541609523871186,0.04865672475442147,0.26682254732348687,14.987713866038714,0.0,-4.185073970104257,0.21123144454618897,0.04349395715233497,0.2546037292344554,14.425803469194632,0.0,,,,,base,1.0,10.0,40.0,True
early,6h,True,0,4,7,,,,,3.0,0,-2.540318623728316,-2.2580592126155414,0.40476190476190477,-4.803157682401176,-5.9350334326560334,0.22916666666666666,-1.6221648530765487,0.13666923182016755,0.040903530105870924,0.1881504061374063,14.42947704636686,0.06040999047690171,-5.583961237017814,0.13989464192969808,0.038318014749275944,0.18416730699112968,14.046773404894658,0.059170744300002444,,,2.0,neutral,,,20.0,35.0,True
early,4h,False,1,6,7,,,,,0.0,3,-2.568277066008828,-3.1498506536518445,0.38095238095238093,-5.00383673454213,-5.350563176273106,0.25,-2.229730608046272,0.12987482724541377,0.02959059620770825,0.16377477041800736,12.10288069538683,0.005186610406384309,-5.279872215892701,0.12643632108886044,0.027326087201605596,0.15561252251351637,11.549976368570665,0.0055986840586366,,,,,,,10.0,40.0,True
early,4h,False,0,8,5,,,,,2.0,3,-2.6434287615135403,-2.727525531372513,0.38095238095238093,-5.363547370830817,-4.2231898025875205,0.3125,-1.6539032347519147,0.11776142775116505,0.03350831595621574,0.15752194755563947,9.720718821231848,0.02093452468083786,-3.918928382335759,0.11629855330873248,0.03323301106043698,0.15264294119626942,9.888373091032832,0.020789247989239878,,,2.0,neutral,htf,3.0,20.0,40.0,True
early,4h,False,2,12,9,,,,,0.0,8,-2.710380751124786,-1.8353544232755494,0.3333333333333333,-0.06995939807973567,-1.3299679834120084,0.5,-0.6585252235396897,0.20685793197909944,0.025693057733800963,0.2095798196267157,7.675411410034165,0.02612814321098844,-1.467031435126245,0.20072415553355158,0.025510159268793867,0.20744795384019393,7.419935261063268,0.02469291953088351,,,,,base,2.0,20.0,50.0,True
confirm,2h,False,1,12,20,10.0,25.0,True,True,2.0,0,-2.7232793582043584,-2.9065926384922265,0.47619047619047616,-2.733510057072361,-4.147698510489281,0.3958333333333333,-1.223455695762761,0.30215574662501826,0.05153230012386085,0.30866918997357284,10.749906274717842,0.09990148202898919,-3.699935398953447,0.28370785305239554,0.05273191542249171,0.30607051558647375,11.031346952961933,0.09862251591365018,,,3.0,neutral,,,,,
early,4h,False,4,3,5,,,,,3.0,3,-2.751014889219282,-1.0532532922823836,0.42857142857142855,-0.6985136992933003,-1.0889305700617486,0.4791666666666667,0.4716803605123314,0.3193170922465136,0.054486915580267636,0.3464038936770354,10.487807789377001,0.06292121540482862,-0.8799366717136009,0.31794888055859255,0.057109286017915935,0.3546818980632567,10.299095718065828,0.06712991792700641,,,2.0,neutral,htf,2.0,25.0,100.0,True
early,4h,False,4,6,7,,,,,1.5,0,-2.7645320468043444,-3.463160758790064,0.38095238095238093,-7.8163492414862885,-7.305127823155225,0.2916666666666667,-2.1668889091869397,0.24635094383048772,0.09272990279107846,0.35429689271556875,14.759044191469098,0.11248757868396067,-7.217831656029782,0.24207893242300765,0.08782651429890966,0.34129571234168404,14.830265585754752,0.10794581789136005,,,2.0,neutral,,,15.0,35.0,True
confirm,2h,False,4,6,14,5.0,20.0,True,True,0.0,5,-2.8658618098298287,-2.62156329879761,0.38095238095238093,-3.4141488261007966,-4.032767712036183,0.375,-1.8200261242393403,0.23501099654134486,0.04251922979402545,0.25494717080474477,11.281795449646678,0.0,-3.8877873983509152,0.22998479497900878,0.043843904102800466,0.2561167885226366,11.332577451973762,0.0,,,,,base,3.0,,,
early,4h,False,0,12,14,,,,,0.0,5,-2.9060483479341084,-2.4455958399138362,0.30952380952380953,-0.7286375945458643,-1.5010543746468699,0.4166666666666667,-1.4269572131034112,0.13753980802788543,0.012921555754852824,0.12965884433748304,5.9610678328712465,0.0,-1.5690332385502423,0.13643755721157513,0.013646550965541009,0.13234713500082174,5.929256410556334,0.0,,,,,base,3.0,15.0,40.0,True
confirm,4h,False,0,4,5,10.0,15.0,True,True,3.0,3,-2.910976276232753,-2.090944028959497,0.4523809523809524,-1.4614275246593078,-1.4581609498981472,0.4583333333333333,0.0998661076914551,0.4503457803402202,0.10281172647914584,0.5351349778022653,14.9252457089192,0.090119712869421,-0.6682262740191334,0.44938084947089973,0.1068376244993763,0.541647719403946,14.527226647990387,0.09693389402629807,,,3.0,neutral,htf,2.0,,,
confirm,6h,True,3,12,20,10.0,25.0,True,True,3.0,8,-2.9828693266332635,-1.580625289398457,0.35714285714285715,-0.7104458746222466,-1.5662391948718748,0.4583333333333333,-1.5884587655103886,0.18599044165092285,0.020590904934794964,0.17033180671933995,7.671218589170334,0.016602290444781606,-1.4816637957650185,0.20007408764278625,0.024041592696656414,0.1956503710782442,8.569902604476964,0.018793153597509285,,,2.0,neutral,base,2.0,,,
early,4h,True,1,8,9,,,,,1.5,8,-3.007176597629919,-3.0125602733460486,0.40476190476190477,0.34833218698751345,-1.8180669352453094,0.5,-1.1233369144561896,0.4818017323484032,0.12515530870110453,0.6062277823981268,16.80110574736568,0.17097608411691248,-1.5436888163539648,0.48312810983266674,0.12691405213117607,0.6075897165835373,16.463745334866772,0.17526977903902213,,,2.0,neutral,htf,3.0,10.0,50.0,False
confirm,6h,False,4,3,5,7.0,20.0,False,True,0.0,5,-3.0437405911121704,-3.6447568516086313,0.38095238095238093,-3.8364319602646866,-3.9357156865733174,0.3333333333333333,-1.6748118952387194,0.30005481210852786,0.06102660415718342,0.34608995282380023,15.404942342024427,0.0,-3.892691024458465,0.284548269523251,0.05246211738413307,0.32263976687037266,14.549789496269064,0.0,,,,,base,3.0,,,
early,6h,True,1,6,14,,,,,3.0,5,-3.0614421379119188,-2.684828051375004,0.35714285714285715,-4.3699893084311725,-5.904799339447851,0.3125,-1.0999512266100084,0.28037800603643726,0.044809082567101,0.3013792166241026,15.680600662023984,0.0,-5.544230495312126,0.27717002072486185,0.045590469078244295,0.30062561595236825,15.509247023077549,0.0,,,6.0,neutral,base,3.0,15.0,100.0,False
confirm,4h,True,1,3,7,5.0,15.0,False,True,1.5,0,-3.0707531835991855,-1.926304493651617,0.40476190476190477,-0.6777199153005227,-1.679621037485612,0.5,0.8967318967915445,0.6491897613971341,0.20722530485954266,0.8497786245106764,16.903608941687008,0.2829485737972538,-0.8311389340561086,0.645969728261595,0.20825294512505116,0.8462650433599397,16.636581982971066,0.28338919072327934,,,2.0,neutral,,,,,
confirm,6h,True,4,3,5,5.0,15.0,True,True,1.5,0,-3.090876384571854,1.0235269502228468,0.42857142857142855,2.438386636987346,1.6562443994412324,0.5625,3.044033164397659,0.6944607874877279,0.23760842448703892,0.9288169891749167,12.299331329841365,0.3399522957207791,2.1102913011592292,0.6939296328979769,0.2344502948087938,0.9240941966806269,12.173711601271417,0.34127705170170436,,,3.0,neutral,,,,,
confirm,6h,False,4,6,14,14.0,20.0,False,True,1.5,5,-3.128463133132322,-4.047543464909434,0.40476190476190477,-1.7009665922059054,-4.000497162440564,0.4583333333333333,-2.542037042031532,0.43047974097587327,0.07711015563721747,0.46253884107161014,15.87183472560999,0.10938478743251123,-3.945866090191049,0.4388484120372781,0.07694369612912935,0.4769338868227512,14.92541541790714,0.12472308500121998,,,6.0,neutral,htf,3.0,,,
confirm,2h,False,0,3,9,10.0,25.0,False,False,0.0,8,-3.340272882745072,-2.480139869790776,0.38095238095238093,-6.136514890241175,-7.033628992292208,0.2708333333333333,-1.4330911768513297,0.374788594597395,0.11827842724713425,0.47315902272638843,16.01319868431304,0.05205498128773026,-6.900733450315045,0.36491836726649907,0.12220143468126712,0.47469560330178623,15.978847480084106,0.052109986831555086,,5.0,,,base,3.0,,,
early,6h,True,3,6,5,,,,,2.0,0,-3.3828767719421613,-4.907590979122256,0.40476190476190477,-9.273545248587435,-7.68744323757053,0.3541666666666667,-1.8170846814116366,0.4165542694213985,0.1898718878105674,0.644365918782496,16.877099540083513,0.22397243169149433,-7.370891879355731,0.4077353062582755,0.18350330536790505,0.6169821560939437,17.052071576558824,0.21601826536249474,,,6.0,flip,,,20.0,40.0,False
early,2h,False,4,3,5,,,,,1.5,0,-3.4010272449651544,-5.326378549061221,0.4523809523809524,-7.111707180446331,-10.203919805077255,0.22916666666666666,-4.069906059260042,0.31719895076904037,0.18073837696416212,0.5107353321498823,17.907774266086964,0.15436025570286355,-9.661404569671804,0.3006239109917776,0.17604899550667152,0.4864620213224352,17.70750040846149,0.14684713007772007,,,2.0,neutral,,,25.0,40.0,False
confirm,2h,True,4,12,14,21.0,10.0,True,False,2.0,13,-3.522949083995067,-3.534183384924824,0.4523809523809524,-2.857496115645507,-3.808448180578658,0.4583333333333333,-1.00664242610441,0.5115637861604053,0.13741891115957344,0.6367383928286009,18.174926696461696,0.12810429503276927,-3.2729267425843873,0.5062436312323668,0.14158224149557042,0.6386421384988723,17.183313980960552,0.12892340228082172,,5.0,2.0,neutral,base,2.0,,,
early,2h,False,3,6,14,,,,,3.0,5,-3.5358714370232303,-3.381815425090962,0.3333333333333333,-2.624539496211958,-3.5303367350150245,0.3958333333333333,-2.1412054013760065,0.20311978118256505,0.02452474079049271,0.20029390255990148,9.725683573361184,0.02675969537133971,-3.3448848008649774,0.2047874219810434,0.025816511294371604,0.20667158409454722,9.591195208424912,0.028850062942648705,,,6.0,neutral,htf,2.0,25.0,50.0,True
confirm,4h,True,1,12,20,5.0,20.0,True,False,3.0,8,-3.569609356019304,-2.406105914121664,0.3333333333333333,-0.7403243489358055,-3.414496141383102,0.5,-1.388163989869255,0.36744666936969117,0.0752476614650397,0.40224106365532597,13.338469318363702,0.11803350755822878,-3.1929005521297946,0.373574265458135,0.08247112924835917,0.4275478403792087,13.097001792740425,0.12934212267916756,,0.0,2.0,neutral,htf,2.0,,,
confirm,6h,True,3,3,20,14.0,20.0,False,False,3.0,8,-3.595941082731714,-3.511202283058908,0.40476190476190477,-5.135191624524563,-5.073540882213063,0.3958333333333333,-2.7292258399217446,0.3013337859389888,0.0648306607157188,0.3479404036929921,14.81191174899746,0.03609636663386013,-4.285469068075872,0.3135776212508867,0.06965122558756287,0.36955419434103814,15.179593454288309,0.03768288609307446,,3.0,3.0,flip,base,3.0,,,
confirm,4h,True,2,3,5,7.0,25.0,False,True,2.0,8,-3.6097529773064987,-2.696435038191393,0.42857142857142855,-6.104138296446481,-7.847049906966677,0.375,-0.7692236515719266,0.42762621250962113,0.1228111559526475,0.5382996351898711,18.5798836220427,0.05746438341499408,-7.246401265182865,0.42001165687215897,0.12462078508432703,0.5351032191936832,18.34382584982658,0.05692995994822646,,,2.0,flip,base,3.0,,,
early,4h,False,2,3,14,,,,,2.0,8,-3.6653691644725175,-2.233645082591331,0.4523809523809524,0.6435995801166311,-1.7501267432351189,0.5208333333333334,-0.6670045172287145,0.32343449048369605,0.05666074268597661,0.35366121462474454,12.297655040755274,0.10207268015308854,-1.4846441554507006,0.31832532631121413,0.05676540839746837,0.3522531383648806,12.139797397775219,0.09965848473182784,,,3.0,neutral,htf,1.0,10.0,40.0,True
early,2h,False,3,4,7,,,,,1.5,0,-3.74354008992016,-4.502368591938201,0.47619047619047616,-6.574613512857715,-7.71274595964167,0.3541666666666667,-2.785886557007543,0.4807131516469493,0.2259142046521827,0.7157720355230229,18.14701503600348,0.22668269512485725,-6.96908664534041,0.47134024016212317,0.22080635209390032,0.7024661763861539,18.02613643903367,0.22444518546656217,,,3.0,neutral,,,20.0,50.0,False
early,4h,False,0,12,20,,,,,0.0,5,-3.7884514565004093,-2.7156353203704158,0.2857142857142857,-0.5345629207870883,-1.079326597082002,0.4791666666666667,-1.6910005427698505,0.14562685885587492,0.013210363472506082,0.12836720231479626,6.138254885559199,0.0,-1.3749139907516577,0.14335699061042884,0.013726202802636608,0.13325522109412913,6.265041811553698,0.0,,,,,base,2.0,15.0,35.0,True
confirm,4h,True,3,3,9,5.0,10.0,False,False,2.0,0,-3.8159117579457016,-5.9910185587289515,0.42857142857142855,-8.690942167242703,-7.917509298978388,0.3958333333333333,-3.129940519182425,0.6937887140434277,0.3062112859565723,1.0,14.448004816433269,0.3077034281668479,-7.161553777183633,0.6904100985619334,0.30958990143806664,1.0,13.876510737966775,0.3090976729903925,,3.0,2.0,flip,,,,,
early,4h,False,2,12,20,,,,,2.0,5,-3.9638431382274533,-4.1801374055522205,0.35714285714285715,-2.762483929183209,-4.316101648993644,0.3958333333333333,-2.7029556168509705,0.2705390595876819,0.04008322037403768,0.2692942146710562,11.78388972448952,0.05894930394981025,-4.024228858147827,0.2696302970515341,0.042218338649846324,0.2781571003916208,11.844844824743163,0.06093947477465303,,,3.0,flip,htf,2.0,15.0,35.0,True
early,4h,True,2,12,7,,,,,2.0,0,-4.071500674433976,-7.606807332536569,0.3333333333333333,-5.498060869328796,-7.62745291973702,0.3125,-4.0794951838071265,0.4275343958912126,0.15047745029614312,0.5959166465627674,20.082308595733146,0.2049687515728843,-8.024748332244023,0.4234940778873525,0.15451994433662578,0.5881580066933587,19.210865043186264,0.20695661213624347,,,6.0,flip,,,25.0,40.0,False
confirm,4h,True,2,12,20,5.0,15.0,True,False,0.0,0,-4.0734397106728775,-2.9297979803670327,0.35714285714285715,1.0167147988855327,1.630585570464449,0.5416666666666666,0.09327277122646471,0.6663072446108778,0.2508575251588463,0.9062281782108385,9.81985232065861,0.41202295326302196,1.793624135964034,0.668174296849118,0.2644451836476015,0.922113759098871,8.718856071189915,0.42272384553461567,,5.0,,,,,,,
early,6h,True,2,4,20,,,,,3.0,13,-4.107764005204074,-1.8902072364141307,0.40476190476190477,-0.814688267849671,-2.0629885036279343,0.4583333333333333,-1.6229920604142667,0.23937953937502496,0.04163902122838957,0.2523561125877315,10.262246084248838,0.04962438201783411,-2.051470078766065,0.259363316394001,0.04462366294321516,0.27812426034667054,10.814028005225996,0.05370447499124676,,,3.0,flip,base,3.0,20.0,35.0,False
confirm,2h,True,0,12,14,5.0,15.0,True,False,3.0,13,-4.167784154544186,-3.7484221637566115,0.40476190476190477,-4.584825382324316,-6.164644023261985,0.3958333333333333,-2.053131710923356,0.45291249832577624,0.12999093561206362,0.5623178995532669,20.41066768765065,0.11640660607567566,-5.866885024494396,0.44806674425701043,0.1357724675078249,0.5724123431278947,19.200643686263234,0.1172819297800185,,1.0,3.0,neutral,base,3.0,,,
early,6h,False,1,3,20,,,,,2.0,3,-4.178696164834417,-5.237357677298857,0.35714285714285715,-6.0473268509572105,-7.027878048339898,0.3125,-3.667268999528619,0.32100275055921085,0.05423062726761102,0.33521224112984976,18.2383742459007,0.0495993196165486,-6.808923486692957,0.32923475001318814,0.05155050248181036,0.3438565564159288,17.096093862256545,0.06331092503613088,,,6.0,neutral,htf,1.0,10.0,50.0,True
early,2h,False,1,8,9,,,,,3.0,5,-4.261421709137622,-3.43222486657261,0.40476190476190477,-1.8625002259287156,-3.06839974049887,0.4375,-1.4334271819179176,0.22899634048517667,0.04207287346483635,0.25671775157636556,11.413552459889384,0.0,-2.7606886454924924,0.22461491839865141,0.04121274301496831,0.25389724633901034,11.181445742384522,0.0,,,3.0,neutral,base,3.0,15.0,100.0,True
early,2h,False,2,6,9,,,,,0.0,3,-4.320800662458105,-2.987849388311573,0.38095238095238093,-3.909413126516351,-4.949154292055561,0.2916666666666667,-2.028363017613767,0.1392548099779476,0.04577121600792156,0.1921405839863487,12.330631776889199,0.00015268922674446366,-4.78381407255659,0.13200684241706356,0.043465790933697,0.18131868465694279,11.866833909831872,0.00019763393647860946,,,,,base,3.0,15.0,35.0,False
confirm,2h,False,4,6,20,14.0,20.0,True,False,2.0,0,-4.386043336486322,-2.177444988389909,0.42857142857142855,-1.7144414031741397,-3.446180571386346,0.4583333333333333,-0.5997416588064208,0.5126911069084745,0.18923816039477812,0.6642588619498851,12.614513194720352,0.23444120309752353,-3.136462955662706,0.4975265926689857,0.19177455436323845,0.6652761692763826,12.26005370210202,0.2362588338215187,,5.0,6.0,neutral,,,,,
early,4h,False,1,6,20,,,,,2.0,13,-4.39608616753144,-4.536497884754829,0.40476190476190477,-4.186908387100486,-7.117146922589812,0.3125,-2.9026107520785667,0.3368036861168171,0.05655740451642409,0.35600403676656894,16.99932565251654,0.058680588267119776,-6.921441924866203,0.3270764072368019,0.057310051300586244,0.3521689111417179,16.670961446753182,0.0588067409913703,,,6.0,flip,base,3.0,10.0,100.0,True
confirm,4h,False,0,3,7,21.0,25.0,True,False,0.0,5,-4.414662681164545,-3.368487570509151,0.38095238095238093,-3.8414134737764627,-3.234432047574259,0.375,-2.3568045771614115,0.258675681384044,0.039676475616793716,0.27369979286144513,12.797841362765137,0.0,-3.6425807877217866,0.2589362685760439,0.043407594304045165,0.28235911262568464,13.060838737325096,0.0,,0.0,,,base,2.0,,,
confirm,6h,False,3,6,14,5.0,15.0,False,False,2.0,3,-4.476559764218221,-6.089599679313652,0.4523809523809524,-4.690570380267684,-5.93116612023325,0.4375,-3.028135335933386,0.5091489950055647,0.1548002016356722,0.6457596616783969,20.083812389400407,0.12085658541200721,-5.070538376957288,0.5204834250675479,0.15512464967081055,0.6615139865130985,17.861403085813837,0.1468903194435779,,1.0,6.0,neutral,htf,1.0,,,
confirm,4h,True,2,12,5,10.0,15.0,False,False,0.0,13,-4.496272322985508,-5.363001466244139,0.40476190476190477,-6.336442261191115,-7.297822683767611,0.375,-3.0272363433782683,0.6032827571909244,0.182406694697234,0.7790207228880872,22.993005085727148,0.14324290088967087,-6.6850443920795914,0.5938228473889086,0.18479669974787633,0.7739844497289803,22.60731131186401,0.14318262324108552,,5.0,,,base,1.0,,,
early,6h,False,4,4,9,,,,,1.5,0,-4.542895786160081,-4.703033019084079,0.38095238095238093,-1.4164199665873534,-5.038064081699019,0.375,-3.788681359182015,0.4054452184440217,0.16184515462752977,0.5936698168459862,16.24676902153001,0.2146397016092678,-5.003212780661455,0.40202538902533624,0.14328145064497722,0.5584838220229512,16.055885162979816,0.20288117025021474,,,,,,,10.0,35.0,False
early,6h,False,3,4,7,,,,,2.0,8,-4.598372709862821,-5.372332528562814,0.38095238095238093,-4.02103647872149,-5.684025429422505,0.3333333333333333,-3.6268103255477144,0.23946179402782264,0.06298719687377058,0.3063567569687712,16.514953591089963,0.06639228737484582,-5.6692542524673115,0.23734948643633136,0.05463781926648332,0.2906379175009635,15.578275007164176,0.06679375019466938,,,6.0,neutral,htf,1.0,20.0,35.0,True
early,6h,True,4,4,5,,,,,2.0,13,-4.672322191357379,-4.5644980135057835,0.40476190476190477,-2.3935312379757105,-5.010597562858369,0.4166666666666667,-2.6854436979171226,0.33068670778247666,0.08732341577553417,0.4198706357617994,16.63921165130022,0.07890119001388687,-4.483391612553114,0.32862845630100945,0.08367912182211996,0.41172040684373146,16.606169822618863,0.07623475166449857,,,3.0,flip,base,1.0,25.0,50.0,True
confirm,2h,True,1,12,9,7.0,20.0,False,False,1.5,13,-4.675845152395887,-5.739319202204029,0.40476190476190477,-5.28424623254183,-7.713179426923399,0.375,-3.447744145127597,0.5757124643711025,0.18277071615656465,0.7470323113580618,21.570453513640892,0.16997603290298935,-6.893098401330047,0.5687156723272948,0.18936255720274697,0.7527085300402787,21.168442712618827,0.17264823595125472,,5.0,2.0,neutral,htf,3.0,,,
early,4h,False,0,12,14,,,,,0.0,5,-4.69745944258562,-3.46978837435007,0.30952380952380953,-4.550077922887261,-3.891252205017256,0.3125,-2.4212503035554613,0.195674691003494,0.026933356923574528,0.2064287962832261,9.536544132844107,0.0,-3.7340928073636825,0.19313486718025458,0.028315438651401407,0.20597214817767417,9.49393934448086,0.0,,,,,base,3.0,15.0,40.0,False
early,4h,True,0,12,7,,,,,0.0,8,-4.760668888871864,-4.303162483103576,0.3333333333333333,-6.577026046499999,-6.4719904833761985,0.20833333333333334,-3.210612928189401,0.1483930642185647,0.044845829961586224,0.20909140421198485,16.505477353968242,0.02043412999457556,-5.947931897366815,0.14399819986661844,0.04571929163130928,0.20108953303236898,15.896049095906253,0.020173469431615073,,,,,base,2.0,10.0,35.0,False
early,4h,False,1,6,14,,,,,1.5,8,-4.776095719974386,-5.916202466975542,0.2619047619047619,-4.630053068370952,-5.733782962243485,0.2916666666666667,-4.789799516064365,0.20808171527484687,0.035159364982554106,0.2125465759446109,13.15571792448879,0.04894165888591791,-5.423119408593809,0.20886179372054337,0.03536573696529442,0.2198485911992872,13.100947043639591,0.05012023578939659,,,2.0,neutral,htf,2.0,25.0,40.0,True
early,4h,True,4,3,20,,,,,1.5,0,-4.923980288985424,-3.596799316301036,0.40476190476190477,-2.239595651380812,-2.4094034628723646,0.4375,-2.3460678701426154,0.4757712586776487,0.1117577253198886,0.5530196025671125,16.81398790412434,0.18484056612339245,-2.1954522044176543,0.4781339560939837,0.10568951946439373,0.5510542218240856,16.281267570987495,0.18427377375173015,,,3.0,neutral,,,10.0,40.0,True
early,2h,True,0,4,20,,,,,0.0,13,-4.969395051014151,-5.457070901204061,0.3333333333333333,-6.606300914250901,-9.501260965186594,0.22916666666666666,-4.126926332846142,0.3517003831964105,0.06893495858141571,0.3895045811552122,21.968713448553537,0.06720576773314754,-9.38466516148043,0.3477767270338301,0.07147795008957847,0.39640198174011937,22.810237637943267,0.06777642705101126,,,,,base,2.0,15.0,50.0,False
confirm,4h,False,2,3,9,21.0,20.0,True,True,3.0,5,-5.125141050518322,-6.780333006773363,0.30952380952380953,-5.541784913767834,-6.718142474881929,0.3333333333333333,-5.054827019317891,0.34347854905200353,0.05343955031405405,0.3680672418606887,17.490348525142593,0.0,-6.400157821826358,0.342005747986454,0.057384989595734556,0.374252272407564,17.667059960442735,0.0,,,6.0,neutral,base,2.0,,,
early,6h,False,2,8,20,,,,,2.0,5,-5.213510390062456,-5.4779308653581795,0.30952380952380953,-4.1316150193725,-5.111533134735924,0.375,-4.108992160215246,0.263850711164503,0.046014321390493926,0.27512816223007747,12.37646528081449,0.06092022599197378,-4.897038909172191,0.28947844510305265,0.05086908835705492,0.31029718810917983,12.248212002083239,0.07867495080918892,,,3.0,flip,htf,1.0,20.0,40.0,False
early,4h,False,0,3,14,,,,,2.0,13,-5.242536050038004,-5.763978084925241,0.40476190476190477,-5.391347028932308,-7.5731989630879655,0.3958333333333333,-4.068871908104139,0.41755925446639686,0.08807285912236745,0.48053459716887603,19.110891545494127,0.08735855992101567,-6.921233719177385,0.41381180617964197,0.08987053703664277,0.4794577708123049,18.990620736327365,0.08674420110123217,,,6.0,neutral,base,1.0,15.0,100.0,False
early,2h,False,4,3,9,,,,,3.0,3,-5.301108460838902,-4.15191578587279,0.4523809523809524,-9.119513921832366,-9.039696351137252,0.3333333333333333,-2.143178858998071,0.265659546882031,0.08417034210762561,0.35304042645935907,16.812689462597554,0.016590284070380004,-8.962844712989451,0.26095573085573776,0.08345711803392729,0.34756234546236414,16.49974949744908,0.01820861474097865,,,6.0,neutral,htf,2.0,20.0,40.0,False
early,2h,True,2,12,7,,,,,2.0,3,-5.306271513939711,-4.499781928807503,0.35714285714285715,-4.244530325659234,-6.164434268927093,0.4166666666666667,-2.518547552883627,0.2954468366050793,0.06735843941031727,0.34800488390248807,16.948574691636576,0.008184717668732746,-5.872395706225576,0.28856621916473546,0.07113937707030804,0.35110890594435795,16.677349323174152,0.00827887689781091,,,6.0,neutral,htf,3.0,25.0,100.0,False
confirm,2h,False,0,6,5,3.0,15.0,False,True,0.0,0,-5.318021140542008,-5.251108517621408,0.42857142857142855,-3.033975826611649,-6.510621569485889,0.4375,-2.3417757930545173,0.5190977850993177,0.23228215524679716,0.7461045335073149,21.28983197432494,0.21555598839502632,-6.375021873254974,0.5104554420655713,0.2319278514401903,0.7413170598549708,19.81617780402116,0.21697494493962244,,,,,,,,,
early,4h,True,1,4,20,,,,,2.0,8,-5.347414991300731,-5.3616571399518325,0.2619047619047619,-5.059406815268304,-6.6560612155393395,0.2916666666666667,-3.7402181636603142,0.193499213208484,0.029449117389985895,0.19352364429256788,14.634928459187707,0.01575255356850797,-6.714705831399205,0.19880257060531495,0.031095869754256922,0.20540420650379188,14.971468586240839,0.0168762484004372,,,3.0,flip,base,2.0,20.0,35.0,True
confirm,4h,True,2,6,9,3.0,15.0,True,True,2.0,5,-5.461522011741151,-7.014994181011017,0.35714285714285715,-7.715523447308666,-7.655355324559086,0.3541666666666667,-4.304403153841166,0.3650125057439123,0.08472699026009811,0.4365496068034062,21.39210154742402,0.0,-7.319245982313048,0.36146088379073993,0.08731612627857702,0.4369496877746167,21.17465622201362,0.0,,,3.0,flip,base,2.0,,,
confirm,6h,True,3,8,20,14.0,15.0,True,False,1.5,13,-5.471865886025636,-3.798082288605236,0.38095238095238093,-0.25675312892337077,-2.314299898703026,0.4791666666666667,-1.883387001295303,0.4544061869510594,0.09347173340783094,0.5209940646262745,16.263716767013698,0.10025413886640867,-1.951270973191998,0.44970698955884675,0.0943564995396767,0.5224205331842112,15.930134434224797,0.10061728492175642,,0.0,2.0,neutral,base,2.0,,,
confirm,4h,True,4,4,5,5.0,20.0,False,True,1.5,0,-5.47435585182772,-3.6026594133072156,0.40476190476190477,-1.639076938209262,-3.34471050436499,0.4583333333333333,-1.0860204645910236,0.706498024271558,0.2769465960416636,0.982598360320099,10.660404245699867,0.3402110413319196,-2.591421023300615,0.7030734649210781,0.2765099908748406,0.9781976158903732,10.43030196306968,0.340882793817051,,,2.0,flip,,,,,
early,4h,True,0,6,14,,,,,1.5,5,-5.525364056603367,-6.949719759047445,0.30952380952380953,-8.42444062933086,-8.505047741226191,0.3541666666666667,-5.3266486141023535,0.26969286442239904,0.04348446122223776,0.28404534073149773,20.459214468090934,0.0,-8.520551647392155,0.26545972010542496,0.04410771064751605,0.28571793944067575,20.35814989853386,0.0,,,2.0,neutral,base,2.0,10.0,100.0,True
confirm,6h,False,4,4,9,5.0,20.0,False,True,1.5,0,-5.578142107805788,-5.715124890332906,0.30952380952380953,-3.3898037222130295,-5.706538934137586,0.3958333333333333,-3.5535731570278455,0.6254721648854359,0.19090306888095548,0.7903706460111835,14.07137906708948,0.29162381712004165,-5.219362609768293,0.6231007834786157,0.18084904696675524,0.7773526071267182,13.984093526122582,0.29025084602184026,,,3.0,flip,,,,,
early,6h,True,0,3,5,,,,,2.0,5,-5.696720708545433,-5.8262403497643165,0.30952380952380953,-10.18985167995449,-11.293777591930796,0.20833333333333334,-4.151810116907631,0.23945610344930168,0.07682362250078241,0.32759215663677277,22.697426116993935,0.0,-11.100578483772509,0.23487816630921052,0.07626755211838686,0.31834278216829837,22.709511497784376,0.0,,,3.0,neutral,base,3.0,15.0,50.0,False
confirm,4h,True,0,6,7,3.0,10.0,True,True,0.0,5,-5.727561787246708,-5.5908081351402945,0.38095238095238093,-5.350143077084878,-6.512210752049616,0.3541666666666667,-3.4198603790506077,0.3240623006842205,0.07229308031086275,0.38337423859971237,20.19853575008907,0.0,-6.2287487346313934,0.3162170372133093,0.07299148271680844,0.3778389027933065,19.981229149364196,0.0,,,,,base,3.0,,,
confirm,4h,False,3,12,9,21.0,20.0,True,False,1.5,13,-5.758092471766137,-5.8265222238811125,0.2857142857142857,-5.824003250810264,-8.111461146343503,0.3541666666666667,-4.509745806056725,0.46377384239865077,0.09491896411377088,0.5282010230147883,17.822024333392235,0.09480144238708929,-7.62690512818122,0.4584382362447099,0.09813404799858769,0.5315169535113262,17.916318914019424,0.0956743383184915,,5.0,2.0,flip,base,2.0,,,
confirm,6h,True,0,6,5,5.0,20.0,True,True,1.5,0,-5.8109280143247455,-5.3713745661943095,0.40476190476190477,-6.2573099200889395,-7.088614583734149,0.3333333333333333,-2.9565303297478565,0.5994155902409453,0.1776962772421463,0.7634895653871197,22.037903070812973,0.2310689302485469,-6.489937093014623,0.5987087450623481,0.17978500212491058,0.765474750047004,21.149180261294482,0.23650507067314538,,,3.0,flip,,,,,
early,4h,True,1,6,9,,,,,2.0,8,-5.850325324749715,-4.523005712878366,0.40476190476190477,-4.592834056689943,-5.6330892080502695,0.3333333333333333,-2.435042145498069,0.34273652831303436,0.10903871593977353,0.47692854034032695,18.434163981776322,0.12061119179973027,-5.50378324008656,0.3492823842043791,0.10985591365144617,0.4749187115893876,18.099002603972814,0.12311655670080679,,,3.0,flip,htf,3.0,15.0,35.0,False
early,2h,False,3,6,5,,,,,2.0,5,-5.8765088136395836,-6.831241275079484,0.30952380952380953,-6.224826850810583,-9.160921232038897,0.2916666666666667,-4.805840009767715,0.18113829489175698,0.06787190870166693,0.2542747441290528,18.38636682580661,0.0,-8.650638786867628,0.17218966414447745,0.06844564693777808,0.242746099570556,17.987254021167352,0.0,,,3.0,flip,base,1.0,10.0,40.0,True
confirm,6h,False,3,4,9,10.0,10.0,True,True,1.5,8,-5.906249625605842,-7.07951705955527,0.3333333333333333,-9.347152777709052,-10.132255703427173,0.3541666666666667,-5.504294491155237,0.4386048980872139,0.1041786177776498,0.5216951031868357,22.483120349671452,0.04929744348910965,-9.74999602236954,0.42490181160688373,0.09714646835224253,0.5004655697602504,22.264972995685874,0.04602201278344406,,,3.0,flip,base,2.0,,,
early,2h,False,2,6,20,,,,,2.0,13,-6.037530984777303,-5.186955197363534,0.2857142857142857,-5.1817837529215325,-5.938067987241117,0.25,-3.991281857786145,0.2532753433638562,0.053227692328268586,0.285109553962853,13.177580299481281,0.05014792949240561,-5.555094889876916,0.25418589581179707,0.055034005245174794,0.291670426673901,13.374360484320167,0.050636794145314724,,,3.0,flip,base,2.0,20.0,35.0,False
early,2h,True,4,12,14,,,,,3.0,8,-6.0521421715659995,-6.156895375440784,0.35714285714285715,-5.191904307221042,-8.136222482832155,0.375,-4.287346002072427,0.4208157287962545,0.11326456641546118,0.5355579625133378,21.51933852887175,0.0567348156167014,-7.8815987994703125,0.4148038686669907,0.11641008516485513,0.5310255500948435,21.163873766771857,0.055956195263915945,,,2.0,flip,base,1.0,10.0,40.0,False
confirm,2h,True,0,6,14,3.0,15.0,True,True,0.0,5,-6.104256949791125,-6.221338865350749,0.3333333333333333,-6.023590441907359,-7.910578796283897,0.2708333333333333,-4.595554219161661,0.31448140893503895,0.06532119118419952,0.3619437271214928,21.553526164739438,0.0,-7.5441931013391,0.30905261905619674,0.06940517600994162,0.364994365469122,21.338933442752648,0.0,,,,,base,3.0,,,
early,2h,False,1,4,9,,,,,1.5,3,-6.309860359061878,-6.860124171585194,0.30952380952380953,-8.32534541103098,-8.74666193135019,0.25,-5.158006403269458,0.1604132185379688,0.045302076366820744,0.20521280718393403,16.586987074015532,0.00039449835879868593,-8.488035331414034,0.1560148780351587,0.04424984469810654,0.19879429182311065,16.3306363749775,0.0005929671489856164,,,2.0,neutral,base,3.0,10.0,40.0,True
confirm,2h,False,3,6,7,10.0,10.0,True,True,0.0,3,-6.328295225757348,-6.237370477770423,0.3333333333333333,-8.262785043995489,-7.904074959817836,0.3333333333333333,-3.7672489098137,0.38092858416368824,0.10956270154882351,0.4806899866020613,20.662159420322087,0.023004024021701108,-7.724425631132252,0.3745193827002784,0.11303653607981574,0.48123207824041164,20.069525229289887,0.026328533164405244,,,,,htf,2.0,,,
confirm,6h,False,2,8,7,5.0,15.0,False,False,3.0,3,-6.344905207669073,-6.542907237332956,0.35714285714285715,-10.528694015908513,-10.630007381561539,0.25,-4.583007885969153,0.25739651173083933,0.07111196594282584,0.32283363696225287,19.919159971344893,0.0005268758472462251,-10.097449927298817,0.24069838815444886,0.06334627269452246,0.29863387494845806,19.06402077994269,0.000653843933902228,,5.0,3.0,flip,base,3.0,,,
confirm,2h,True,4,6,9,14.0,15.0,False,True,3.0,3,-6.441877399564499,-5.34391289058785,0.35714285714285715,-8.491225715209573,-9.581340101079132,0.25,-4.180963917847873,0.272152554067129,0.07266050956157774,0.338632622112493,20.425846938023195,0.0008009582682230014,-9.041514923227549,0.259564634128967,0.07318792953218078,0.3287152798730023,20.21371603885231,0.0007109038642716585,,,2.0,neutral,base,3.0,,,
early,6h,True,2,3,14,,,,,2.0,3,-6.447363488110408,-6.547517798539651,0.35714285714285715,-3.469220765485783,-4.05581069215166,0.3958333333333333,-4.918369095304181,0.27636639041733513,0.040600552800301844,0.27861003243208415,16.210645287292074,0.04735033253213779,-3.823573387650068,0.28619297110663056,0.04234924660020352,0.2949327141038054,16.24232166750382,0.05508838411349303,,,3.0,neutral,htf,1.0,20.0,40.0,True
confirm,6h,True,0,12,7,3.0,25.0,True,False,2.0,0,-6.541650703023892,-6.570725104508166,0.35714285714285715,-7.768523080338135,-11.216437836857082,0.2708333333333333,-3.3611558243736304,0.6711317534298279,0.22436502334222075,0.878016935511953,19.895046877348754,0.3467635050354392,-10.70186756462724,0.6700105640504537,0.2348526242420466,0.8918287420575939,19.06236146503566,0.35601294542429884,,5.0,6.0,flip,,,,,
early,4h,True,0,12,14,,,,,3.0,8,-6.794517763272198,-6.129488052699559,0.3333333333333333,-4.968234666265919,-8.250325122965458,0.4166666666666667,-4.737604626269861,0.43276299705610427,0.07668698766289342,0.4761306465309904,22.891987920193387,0.04840777875337639,-7.601141685929872,0.4245384567111302,0.07736325936813773,0.4741956633147797,22.663394033891695,0.0474999600610706,,,2.0,flip,base,1.0,10.0,100.0,False
confirm,4h,True,0,12,20,7.0,20.0,False,True,3.0,0,-6.79521454465201,-3.8353276921733075,0.35714285714285715,-3.384823028295467,-5.223086347147981,0.3125,-2.6858862848287437,0.37808623257731006,0.0712106619537198,0.3978808822254555,18.362552012952776,0.13828245352290966,-4.989854688912608,0.3848740557256808,0.07073210290925942,0.4193533189221993,19.037917189155987,0.1441362413448008,,,3.0,flip,,,,,
early,4h,False,4,8,5,,,,,2.0,8,-6.798030649553666,-5.534392915836357,0.3333333333333333,-7.404816165823574,-7.78756057141227,0.2708333333333333,-4.163604272491527,0.2347846299553058,0.07884083188103097,0.3306127519720732,17.71461978768027,0.02968724738355588,-7.50793244581595,0.22396869534810715,0.07922600665518112,0.3151256282557806,17.510948405700297,0.028303454588736617,,,3.0,neutral,base,1.0,15.0,40.0,False
early,2h,False,1,12,20,,,,,2.0,8,-6.8320804063126594,-7.472066811962968,0.3333333333333333,-7.671536185400089,-9.886880795479454,0.2916666666666667,-5.223379210979884,0.3406481428417304,0.07343782175900262,0.3963999373377899,19.815681464425243,0.0367409237289411,-9.983620004132034,0.33426876312677395,0.07559879092898017,0.39458898203941895,19.651882782677728,0.03657711460609295,,,6.0,flip,base,2.0,15.0,40.0,False
confirm,2h,True,3,3,7,21.0,20.0,True,False,2.0,5,-6.909095604418959,-7.25110712731579,0.42857142857142855,-6.634494764211277,-10.040160111764797,0.3125,-5.443589868022129,0.5442739617001894,0.15290385300434123,0.6863821224051647,26.185195686556426,0.08517579643683874,-9.710322643003817,0.5353956304417369,0.15797099929660047,0.687470307633555,25.82410824060394,0.08857839862015388,,1.0,2.0,neutral,htf,1.0,,,
confirm,4h,False,0,12,7,21.0,20.0,False,True,3.0,3,-6.916600263177312,-8.359701117922103,0.30952380952380953,-8.373242043496486,-10.233180558340072,0.25,-6.572315199032418,0.30661974285575205,0.05026741826480603,0.3367661775475579,21.088413791890936,0.003391735637697354,-9.774741175306762,0.3008399546831704,0.05361773799456182,0.3382354282046666,21.5350619721249,0.0038459802313434155,,,2.0,flip,base,2.0,,,
confirm,2h,False,1,4,20,7.0,20.0,False,False,0.0,5,-6.935031248784398,-5.50104675040764,0.42857142857142855,-4.86201439342782,-5.265521175808607,0.2916666666666667,-4.606101333199785,0.33397497534620335,0.12418280315424199,0.41693243185276474,14.76125537618435,0.0533163190498611,-4.900335670091971,0.3260026810556764,0.1270512701863516,0.4275666945495994,14.231060899336217,0.06021041788241024,,0.0,,,htf,1.0,,,
confirm,4h,True,1,4,9,10.0,25.0,True,True,1.5,3,-6.961331407118676,-9.92637643348398,0.3333333333333333,-11.508339447260964,-12.259957659256338,0.3333333333333333,-8.178914863179024,0.42935230358311305,0.10880445645718718,0.5171688458550057,27.28489416887461,0.051157280492180233,-11.95354520038466,0.43295682280065917,0.11407188075306719,0.525447056686645,26.870547463176802,0.056900670987200336,,,6.0,flip,htf,2.0,,,
confirm,2h,False,3,4,7,5.0,15.0,True,True,3.0,3,-7.0506914482149945,-6.071569573719105,0.35714285714285715,-8.203346028429046,-9.363300761975674,0.25,-4.556422332999359,0.2533599838696168,0.07273771912871158,0.32009382702246303,19.47626051586837,0.00015593253375931651,-8.823909351277706,0.24110928949149807,0.07147177303237404,0.3078439826936724,19.136034531113623,0.0001703962421613554,,,3.0,flip,base,3.0,,,
confirm,2h,False,4,4,14,21.0,20.0,True,False,2.0,13,-7.3634938711958196,-5.551786948115098,0.42857142857142855,-6.804261001961642,-8.38242571858792,0.3125,-3.7157582363850157,0.4592595463250594,0.11981612440467941,0.5500039225605854,18.316714691704874,0.1047701303589142,-8.27812463438584,0.45515225067593645,0.12355690130539532,0.5570714075362626,18.5254775786371,0.106381824213919,,0.0,3.0,flip,base,1.0,,,
confirm,4h,False,3,4,9,3.0,10.0,False,False,0.0,8,-7.4378312879405915,-5.302661484950077,0.42857142857142855,-7.209423305258277,-8.930700823172522,0.3541666666666667,-3.056032864001028,0.4657329247198322,0.17872286084627395,0.6355972326319741,22.032306598766574,0.06666810916736632,-8.231558986574216,0.4545773349705131,0.18211654691196974,0.632508621821962,21.78445814863817,0.066560715073574,,3.0,,,base,2.0,,,
confirm,2h,False,1,12,5,7.0,25.0,False,True,2.0,5,-7.454737474961867,-5.622254523848913,0.40476190476190477,-6.188019599319187,-9.234825859960702,0.3541666666666667,-3.309617912159199,0.4914676440611143,0.16731701951055505,0.6482128215568794,23.085971198387547,0.08621875629595947,-8.565765342692073,0.4836843658807412,0.17197006640335394,0.6504661842482816,22.216362134086104,0.09558942847199697,,,6.0,neutral,htf,1.0,,,
early,2h,False,4,12,5,,,,,2.0,3,-7.467462357778759,-6.986144908624512,0.35714285714285715,-7.422949600150691,-9.10155512752308,0.2708333333333333,-4.23949147847163,0.3586812828498388,0.09610350114874507,0.44243419530542394,21.22309025683275,0.021319283334749695,-9.055560882417335,0.35560947436516477,0.1021894145162461,0.4490221406239113,21.04225188229055,0.023894150876287344,,,3.0,flip,htf,2.0,25.0,100.0,False
confirm,2h,True,0,4,20,14.0,25.0,True,False,3.0,5,-7.533623139519779,-6.950303687292717,0.19047619047619047,-7.8139991873365755,-8.151639236569997,0.16666666666666666,-6.635768938407037,0.19890741811050028,0.05159643385286122,0.2153528291798384,18.18774988594309,0.0,-8.418104994666756,0.18924018015048533,0.05462960765776066,0.2230696162598459,18.680467093536343,0.0,,1.0,2.0,flip,base,1.0,,,
early,2h,False,0,8,5,,,,,2.0,0,-7.541674755597415,-7.668960029467505,0.38095238095238093,-9.273542265343952,-10.63897586945308,0.2916666666666667,-5.159532902841852,0.27976484702580284,0.14107816196120462,0.4285015938827549,22.279011597803805,0.11435830358766849,-10.220946415754096,0.2780788866322458,0.14838192678931666,0.42986007163915047,21.324807513549214,0.11938152603822182,,,6.0,flip,,,10.0,40.0,False
early,2h,True,4,12,14,,,,,0.0,3,-7.593955232725918,-8.376619193291523,0.21428571428571427,-9.16547965095622,-9.78875850183183,0.22916666666666666,-7.181236240226895,0.2526673221041553,0.060014136121111894,0.3072503922976161,21.456923526342898,0.014490145902579864,-9.731874853491743,0.25256833373794485,0.06340357618684021,0.3115765180196805,21.944457063983545,0.015359435704474952,,,,,base,1.0,20.0,35.0,False
confirm,2h,True,4,6,5,7.0,15.0,False,False,0.0,0,-7.697397607742514,-7.396077608402983,0.38095238095238093,-9.848772879588882,-11.817572305841452,0.2916666666666667,-4.88620656096069,0.6760623123163496,0.3239376876836504,1.0,16.28203707248855,0.29709648639754094,-10.873614462535397,0.6696090310084967,0.33039096899150333,0.9999919781806514,15.918945414780456,0.2981039349262028,,3.0,,,,,,,
confirm,6h,True,4,4,7,10.0,20.0,True,False,2.0,5,-7.701564567565396,-6.1307004642446365,0.30952380952380953,-7.715758021598636,-8.7187654993009,0.3541666666666667,-4.2979209237367,0.3492605666360188,0.09079655412010965,0.43319983294415204,20.4065763946149,0.0,-8.338310463334386,0.34388905428700434,0.09302221294011875,0.43018745770388905,20.30844794545485,0.0,,1.0,2.0,flip,base,3.0,,,
confirm,2h,True,0,3,5,10.0,25.0,False,False,0.0,13,-7.714324694283347,-6.234134117683425,0.40476190476190477,-8.40948031809722,-10.876188711721904,0.3125,-4.5046761117580525,0.5510423893313832,0.19339690058580672,0.7349882825230771,25.34673164730748,0.13238368646717077,-10.157940587130064,0.5420082542280626,0.19990143295036356,0.7385221416890736,24.7058763475766,0.13360741754506456,,1.0,,,base,2.0,,,
early,4h,False,0,8,14,,,,,3.0,5,-7.832270533353601,-7.422439407451448,0.16666666666666666,-7.830677678616013,-7.819388822499768,0.22916666666666666,-6.430504547661359,0.22993649763621937,0.035013314047871315,0.2405301508266211,14.170662840188085,0.0,-7.326770738152631,0.23132546262303608,0.03633682974156188,0.24730396059400622,14.38176671694194,0.0,,,3.0,flip,base,1.0,20.0,40.0,False
confirm,2h,True,1,12,14,3.0,10.0,False,True,3.0,3,-7.9086996765487285,-8.830392666616609,0.2619047619047619,-10.304844463196261,-10.907998144588184,0.3125,-6.7635989361058835,0.33079167215616223,0.08143335662032072,0.4051123040767351,24.89780398813936,0.0009510449680492495,-10.615417296138343,0.320882535580839,0.08451336577378793,0.39822074049336476,24.82633710431282,0.0010189343078444962,,,3.0,neutral,base,2.0,,,
early,4h,False,3,6,14,,,,,0.0,3,-7.913923951926592,-7.177408142213911,0.3333333333333333,-7.343287540210534,-7.577649184994762,0.3125,-5.850796389628362,0.22413977848868052,0.04106390458818528,0.2575515924024152,16.97767658577845,0.00280826488754638,-7.280793701771287,0.21991431436678788,0.04098284697400747,0.2524300822840126,16.8321071495847,0.0029920330971303665,,,,,base,2.0,10.0,40.0,False
early,6h,True,0,8,20,,,,,2.0,13,-7.994662332840864,-6.850572531594379,0.38095238095238093,-4.055150283650783,-6.55303377851303,0.4375,-5.820152335118229,0.4580639525757883,0.08434325565940133,0.504370624619338,22.29492363802769,0.09131341809348105,-6.335513846633291,0.45613714847560927,0.08080332005747952,0.5030999149559342,21.73209688910627,0.08999619281936508,,,6.0,neutral,base,1.0,10.0,50.0,False
confirm,6h,False,0,6,5,7.0,10.0,True,False,3.0,3,-8.057559121919816,-7.049746011330688,0.3333333333333333,-8.753680159798467,-8.859875898944125,0.2916666666666667,-5.054723799694322,0.2782395823347671,0.060009626984182315,0.32750807246258556,20.640232456586823,0.0022628373301098828,-8.583641653955162,0.2652241799488589,0.05422170222168944,0.30939202562362855,20.01030855796249,0.002842011492570322,,0.0,2.0,neutral,base,2.0,,,
confirm,2h,True,0,12,14,7.0,25.0,False,True,2.0,0,-8.27148866633404,-7.124347072910074,0.2619047619047619,-9.400458244450396,-9.468335847161024,0.2916666666666667,-5.607469496754091,0.37374235761084984,0.07387775326897758,0.40338902361707957,22.568871904173868,0.11527641562325819,-8.955753515979628,0.3702187534468008,0.08142226899618835,0.4180844486065754,23.267935003577183,0.11791016796189643,,,2.0,flip,,,,,
confirm,4h,True,0,4,14,7.0,25.0,False,True,1.5,13,-8.2753071723769,-8.521062434708918,0.38095238095238093,-10.129883257488675,-12.859016799388593,0.20833333333333334,-7.397681941975314,0.37667363116013197,0.0807328355341614,0.42376665330596996,27.54513885462054,0.05675269212845305,-12.594725134295844,0.36744631480899936,0.08050375347171468,0.42140364801858166,27.17067935500978,0.058353242711740916,,,6.0,neutral,base,3.0,,,
confirm,4h,False,0,12,7,14.0,15.0,True,True,1.5,5,-8.28343352327557,-8.106242501226086,0.23809523809523808,-9.89323116378948,-9.201675170070759,0.3541666666666667,-6.252963725574064,0.3065006784924696,0.06385033068555417,0.35099667132089085,19.560335578853948,0.0,-8.903011057454684,0.29738085671784675,0.06566562276642648,0.3476767219779954,19.5868649691719,0.0,,,2.0,flip,base,3.0,,,
confirm,4h,True,3,12,14,3.0,10.0,True,True,1.5,8,-8.503749866401112,-9.093505348384028,0.3333333333333333,-9.307263561142785,-10.580320207223783,0.3333333333333333,-6.881629240272681,0.46951651555992413,0.10478925806769807,0.549123120713136,24.012788287423298,0.05297214939074908,-10.18627078901568,0.46041010698267343,0.10529049104648416,0.5435621079205806,23.82321792399307,0.05175095761187852,,,2.0,flip,base,1.0,,,
confirm,2h,False,1,4,20,21.0,15.0,False,True,2.0,3,-8.573095948786078,-6.654554382365675,0.2857142857142857,-7.669025179322956,-7.892678767044086,0.2916666666666667,-4.456422197140961,0.34298761284753987,0.05945255857539555,0.37643902610180885,17.225378691729794,0.018032217749080273,-7.728517387319061,0.3402284715482936,0.06336404067550004,0.3822170948391682,17.240962009408968,0.020335254563425685,,,3.0,neutral,htf,2.0,,,
confirm,4h,False,0,6,20,21.0,20.0,False,True,3.0,5,-8.61962555689646,-6.314943966833893,0.2619047619047619,-6.271808357223603,-5.951673689034318,0.20833333333333334,-5.365127288621711,0.27707383985960543,0.04204404147526864,0.27686454514186143,14.6625762581765,0.0,-5.862133115717322,0.28414099596060727,0.04389264087529564,0.29431234110129445,15.404851194532036,0.0,,,2.0,neutral,base,1.0,,,
confirm,2h,False,0,3,7,5.0,20.0,False,True,2.0,3,-8.673043073153739,-6.688563394819922,0.38095238095238093,-8.506489115183696,-10.001896792276268,0.2708333333333333,-3.929067807380684,0.384044433917409,0.11654970042985607,0.4894808532399987,20.445735370252784,0.022244471844937594,-9.737017063471356,0.3774757011907187,0.11957605834523347,0.4897052187203821,20.10116636808335,0.02462823445548991,,,2.0,flip,htf,2.0,,,
confirm,2h,False,2,12,5,21.0,10.0,False,True,2.0,8,-8.7959283848686,-8.516017800215446,0.42857142857142855,-9.154123606280464,-10.717269393555277,0.3333333333333333,-6.005457534105724,0.5329257379363861,0.14725027154200188,0.6705261614578657,25.092728811462727,0.06892347204719801,-10.270812538511647,0.5203868447206482,0.15090451023493873,0.6644529029447714,24.896061562734296,0.06831804366997105,,,2.0,flip,base,1.0,,,
early,6h,False,3,12,5,,,,,1.5,0,-8.812130277558467,-7.624279874489702,0.2619047619047619,-8.915741419395593,-9.448205005907145,0.20833333333333334,-6.027734950916573,0.2481188603236414,0.10123958123926854,0.3738722705232973,18.32809019351281,0.11530515337896231,-8.951343868622454,0.2393993174893938,0.10062331295062175,0.35315338358285037,17.86549196426216,0.10787972989776176,,,3.0,neutral,,,15.0,35.0,False
confirm,2h,False,3,12,9,3.0,15.0,False,False,3.0,8,-9.01048287096063,-9.935026790392843,0.38095238095238093,-10.599447440804177,-12.657110939668485,0.2916666666666667,-7.406210576298578,0.5287091015795269,0.22186357999327083,0.7456106535860458,26.094158935671842,0.11441980045493164,-12.165904558508421,0.5209747340434896,0.22482791531297372,0.7453083630834384,25.14313374372825,0.11943865210103852,,3.0,6.0,flip,htf,1.0,,,
early,4h,True,1,4,9,,,,,1.5,3,-9.204177967038119,-8.68567226240248,0.35714285714285715,-9.865585680591238,-10.881928326057945,0.22916666666666666,-6.963107100705974,0.19293189502079836,0.059085054815519,0.25922733493749084,20.59878792492605,0.0014741468430722305,-10.662738851818197,0.18984105347769964,0.05915898860966621,0.25119969520906293,20.42466821936289,0.001539694036595386,,,2.0,neutral,base,3.0,15.0,35.0,False
early,2h,True,4,3,14,,,,,2.0,5,-9.220835007948116,-6.6446099688772495,0.35714285714285715,-7.134561516768363,-9.475882686338691,0.3125,-4.772322692181488,0.4038875898896568,0.09720475486740981,0.47997928173448223,20.238076718827006,0.050002136065421615,-9.268132882106661,0.40345718287711085,0.10333401495114491,0.4892622647011603,20.04849312116129,0.0539967257195205,,,6.0,flip,htf,2.0,20.0,50.0,False
confirm,4h,True,0,8,14,3.0,15.0,True,True,2.0,8,-9.28624411613309,-8.425710902933407,0.38095238095238093,-6.538687143872222,-9.07975630722388,0.375,-5.746896949436286,0.4011305329023539,0.08090032068147063,0.4555246292244649,24.49736888453333,0.045533282410936717,-8.30114785906585,0.3962179431950972,0.08190672398488016,0.4547252858242022,24.065637010055475,0.0450451486693672,,,6.0,neutral,base,1.0,,,
confirm,2h,True,1,3,20,3.0,15.0,False,False,1.5,8,-9.31919730573172,-9.819618264566268,0.2619047619047619,-13.662872637713752,-14.202759814922837,0.20833333333333334,-8.3858756448737,0.4787610215185265,0.182165222918817,0.6423370702677687,27.043330447004635,0.09298427168934086,-13.668750956082047,0.4741481668453237,0.1898878359297279,0.6540001583881967,27.14041327459528,0.09501183406123641,,5.0,3.0,neutral,htf,3.0,,,
early,4h,False,1,8,14,,,,,1.5,13,-9.394408738266383,-9.543252492499246,0.2619047619047619,-8.518845565124945,-10.836329143586518,0.3125,-8.467970214171249,0.36738086257731795,0.07630295005945044,0.41932230164645656,23.66314525783379,0.06191109694862756,-10.769340185918892,0.3584481611035686,0.07567327179028707,0.41240352051574647,22.932871701889553,0.060830820729498226,,,6.0,neutral,base,1.0,20.0,40.0,False
early,2h,True,3,12,20,,,,,1.5,0,-9.528589633090112,-8.776182355618825,0.2857142857142857,-9.98986853809247,-11.949737911369882,0.22916666666666666,-7.833064123955694,0.33758538109268543,0.07328512317328813,0.3773066801953652,24.58038207400873,0.07585011787035689,-11.870184085986454,0.3210066488965112,0.07393078575831535,0.36989184481340276,23.920584161974656,0.0756530086715134,,,6.0,neutral,,,25.0,40.0,True
confirm,4h,False,4,12,7,5.0,25.0,True,True,1.5,5,-9.595864757431244,-10.377499763024124,0.2857142857142857,-11.937887595601394,-13.601119322084557,0.25,-8.975493068637071,0.31471175219231334,0.07809286885104365,0.37630126749203574,25.539028631203394,0.0,-13.573364794791669,0.3048504417444952,0.08222556797137187,0.3719916705908444,25.417776848810416,0.0,,,6.0,flip,base,3.0,,,
early,4h,False,1,8,20,,,,,1.5,3,-9.610977077494846,-9.268006992031328,0.23809523809523808,-9.821998691256914,-11.32855890777852,0.22916666666666666,-7.801056653018808,0.2215402900269185,0.04860702180388811,0.2544301558782911,19.736357893796107,0.0025146688239723056,-11.238769981157784,0.2184770913320171,0.049538094218058194,0.25323691312385965,19.90041714151579,0.0027325635336262273,,,2.0,flip,base,3.0,10.0,50.0,False
early,4h,True,0,6,5,,,,,2.0,13,-9.682498560464452,-8.959528177522865,0.30952380952380953,-10.58696347007588,-9.924125072069511,0.1875,-6.356779362909766,0.2033506848944548,0.07578086726735431,0.29920902761411217,23.040867182882835,0.07359910563467674,-9.59845902476661,0.20188482793550827,0.0727854268324507,0.2894495928608803,22.591090970008118,0.07114239010570961,,,2.0,flip,htf,3.0,20.0,40.0,False
confirm,2h,True,2,12,20,14.0,10.0,True,False,1.5,8,-9.736881892283261,-8.385478626932834,0.40476190476190477,-9.282840202839253,-11.400791895978072,0.3333333333333333,-6.0219259236873794,0.47397474293470365,0.15080600488710488,0.6145705373636826,24.810361500748087,0.060003646162335667,-10.986698852051774,0.46290122484468726,0.15585901874907782,0.6102354364538523,24.369075375116836,0.058881543889519265,,0.0,6.0,flip,base,2.0,,,
early,6h,True,1,3,9,,,,,2.0,5,-10.003815323900195,-8.93270119174352,0.2857142857142857,-8.088459152780286,-10.601036525583584,0.25,-6.946109994072282,0.1978960786768446,0.0419479865780107,0.23068845607985372,21.10904502603991,0.0,-10.471403355984556,0.19391823244728848,0.042367073205298755,0.22664200627191614,20.959685145815733,0.0,,,6.0,neutral,base,1.0,25.0,35.0,True
confirm,6h,False,0,8,20,3.0,15.0,False,False,1.5,3,-10.08985570122286,-11.603538373516434,0.23809523809523808,-11.733423535425526,-13.827980152083464,0.125,-9.795110461551435,0.25507097470304185,0.09269334630574774,0.33662030274786403,23.973308168971304,0.002135363302944582,-13.24538829348255,0.24285327151122826,0.09063726275920017,0.325489578137839,23.7231994684378,0.003184100338431412,,1.0,3.0,flip,base,3.0,,,
confirm,2h,True,0,6,9,21.0,20.0,False,False,3.0,3,-10.356085200194977,-8.083524119527295,0.2619047619047619,-11.041970467114114,-12.15439287803465,0.1875,-6.845291516392258,0.27463245596667085,0.07173778570919173,0.33881403544703176,24.745747593001333,0.0031460654527293653,-11.59130910141755,0.26464178915308256,0.0736664707991486,0.3352430196018608,24.335703630729597,0.0029323418471214236,,3.0,2.0,neutral,base,3.0,,,
early,2h,False,3,12,7,,,,,1.5,3,-10.436761565946526,-10.209204354884086,0.2857142857142857,-13.1809648169585,-13.008935449021687,0.20833333333333334,-7.872873248963036,0.37832681845353416,0.1096962222844339,0.4764629912723194,24.76211950306283,0.021798495709468284,-12.892731452883002,0.37361236675831844,0.11498445463163967,0.47927807832963376,24.359200834787515,0.023725456672057325,,,3.0,flip,htf,2.0,20.0,100.0,False
early,2h,True,1,12,20,,,,,1.5,5,-10.500695328467057,-9.863842023765866,0.16666666666666666,-11.745194863855923,-12.01779166198643,0.125,-9.246218940337112,0.2279953663692845,0.0530616908669124,0.25890635393758055,22.68273252716888,0.0,-12.13567160134571,0.21943382452856317,0.05544166919772612,0.25828356715163825,22.46190451928085,0.0,,,3.0,flip,base,1.0,25.0,35.0,False
early,2h,True,0,4,7,,,,,2.0,0,-10.592570454609135,-10.087015275186754,0.30952380952380953,-13.7695946773058,-16.0371234032298,0.14583333333333334,-7.849327636572445,0.3303255952426116,0.13372140954712924,0.4669421935796201,32.08750834829648,0.11360421580955803,-15.628456322253557,0.32471997512600037,0.13572772967948576,0.46708676530347615,31.31786940392669,0.11310054139047529,,,3.0,flip,,,25.0,50.0,False
confirm,2h,True,1,8,9,10.0,20.0,True,True,2.0,3,-10.724929079466868,-9.445904452279134,0.30952380952380953,-11.677242473976008,-11.481129481114545,0.2708333333333333,-6.72144127511423,0.30987413375760586,0.08034476393295067,0.3803252261677379,24.245648736116763,0.0014981555643162707,-11.204131304312767,0.2996294166825958,0.08405567159341683,0.3778981414985457,24.422914431541464,0.001643913083402521,,,6.0,flip,base,2.0,,,
early,2h,True,0,6,20,,,,,1.5,5,-10.97370141559004,-10.099300957475922,0.2619047619047619,-13.940768709921278,-14.25326831353928,0.22916666666666666,-8.455843138543417,0.29851207292265103,0.06630098673630987,0.3370386703347237,27.537095681452353,0.023798418593548785,-14.249178403176535,0.2897125663779119,0.06776508350558433,0.33408060209890933,27.289341055252436,0.025065890958099746,,,6.0,neutral,htf,3.0,20.0,100.0,True
early,4h,False,4,4,9,,,,,2.0,5,-10.993989825730424,-9.413053963357523,0.2619047619047619,-7.313789702702353,-10.040842623054628,0.3333333333333333,-7.025252054673526,0.30133165952624763,0.056553685668569914,0.3398609712946914,22.068452887183327,0.0,-9.96533256530449,0.29286700064166304,0.05744879494714373,0.3350454909116174,21.676948050912806,0.0,,,6.0,neutral,base,1.0,10.0,50.0,True
confirm,2h,True,2,12,9,5.0,20.0,False,False,3.0,5,-10.999201733046041,-10.650219872581559,0.30952380952380953,-10.66032333252022,-15.227305652237211,0.14583333333333334,-9.233159393695361,0.4105941979075023,0.18215038667300198,0.5814644007698422,27.396075753579314,0.0,-14.583609205562286,0.40199458761741697,0.18686579188931915,0.5850696351100892,27.413343737961753,0.0,,0.0,2.0,flip,base,3.0,,,
early,4h,True,4,6,7,,,,,1.5,3,-11.066821452933253,-9.899335323160752,0.30952380952380953,-12.999936577637191,-14.789919708779138,0.1875,-8.845127125152123,0.2181561785477505,0.06894299428288547,0.28862388070369305,25.284700270387884,0.0023941037455390275,-14.489479768207723,0.21029478284923925,0.07022950367367001,0.27756970590268226,25.100032805434964,0.002254980746765269,,,6.0,flip,base,3.0,20.0,35.0,True
early,6h,True,0,6,5,,,,,1.5,5,-11.316841396184891,-10.104466956203854,0.21428571428571427,-12.563711168255153,-12.7705201718018,0.125,-8.87051522584876,0.15029843343637675,0.05221495885487231,0.20727006391064584,22.51567250622217,0.0,-12.725545185366297,0.14470169999687038,0.0513172094525187,0.1980849210401148,21.90072211382183,0.0,,,3.0,flip,base,2.0,15.0,35.0,True
early,4h,False,1,12,20,,,,,2.0,3,-11.346477440355901,-9.206868245226055,0.30952380952380953,-7.678366647873992,-8.237739791617125,0.22916666666666666,-7.3115826861894115,0.20991364117371084,0.02933688389649522,0.20710315904433654,17.54297168001478,0.00850140285825884,-8.38433622859294,0.20649341695389045,0.030886944432750627,0.212110694522392,17.92448367476738,0.00862911311210304,,,3.0,neutral,base,1.0,15.0,35.0,True
confirm,4h,True,0,6,5,3.0,10.0,True,False,0.0,5,-11.361116838622475,-12.457617232306799,0.30952380952380953,-9.345567222473044,-14.820200092679398,0.3125,-9.84155472784033,0.4596623603873978,0.15608355970854149,0.6058195520303689,32.46003703470981,0.0,-14.099727460331971,0.4524181732656059,0.15982579438820826,0.6057949262580853,32.367933985469286,0.0,,3.0,,,base,1.0,,,
early,4h,False,2,12,7,,,,,1.5,8,-11.363457426840423,-9.319422605076848,0.30952380952380953,-12.909672404524782,-14.314049292309738,0.22916666666666666,-7.404208093241101,0.3241770321018834,0.09674120009222854,0.4261068253162638,26.746362279548556,0.029013181917847748,-13.947191890028288,0.3074140376947764,0.09841205394372697,0.4077545682250514,26.664950654900835,0.027660581957184807,,,6.0,flip,base,2.0,10.0,40.0,False
confirm,2h,True,0,3,5,5.0,15.0,False,False,3.0,0,-11.64066164860581,-10.528825381050874,0.40476190476190477,-12.591045688792391,-15.875955594307484,0.20833333333333334,-8.367240575940441,0.6502348512364231,0.34454816500718244,0.9945119918957167,19.702542699217794,0.278933340975564,-15.109086821236863,0.6438752155168147,0.34995478375051003,0.9934384518730495,19.410613411573525,0.2784902968611017,,0.0,6.0,neutral,,,,,
confirm,4h,True,0,3,14,3.0,25.0,True,False,0.0,0,-11.665463850379144,-13.381604609453085,0.16666666666666666,-11.40660304448915,-13.343087199681351,0.125,-12.808977109995112,0.39359001105601754,0.21432122361455164,0.5650181925234834,23.753641594958694,0.19021378332164468,-12.981539456300634,0.39062245098961706,0.2160892275487379,0.5841042617709883,24.417355892653106,0.19842779464923965,,5.0,,,,,,,
early,6h,False,0,3,14,,,,,2.0,5,-12.06641791974165,-9.622559710112276,0.38095238095238093,-6.736592431141955,-10.471348585123229,0.2708333333333333,-7.442590852636601,0.3164829943150983,0.07502255469161889,0.38032628722200756,22.578508299781404,0.0,-10.133587269021724,0.3153604021936868,0.06843620174657836,0.3686924759336163,22.252689142227986,0.0,,,3.0,flip,base,1.0,10.0,40.0,False
early,2h,True,0,3,5,,,,,0.0,13,-12.091093608757891,-9.780854554616536,0.2857142857142857,-11.809656184068341,-16.52006278572726,0.14583333333333334,-7.8469072804220055,0.26733767386586665,0.1300772960077513,0.41055714459846804,30.618940339167718,0.05085351136802955,-15.919278486932317,0.2532792259619951,0.12967121300705226,0.39290427248958487,29.724918559338334,0.049589566184057646,,,,,base,1.0,15.0,50.0,False
early,2h,False,3,6,5,,,,,1.5,13,-12.110935786883836,-10.192575362559099,0.30952380952380953,-11.173384248070022,-13.289133732628779,0.25,-8.525297500415924,0.2966075028837262,0.11459775336111083,0.41648409772339967,26.277417940508016,0.05236542048034651,-12.636560679468166,0.28513999919287314,0.11581085688199115,0.4022348098568441,25.52993958826446,0.053801211458907025,,,6.0,flip,htf,1.0,20.0,35.0,False
early,4h,False,4,6,14,,,,,3.0,5,-12.473440548217873,-11.453508641428428,0.16666666666666666,-7.490492963745883,-10.692228285793874,0.1875,-9.132095905184443,0.3239296488480077,0.0633023793941861,0.3728619496224662,21.846232558185193,0.0,-10.048638011285716,0.3254765113147873,0.06621881867581636,0.3751882787670384,21.61540648584149,0.0,,,6.0,flip,base,1.0,15.0,40.0,False
confirm,2h,False,4,4,9,3.0,10.0,False,False,0.0,0,-12.768266282036906,-11.759972821686533,0.3333333333333333,-10.908707546721823,-14.207275238833867,0.16666666666666666,-8.437790167468766,0.6186581675117462,0.3811675759826776,0.9999072795407407,18.25996377689323,0.3098033474539976,-14.29641670176192,0.613716840511878,0.38623033142585533,0.9999419542785966,17.037167381797808,0.3112022175240873,,3.0,,,,,,,
confirm,6h,True,0,8,9,10.0,20.0,False,True,0.0,3,-12.988644654905613,-11.95042060560374,0.2857142857142857,-10.258167075339957,-12.514692544051238,0.1875,-10.30633845962467,0.383720384313626,0.0698558052562073,0.4221809885547846,31.175411995047224,0.01514491459960551,-12.34156148228727,0.38374146114058927,0.07234443237386787,0.42954326217700545,31.657884326437504,0.01679541938811495,,,,,base,1.0,,,
confirm,2h,True,1,8,5,3.0,15.0,False,True,1.5,3,-13.15377276108617,-12.723878895054927,0.23809523809523808,-15.151645732165388,-16.99216806295239,0.22916666666666666,-10.715068389368401,0.3598568897256473,0.1379945812586968,0.49361690809183445,30.32814527160651,0.0008299346444717627,-16.333837928908032,0.3470792924793322,0.13986764350312086,0.4843065258731788,30.137207444376685,0.0009518614250391661,,,3.0,flip,base,2.0,,,
early,2h,True,4,8,7,,,,,3.0,5,-13.679690261517877,-10.045786649784995,0.3333333333333333,-8.951702900128087,-12.077529323407502,0.25,-7.3368537073357345,0.3502900277237626,0.11186106369143288,0.4605109577371099,25.0806395581532,0.0,-11.557559147597523,0.33984127035169986,0.11596140154156881,0.45769084987549874,24.667767147625717,0.0,,,6.0,neutral,base,1.0,25.0,50.0,False
confirm,2h,False,0,12,14,3.0,10.0,False,False,3.0,0,-13.872596839370615,-11.551908130612428,0.30952380952380953,-16.00094007448927,-15.522557359084507,0.14583333333333334,-8.45311311485701,0.6183957019302718,0.37806516596249107,0.9960150665469718,18.17872245410081,0.3066256564483979,-15.338210358380149,0.6138729068164258,0.38280941064039786,0.996332123231352,17.010347050585366,0.30745058570323713,,3.0,3.0,flip,,,,,
early,4h,False,2,4,14,,,,,2.0,5,-14.585089017573146,-12.378378751904712,0.2619047619047619,-11.569649419732851,-13.524815962523,0.3125,-9.570240322761334,0.39668842644682506,0.0921147553426806,0.47339831591755877,28.78853924855879,0.0,-13.096955950670333,0.39146009641234303,0.09319447826692402,0.4694992620470942,28.262245584251282,0.0,,,6.0,flip,base,1.0,10.0,50.0,False
confirm,6h,True,0,3,20,14.0,15.0,False,True,2.0,3,-15.126618949164959,-13.50017836389624,0.19047619047619047,-11.584789209106031,-12.021753662157264,0.20833333333333334,-11.772964190706562,0.3527476840512761,0.0633416664764859,0.3742289904521542,29.419194292051753,0.016177494567291173,-12.046841051858701,0.3551681708725677,0.06324405420803612,0.3863259987533474,29.944428159703833,0.017181995042338714,,,2.0,neutral,base,1.0,,,
confirm,6h,True,4,6,9,21.0,25.0,False,False,3.0,3,-15.473313025164707,-13.648536260212003,0.21428571428571427,-13.528616076226985,-14.090388321584319,0.22916666666666666,-11.560172883483665,0.3997488104668391,0.07975742662118357,0.4519254067971043,30.779568989019694,0.023306506261466076,-13.652264768501292,0.39977123877067267,0.08329992920525116,0.46037971620358886,31.383495039845926,0.023902316666254357,,0.0,3.0,neutral,base,1.0,,,
confirm,2h,True,1,12,7,3.0,20.0,False,False,1.5,0,-15.850496225446474,-17.140572186606683,0.16666666666666666,-20.168738550167653,-22.230169938274443,0.14583333333333334,-15.06259612428387,0.6048942411965795,0.3591617843239186,0.9602044404459364,24.39829277475912,0.25406768999830376,-21.780225362768526,0.5959504795716659,0.3639342345505232,0.9595947288257896,24.205803316110746,0.2520371600523837,,1.0,6.0,neutral,,,,,
confirm,6h,True,2,8,7,3.0,15.0,False,False,3.0,3,-21.552180786737274,-17.948351628530556,0.23809523809523808,-16.986877723512407,-21.87616050211525,0.14583333333333334,-14.96083473887883,0.4431564663315788,0.17249014214996655,0.6103032630666791,40.098024251012944,0.005239368256510212,-21.029952906466534,0.4343427507214904,0.1742208417298978,0.6053323313739245,40.1316599405638,0.006131227084311899,,3.0,2.0,flip,base,1.0,,,
